Running config of JTIMON:
 {
    "port": 32767,
    "host": "192.168.3.241",
    "user": "lab",
    "password": "lab123",
    "cid": "cid",
    "meta": false,
    "eos": false,
    "grpc": {
        "ws": 1048576,
        "tunnel-server": {
            "address": "",
            "dial-target": "",
            "dial-target-type": "",
            "tls": {
                "clientcrt": "",
                "clientkey": "",
                "ca": "",
                "servername": "",
                "insecure": false
            }
        }
    },
    "tls": {
        "clientcrt": "",
        "clientkey": "",
        "ca": "",
        "servername": "",
        "insecure": false
    },
    "influx": {
        "server": "",
        "port": 0,
        "dbname": "",
        "user": "",
        "password": "",
        "recreate": false,
        "measurement": "",
        "batchsize": 102400,
        "batchfrequency": 2000,
        "http-timeout": 30,
        "retention-policy": "",
        "accumulator-frequency": 2000,
        "write-per-measurement": false
    },
    "kafka": null,
    "paths": [
        {
            "path": "/network-instances/network-instance/protocols/protocol/bgp/neighbors/neighbor",
            "freq": 5000,
            "mode": "",
            "origin": ""
        }
    ],
    "log": {
        "file": "test_MX204.log",
        "periodic-stats": 0,
        "verbose": false
    },
    "vendor": {
        "name": "",
        "remove-namespace": false,
        "schema": null,
        "gnmi": null
    },
    "alias": "",
    "password-decoder": "",
    "enable-uint": false
}
invoking getInfluxClient for init
invoking getInfluxClient
New alias creation failed for 192.168.3.241, err: open : no such file or directory
compression = none
Connecting to 192.168.3.241:32767
Calling subscribe() ::: test_MX204_1.json
gRPC headers from host 192.168.3.241:32767
  grpc-accept-encoding: [identity,deflate,gzip]
  accept-encoding: [identity,gzip]
  init-response: [response { subscription_id: 3 } path_list { path: "/network-instances/network-instance/protocols/protocol/bgp/neighbors/neighbor/" sample_frequency: 5000 } ]
  content-type: [application/grpc]
Receiving telemetry data from 192.168.3.241:32767
system_id: SGP001IGR04
component_id: 65535
sub_component_id: 0
path: sensor_1004:/network-instances/network-instance/protocols/protocol/bgp/neighbors/neighbor/:/network-instances/network-instance/protocols/protocol/bgp/neighbors/neighbor/:rpd
sequence_number: 0
timestamp: 1695289069640
sync_response: false
  key: __timestamp__
  uint_value: 1695289069641
  key: __junos_re_stream_creation_timestamp__
  uint_value: 1695289069611
  key: __junos_re_payload_get_timestamp__
  uint_value: 1695289069611
  key: __prefix__
  str_value: /network-instances/network-instance[name='master']/protocols/protocol/bgp/neighbors/neighbor[neighbor-address='27.111.228.1']/
  key: snmp-peer-index
  uint_value: 172
  key: state/peer-as
  uint_value: 42
  key: state/local-as
  uint_value: 45903
  key: state/peer-type
  str_value: EXTERNAL
  key: state/auth-password
  str_value: (null)
  key: state/route-flap-damping
  bool_value: false
  key: state/description
  str_value: Peer-PCH-AS42
  key: state/session-state
  str_value: IDLE
  key: state/last-established
  uint_value: 1694967381
  key: state/established-transitions
  uint_value: 0
  key: state/messages/sent/UPDATE
  uint_value: 0
  key: state/messages/sent/NOTIFICATION
  uint_value: 0
  key: state/messages/sent/last-notification-time
  uint_value: 0
  key: state/messages/sent/last-notification-error-subcode
  str_value: UNSPECIFIC
  key: state/messages/received/UPDATE
  uint_value: 0
  key: state/messages/received/NOTIFICATION
  uint_value: 0
  key: state/messages/received/last-notification-time
  uint_value: 0
  key: state/messages/received/last-notification-error-code
  str_value: NONE
  key: state/messages/received/last-notification-error-subcode
  str_value: UNSPECIFIC
  key: state/queues/input
  uint_value: 0
  key: state/queues/output
  uint_value: 0
  key: state/dynamically-configured
  bool_value: false
  key: state/session-status
  str_value: HALTED
  key: state/session-admin-status
  str_value: STOP
  key: state/interface-error
  bool_value: true
  key: state/import-eval-pending
  bool_value: false
  key: state/import-eval
  bool_value: false
  key: state/peer-group
  str_value: Equinix
  key: state/neighbor-address
  str_value: 27.111.228.1
  key: state/enabled
  bool_value: true
  key: timers/state/connect-retry
  str_value: 0.00
  key: timers/state/hold-time
  str_value: 90.00
  key: timers/state/keepalive-interval
  str_value: 30.00
  key: timers/state/minimum-advertisement-interval
  str_value: 0.00
  key: timers/state/negotiated-hold-time
  str_value: 0.00
  key: transport/state/tcp-mss
  uint_value: 0
  key: transport/state/mtu-discovery
  bool_value: false
  key: transport/state/passive-mode
  bool_value: false
  key: transport/state/local-address
  str_value: 27.111.228.152
  key: transport/state/local-port
  uint_value: 0
  key: transport/state/remote-address
  str_value: 27.111.228.1
  key: transport/state/remote-port
  uint_value: 0
  key: error-handling/state/treat-as-withdraw
  bool_value: true
  key: error-handling/state/erroneous-update-messages
  uint_value: 0
  key: logging-options/state/log-neighbor-state-changes
  bool_value: false
  key: ebgp-multihop/state/enabled
  bool_value: false
  key: ebgp-multihop/state/multihop-ttl
  uint_value: 0
  key: route-reflector/state/route-reflector-cluster-id
  str_value: zero-len
  key: route-reflector/state/route-reflector-client
  bool_value: false
  key: as-path-options/state/allow-own-as
  uint_value: 0
  key: as-path-options/state/replace-peer-as
  bool_value: false
  key: as-path-options/state/disable-peer-as-filter
  bool_value: false
  key: use-multiple-paths/state/enabled
  bool_value: false
  key: use-multiple-paths/ebgp/state/allow-multiple-as
  bool_value: false
  key: graceful-restart/state/enabled
  bool_value: false
  key: graceful-restart/state/restart-time
  uint_value: 120
  key: graceful-restart/state/stale-routes-time
  str_value: 300.00
  key: graceful-restart/state/helper-only
  bool_value: true
  key: graceful-restart/state/peer-restarting
  bool_value: false
  key: graceful-restart/state/local-restarting
  bool_value: false
  key: graceful-restart/state/mode
  str_value: HELPER_ONLY
  key: apply-policy/state/import-policy
  leaf_list_value: element:<leaflist_str_value:"RX-FROM-EQUINIX" > 
  key: apply-policy/state/export-policy
  leaf_list_value: element:<leaflist_str_value:"ADV-TO-EQUINIX" > 
  key: __prefix__
  str_value: /network-instances/network-instance[name='master']/protocols/protocol/bgp/neighbors/neighbor[neighbor-address='27.111.228.2']/
  key: snmp-peer-index
  uint_value: 173
  key: state/peer-as
  uint_value: 3856
  key: state/local-as
  uint_value: 45903
  key: state/peer-type
  str_value: EXTERNAL
  key: state/auth-password
  str_value: (null)
  key: state/route-flap-damping
  bool_value: false
  key: state/description
  str_value: Peer-PCH-AS3856
  key: state/session-state
  str_value: IDLE
  key: state/last-established
  uint_value: 1694967381
  key: state/established-transitions
  uint_value: 0
  key: state/messages/sent/UPDATE
  uint_value: 0
  key: state/messages/sent/NOTIFICATION
  uint_value: 0
  key: state/messages/sent/last-notification-time
  uint_value: 0
  key: state/messages/sent/last-notification-error-subcode
  str_value: UNSPECIFIC
  key: state/messages/received/UPDATE
  uint_value: 0
  key: state/messages/received/NOTIFICATION
  uint_value: 0
  key: state/messages/received/last-notification-time
  uint_value: 0
  key: state/messages/received/last-notification-error-code
  str_value: NONE
  key: state/messages/received/last-notification-error-subcode
  str_value: UNSPECIFIC
  key: state/queues/input
  uint_value: 0
  key: state/queues/output
  uint_value: 0
  key: state/dynamically-configured
  bool_value: false
  key: state/session-status
  str_value: HALTED
  key: state/session-admin-status
  str_value: STOP
  key: state/interface-error
  bool_value: true
  key: state/import-eval-pending
  bool_value: false
  key: state/import-eval
  bool_value: false
  key: state/peer-group
  str_value: Equinix
  key: state/neighbor-address
  str_value: 27.111.228.2
  key: state/enabled
  bool_value: true
  key: timers/state/connect-retry
  str_value: 0.00
  key: timers/state/hold-time
  str_value: 90.00
  key: timers/state/keepalive-interval
  str_value: 30.00
  key: timers/state/minimum-advertisement-interval
  str_value: 0.00
  key: timers/state/negotiated-hold-time
  str_value: 0.00
  key: transport/state/tcp-mss
  uint_value: 0
  key: transport/state/mtu-discovery
  bool_value: false
  key: transport/state/passive-mode
  bool_value: false
  key: transport/state/local-address
  str_value: 27.111.228.152
  key: transport/state/local-port
  uint_value: 0
  key: transport/state/remote-address
  str_value: 27.111.228.2
  key: transport/state/remote-port
  uint_value: 0
  key: error-handling/state/treat-as-withdraw
  bool_value: true
  key: error-handling/state/erroneous-update-messages
  uint_value: 0
  key: logging-options/state/log-neighbor-state-changes
  bool_value: false
  key: ebgp-multihop/state/enabled
  bool_value: false
  key: ebgp-multihop/state/multihop-ttl
  uint_value: 0
  key: route-reflector/state/route-reflector-cluster-id
  str_value: zero-len
  key: route-reflector/state/route-reflector-client
  bool_value: false
  key: as-path-options/state/allow-own-as
  uint_value: 0
  key: as-path-options/state/replace-peer-as
  bool_value: false
  key: as-path-options/state/disable-peer-as-filter
  bool_value: false
  key: use-multiple-paths/state/enabled
  bool_value: false
  key: use-multiple-paths/ebgp/state/allow-multiple-as
  bool_value: false
  key: graceful-restart/state/enabled
  bool_value: false
  key: graceful-restart/state/restart-time
  uint_value: 120
  key: graceful-restart/state/stale-routes-time
  str_value: 300.00
  key: graceful-restart/state/helper-only
  bool_value: true
  key: graceful-restart/state/peer-restarting
  bool_value: false
  key: graceful-restart/state/local-restarting
  bool_value: false
  key: graceful-restart/state/mode
  str_value: HELPER_ONLY
  key: apply-policy/state/import-policy
  leaf_list_value: element:<leaflist_str_value:"RX-FROM-EQUINIX" > 
  key: apply-policy/state/export-policy
  leaf_list_value: element:<leaflist_str_value:"ADV-TO-EQUINIX" > 
  key: __prefix__
  str_value: /network-instances/network-instance[name='master']/protocols/protocol/bgp/neighbors/neighbor[neighbor-address='27.111.228.6']/
  key: snmp-peer-index
  uint_value: 199
  key: state/peer-as
  uint_value: 18106
  key: state/local-as
  uint_value: 45903
  key: state/peer-type
  str_value: EXTERNAL
  key: state/auth-password
  str_value: (null)
  key: state/route-flap-damping
  bool_value: false
  key: state/description
  str_value: Peering ViewQwest
  key: state/session-state
  str_value: IDLE
  key: state/last-established
  uint_value: 1694967381
  key: state/established-transitions
  uint_value: 0
  key: state/messages/sent/UPDATE
  uint_value: 0
  key: state/messages/sent/NOTIFICATION
  uint_value: 0
  key: state/messages/sent/last-notification-time
  uint_value: 0
  key: state/messages/sent/last-notification-error-subcode
  str_value: UNSPECIFIC
  key: state/messages/received/UPDATE
  uint_value: 0
  key: state/messages/received/NOTIFICATION
  uint_value: 0
  key: state/messages/received/last-notification-time
  uint_value: 0
  key: state/messages/received/last-notification-error-code
  str_value: NONE
  key: state/messages/received/last-notification-error-subcode
  str_value: UNSPECIFIC
  key: state/queues/input
  uint_value: 0
  key: state/queues/output
  uint_value: 0
  key: state/dynamically-configured
  bool_value: false
  key: state/session-status
  str_value: HALTED
  key: state/session-admin-status
  str_value: STOP
  key: state/interface-error
  bool_value: true
  key: state/import-eval-pending
  bool_value: false
  key: state/import-eval
  bool_value: false
  key: state/peer-group
  str_value: Equinix
  key: state/neighbor-address
  str_value: 27.111.228.6
  key: state/enabled
  bool_value: true
  key: timers/state/connect-retry
  str_value: 0.00
  key: timers/state/hold-time
  str_value: 90.00
  key: timers/state/keepalive-interval
  str_value: 30.00
  key: timers/state/minimum-advertisement-interval
  str_value: 0.00
  key: timers/state/negotiated-hold-time
  str_value: 0.00
  key: transport/state/tcp-mss
  uint_value: 0
  key: transport/state/mtu-discovery
  bool_value: false
  key: transport/state/passive-mode
  bool_value: false
  key: transport/state/local-address
  str_value: 27.111.228.152
  key: transport/state/local-port
  uint_value: 0
  key: transport/state/remote-address
  str_value: 27.111.228.6
  key: transport/state/remote-port
  uint_value: 0
  key: error-handling/state/treat-as-withdraw
  bool_value: true
  key: error-handling/state/erroneous-update-messages
  uint_value: 0
  key: logging-options/state/log-neighbor-state-changes
  bool_value: false
  key: ebgp-multihop/state/enabled
  bool_value: false
  key: ebgp-multihop/state/multihop-ttl
  uint_value: 0
  key: route-reflector/state/route-reflector-cluster-id
  str_value: zero-len
  key: route-reflector/state/route-reflector-client
  bool_value: false
  key: as-path-options/state/allow-own-as
  uint_value: 0
  key: as-path-options/state/replace-peer-as
  bool_value: false
  key: as-path-options/state/disable-peer-as-filter
  bool_value: false
  key: use-multiple-paths/state/enabled
  bool_value: false
  key: use-multiple-paths/ebgp/state/allow-multiple-as
  bool_value: false
  key: graceful-restart/state/enabled
  bool_value: false
  key: graceful-restart/state/restart-time
  uint_value: 120
  key: graceful-restart/state/stale-routes-time
  str_value: 300.00
  key: graceful-restart/state/helper-only
  bool_value: true
  key: graceful-restart/state/peer-restarting
  bool_value: false
  key: graceful-restart/state/local-restarting
  bool_value: false
  key: graceful-restart/state/mode
  str_value: HELPER_ONLY
  key: apply-policy/state/import-policy
  leaf_list_value: element:<leaflist_str_value:"RX-FROM-EQUINIX" > 
  key: apply-policy/state/export-policy
  leaf_list_value: element:<leaflist_str_value:"ADV-TO-EQUINIX" > 
  key: __prefix__
  str_value: /network-instances/network-instance[name='master']/protocols/protocol/bgp/neighbors/neighbor[neighbor-address='27.111.228.23']/
  key: snmp-peer-index
  uint_value: 193
  key: state/peer-as
  uint_value: 22822
  key: state/local-as
  uint_value: 45903
  key: state/peer-type
  str_value: EXTERNAL
  key: state/auth-password
  str_value: (null)
  key: state/route-flap-damping
  bool_value: false
  key: state/description
  str_value: Peering Limelight2 via Equinix
  key: state/session-state
  str_value: IDLE
  key: state/last-established
  uint_value: 1694967381
  key: state/established-transitions
  uint_value: 0
  key: state/messages/sent/UPDATE
  uint_value: 0
  key: state/messages/sent/NOTIFICATION
  uint_value: 0
  key: state/messages/sent/last-notification-time
  uint_value: 0
  key: state/messages/sent/last-notification-error-subcode
  str_value: UNSPECIFIC
  key: state/messages/received/UPDATE
  uint_value: 0
  key: state/messages/received/NOTIFICATION
  uint_value: 0
  key: state/messages/received/last-notification-time
  uint_value: 0
  key: state/messages/received/last-notification-error-code
  str_value: NONE
  key: state/messages/received/last-notification-error-subcode
  str_value: UNSPECIFIC
  key: state/queues/input
  uint_value: 0
  key: state/queues/output
  uint_value: 0
  key: state/dynamically-configured
  bool_value: false
  key: state/session-status
  str_value: HALTED
  key: state/session-admin-status
  str_value: STOP
  key: state/interface-error
  bool_value: true
  key: state/import-eval-pending
  bool_value: false
  key: state/import-eval
  bool_value: false
  key: state/peer-group
  str_value: Equinix
  key: state/neighbor-address
  str_value: 27.111.228.23
  key: state/enabled
  bool_value: true
  key: timers/state/connect-retry
  str_value: 0.00
  key: timers/state/hold-time
  str_value: 90.00
  key: timers/state/keepalive-interval
  str_value: 30.00
  key: timers/state/minimum-advertisement-interval
  str_value: 0.00
  key: timers/state/negotiated-hold-time
  str_value: 0.00
  key: transport/state/tcp-mss
  uint_value: 0
  key: transport/state/mtu-discovery
  bool_value: false
  key: transport/state/passive-mode
  bool_value: false
  key: transport/state/local-address
  str_value: 27.111.228.152
  key: transport/state/local-port
  uint_value: 0
  key: transport/state/remote-address
  str_value: 27.111.228.23
  key: transport/state/remote-port
  uint_value: 0
  key: error-handling/state/treat-as-withdraw
  bool_value: true
  key: error-handling/state/erroneous-update-messages
  uint_value: 0
  key: logging-options/state/log-neighbor-state-changes
  bool_value: false
  key: ebgp-multihop/state/enabled
  bool_value: false
  key: ebgp-multihop/state/multihop-ttl
  uint_value: 0
  key: route-reflector/state/route-reflector-cluster-id
  str_value: zero-len
  key: route-reflector/state/route-reflector-client
  bool_value: false
  key: as-path-options/state/allow-own-as
  uint_value: 0
  key: as-path-options/state/replace-peer-as
  bool_value: false
  key: as-path-options/state/disable-peer-as-filter
  bool_value: false
  key: use-multiple-paths/state/enabled
  bool_value: false
  key: use-multiple-paths/ebgp/state/allow-multiple-as
  bool_value: false
  key: graceful-restart/state/enabled
  bool_value: false
  key: graceful-restart/state/restart-time
  uint_value: 120
  key: graceful-restart/state/stale-routes-time
  str_value: 300.00
  key: graceful-restart/state/helper-only
  bool_value: true
  key: graceful-restart/state/peer-restarting
  bool_value: false
  key: graceful-restart/state/local-restarting
  bool_value: false
  key: graceful-restart/state/mode
  str_value: HELPER_ONLY
  key: apply-policy/state/import-policy
  leaf_list_value: element:<leaflist_str_value:"RX-FROM-LimeLight" > 
  key: apply-policy/state/export-policy
  leaf_list_value: element:<leaflist_str_value:"ADV-TO-EQUINIX" > 
  key: __prefix__
  str_value: /network-instances/network-instance[name='master']/protocols/protocol/bgp/neighbors/neighbor[neighbor-address='27.111.228.24']/
  key: snmp-peer-index
  uint_value: 254
  key: state/peer-as
  uint_value: 703
  key: state/local-as
  uint_value: 45903
  key: state/peer-type
  str_value: EXTERNAL
  key: state/auth-password
  str_value: (null)
  key: state/route-flap-damping
  bool_value: false
  key: state/description
  str_value: Peering Verizon AS703 via Equinix
  key: state/session-state
  str_value: IDLE
  key: state/last-established
  uint_value: 1694967381
  key: state/established-transitions
  uint_value: 0
  key: state/messages/sent/UPDATE
  uint_value: 0
  key: state/messages/sent/NOTIFICATION
  uint_value: 0
  key: state/messages/sent/last-notification-time
  uint_value: 0
  key: state/messages/sent/last-notification-error-subcode
  str_value: UNSPECIFIC
  key: state/messages/received/UPDATE
  uint_value: 0
  key: state/messages/received/NOTIFICATION
  uint_value: 0
  key: state/messages/received/last-notification-time
  uint_value: 0
  key: state/messages/received/last-notification-error-code
  str_value: NONE
  key: state/messages/received/last-notification-error-subcode
  str_value: UNSPECIFIC
  key: state/queues/input
  uint_value: 0
  key: state/queues/output
  uint_value: 0
  key: state/dynamically-configured
  bool_value: false
  key: state/session-status
  str_value: HALTED
  key: state/session-admin-status
  str_value: STOP
  key: state/interface-error
  bool_value: true
  key: state/import-eval-pending
  bool_value: false
  key: state/import-eval
  bool_value: false
  key: state/peer-group
  str_value: Equinix
  key: state/neighbor-address
  str_value: 27.111.228.24
  key: state/enabled
  bool_value: true
  key: timers/state/connect-retry
  str_value: 0.00
  key: timers/state/hold-time
  str_value: 90.00
  key: timers/state/keepalive-interval
  str_value: 30.00
  key: timers/state/minimum-advertisement-interval
  str_value: 0.00
  key: timers/state/negotiated-hold-time
  str_value: 0.00
  key: transport/state/tcp-mss
  uint_value: 0
  key: transport/state/mtu-discovery
  bool_value: false
  key: transport/state/passive-mode
  bool_value: false
  key: transport/state/local-address
  str_value: 27.111.228.152
  key: transport/state/local-port
  uint_value: 0
  key: transport/state/remote-address
  str_value: 27.111.228.24
  key: transport/state/remote-port
  uint_value: 0
  key: error-handling/state/treat-as-withdraw
  bool_value: true
  key: error-handling/state/erroneous-update-messages
  uint_value: 0
  key: logging-options/state/log-neighbor-state-changes
  bool_value: false
  key: ebgp-multihop/state/enabled
  bool_value: false
  key: ebgp-multihop/state/multihop-ttl
  uint_value: 0
  key: route-reflector/state/route-reflector-cluster-id
  str_value: zero-len
  key: route-reflector/state/route-reflector-client
  bool_value: false
  key: as-path-options/state/allow-own-as
  uint_value: 0
  key: as-path-options/state/replace-peer-as
  bool_value: false
  key: as-path-options/state/disable-peer-as-filter
  bool_value: false
  key: use-multiple-paths/state/enabled
  bool_value: false
  key: use-multiple-paths/ebgp/state/allow-multiple-as
  bool_value: false
  key: __prefix__
  str_value: /network-instances/network-instance[name='master']/protocols/protocol/bgp/neighbors/neighbor[neighbor-address='27.111.228.24']/afi-safis/afi-safi[afi-safi-name='IPV4_UNICAST']/
  key: graceful-restart/state/enabled
  bool_value: true
  key: graceful-restart/state/received
  bool_value: false
  key: graceful-restart/state/advertised
  bool_value: false
  key: state/afi-safi-name
  str_value: IPV4_UNICAST
  key: state/enabled
  bool_value: true
  key: state/active
  bool_value: false
  key: state/prefixes/received
  uint_value: 0
  key: state/prefixes/sent
  uint_value: 0
  key: state/prefixes/installed
  uint_value: 0
  key: state/prefixes/accepted
  uint_value: 0
  key: state/prefix-limit-exceeded
  bool_value: false
  key: state/queues/input
  uint_value: 0
  key: state/queues/output
  uint_value: 0
  key: add-paths/state/receive
  bool_value: false
  key: add-paths/state/send
  bool_value: false
  key: add-paths/state/eligible-prefix-policy
  str_value: 
  key: ipv4-unicast/prefix-limit/state/max-prefixes
  uint_value: 0
  key: ipv4-unicast/prefix-limit/state/prevent-teardown
  bool_value: true
  key: ipv4-unicast/prefix-limit/state/shutdown-threshold-pct
  uint_value: 0
  key: ipv4-unicast/prefix-limit/state/restart-timer
  str_value: 0.00
  key: __prefix__
  str_value: /network-instances/network-instance[name='master']/protocols/protocol/bgp/neighbors/neighbor[neighbor-address='27.111.228.24']/
  key: graceful-restart/state/enabled
  bool_value: false
  key: graceful-restart/state/restart-time
  uint_value: 120
  key: graceful-restart/state/stale-routes-time
  str_value: 300.00
  key: graceful-restart/state/helper-only
  bool_value: true
  key: graceful-restart/state/peer-restarting
  bool_value: false
  key: graceful-restart/state/local-restarting
  bool_value: false
  key: graceful-restart/state/mode
  str_value: HELPER_ONLY
  key: apply-policy/state/import-policy
  leaf_list_value: element:<leaflist_str_value:"RX-FROM-EQUINIX" > 
  key: apply-policy/state/export-policy
  leaf_list_value: element:<leaflist_str_value:"ADV-TO-EQUINIX" > 
  key: __prefix__
  str_value: /network-instances/network-instance[name='master']/protocols/protocol/bgp/neighbors/neighbor[neighbor-address='27.111.228.26']/
  key: snmp-peer-index
  uint_value: 180
  key: state/peer-as
  uint_value: 4844
  key: state/local-as
  uint_value: 45903
  key: state/peer-type
  str_value: EXTERNAL
  key: state/auth-password
  str_value: (null)
  key: state/route-flap-damping
  bool_value: false
  key: state/description
  str_value: Peering SuperInternet via Equinix
  key: state/session-state
  str_value: IDLE
  key: state/last-established
  uint_value: 1694967381
  key: state/established-transitions
  uint_value: 0
  key: state/messages/sent/UPDATE
  uint_value: 0
  key: state/messages/sent/NOTIFICATION
  uint_value: 0
  key: state/messages/sent/last-notification-time
  uint_value: 0
  key: state/messages/sent/last-notification-error-subcode
  str_value: UNSPECIFIC
  key: state/messages/received/UPDATE
  uint_value: 0
  key: state/messages/received/NOTIFICATION
  uint_value: 0
  key: state/messages/received/last-notification-time
  uint_value: 0
  key: state/messages/received/last-notification-error-code
  str_value: NONE
  key: state/messages/received/last-notification-error-subcode
  str_value: UNSPECIFIC
  key: state/queues/input
  uint_value: 0
  key: state/queues/output
  uint_value: 0
  key: state/dynamically-configured
  bool_value: false
  key: state/session-status
  str_value: HALTED
  key: state/session-admin-status
  str_value: STOP
  key: state/interface-error
  bool_value: true
  key: state/import-eval-pending
  bool_value: false
  key: state/import-eval
  bool_value: false
  key: state/peer-group
  str_value: Equinix
  key: state/neighbor-address
  str_value: 27.111.228.26
  key: state/enabled
  bool_value: true
  key: timers/state/connect-retry
  str_value: 0.00
  key: timers/state/hold-time
  str_value: 90.00
  key: timers/state/keepalive-interval
  str_value: 30.00
  key: timers/state/minimum-advertisement-interval
  str_value: 0.00
  key: timers/state/negotiated-hold-time
  str_value: 0.00
  key: transport/state/tcp-mss
  uint_value: 0
  key: transport/state/mtu-discovery
  bool_value: false
  key: transport/state/passive-mode
  bool_value: false
  key: transport/state/local-address
  str_value: 27.111.228.152
  key: transport/state/local-port
  uint_value: 0
  key: transport/state/remote-address
  str_value: 27.111.228.26
  key: transport/state/remote-port
  uint_value: 0
  key: error-handling/state/treat-as-withdraw
  bool_value: true
  key: error-handling/state/erroneous-update-messages
  uint_value: 0
  key: logging-options/state/log-neighbor-state-changes
  bool_value: false
  key: ebgp-multihop/state/enabled
  bool_value: false
  key: ebgp-multihop/state/multihop-ttl
  uint_value: 0
  key: route-reflector/state/route-reflector-cluster-id
  str_value: zero-len
  key: route-reflector/state/route-reflector-client
  bool_value: false
  key: as-path-options/state/allow-own-as
  uint_value: 0
  key: as-path-options/state/replace-peer-as
  bool_value: false
  key: as-path-options/state/disable-peer-as-filter
  bool_value: false
  key: use-multiple-paths/state/enabled
  bool_value: false
  key: use-multiple-paths/ebgp/state/allow-multiple-as
  bool_value: false
  key: graceful-restart/state/enabled
  bool_value: false
  key: graceful-restart/state/restart-time
  uint_value: 120
  key: graceful-restart/state/stale-routes-time
  str_value: 300.00
  key: graceful-restart/state/helper-only
  bool_value: true
  key: graceful-restart/state/peer-restarting
  bool_value: false
  key: graceful-restart/state/local-restarting
  bool_value: false
  key: graceful-restart/state/mode
  str_value: HELPER_ONLY
  key: apply-policy/state/import-policy
  leaf_list_value: element:<leaflist_str_value:"RX-FROM-EQUINIX" > 
  key: apply-policy/state/export-policy
  leaf_list_value: element:<leaflist_str_value:"ADV-TO-EQUINIX" > 
  key: __prefix__
  str_value: /network-instances/network-instance[name='master']/protocols/protocol/bgp/neighbors/neighbor[neighbor-address='27.111.228.34']/
  key: snmp-peer-index
  uint_value: 266
  key: state/peer-as
  uint_value: 54113
  key: state/local-as
  uint_value: 45903
  key: state/peer-type
  str_value: EXTERNAL
  key: state/auth-password
  str_value: (null)
  key: state/remove-private-as
  str_value: PRIVATE_AS_REMOVE_ALL
  key: state/route-flap-damping
  bool_value: false
  key: state/description
  str_value: PEERING FASTLY link 1
  key: state/session-state
  str_value: IDLE
  key: state/last-established
  uint_value: 1694967381
  key: state/established-transitions
  uint_value: 0
  key: state/messages/sent/UPDATE
  uint_value: 0
  key: state/messages/sent/NOTIFICATION
  uint_value: 0
  key: state/messages/sent/last-notification-time
  uint_value: 0
  key: state/messages/sent/last-notification-error-subcode
  str_value: UNSPECIFIC
  key: state/messages/received/UPDATE
  uint_value: 0
  key: state/messages/received/NOTIFICATION
  uint_value: 0
  key: state/messages/received/last-notification-time
  uint_value: 0
  key: state/messages/received/last-notification-error-code
  str_value: NONE
  key: state/messages/received/last-notification-error-subcode
  str_value: UNSPECIFIC
  key: state/queues/input
  uint_value: 0
  key: state/queues/output
  uint_value: 0
  key: state/dynamically-configured
  bool_value: false
  key: state/session-status
  str_value: HALTED
  key: state/session-admin-status
  str_value: STOP
  key: state/interface-error
  bool_value: true
  key: state/import-eval-pending
  bool_value: false
  key: state/import-eval
  bool_value: false
  key: state/peer-group
  str_value: Equinix
  key: state/neighbor-address
  str_value: 27.111.228.34
  key: state/enabled
  bool_value: true
  key: timers/state/connect-retry
  str_value: 0.00
  key: timers/state/hold-time
  str_value: 90.00
  key: timers/state/keepalive-interval
  str_value: 30.00
  key: timers/state/minimum-advertisement-interval
  str_value: 0.00
  key: timers/state/negotiated-hold-time
  str_value: 0.00
  key: transport/state/tcp-mss
  uint_value: 0
  key: transport/state/mtu-discovery
  bool_value: false
  key: transport/state/passive-mode
  bool_value: false
  key: transport/state/local-address
  str_value: 27.111.228.152
  key: transport/state/local-port
  uint_value: 0
  key: transport/state/remote-address
  str_value: 27.111.228.34
  key: transport/state/remote-port
  uint_value: 0
  key: error-handling/state/treat-as-withdraw
  bool_value: true
  key: error-handling/state/erroneous-update-messages
  uint_value: 0
  key: logging-options/state/log-neighbor-state-changes
  bool_value: false
  key: ebgp-multihop/state/enabled
  bool_value: false
  key: ebgp-multihop/state/multihop-ttl
  uint_value: 0
  key: route-reflector/state/route-reflector-cluster-id
  str_value: zero-len
  key: route-reflector/state/route-reflector-client
  bool_value: false
  key: as-path-options/state/allow-own-as
  uint_value: 0
  key: as-path-options/state/replace-peer-as
  bool_value: false
  key: as-path-options/state/disable-peer-as-filter
  bool_value: false
  key: use-multiple-paths/state/enabled
  bool_value: false
  key: use-multiple-paths/ebgp/state/allow-multiple-as
  bool_value: false
  key: graceful-restart/state/enabled
  bool_value: false
  key: graceful-restart/state/restart-time
  uint_value: 120
  key: graceful-restart/state/stale-routes-time
  str_value: 300.00
  key: graceful-restart/state/helper-only
  bool_value: true
  key: graceful-restart/state/peer-restarting
  bool_value: false
  key: graceful-restart/state/local-restarting
  bool_value: false
  key: graceful-restart/state/mode
  str_value: HELPER_ONLY
system_id: SGP001IGR04
component_id: 65535
sub_component_id: 0
path: sensor_1004:/network-instances/network-instance/protocols/protocol/bgp/neighbors/neighbor/:/network-instances/network-instance/protocols/protocol/bgp/neighbors/neighbor/:rpd
sequence_number: 1
timestamp: 1695289069768
sync_response: false
  key: __timestamp__
  uint_value: 1695289069769
  key: __junos_re_stream_creation_timestamp__
  uint_value: 1695289069611
  key: __junos_re_payload_get_timestamp__
  uint_value: 1695289069740
  key: apply-policy/state/import-policy
  leaf_list_value: element:<leaflist_str_value:"RX-FROM-FASTLY" > 
  key: __prefix__
  str_value: /network-instances/network-instance[name='master']/protocols/protocol/bgp/neighbors/neighbor[neighbor-address='27.111.228.34']/
  key: apply-policy/state/export-policy
  leaf_list_value: element:<leaflist_str_value:"ADV-TO-EQUINIX" > 
  key: __prefix__
  str_value: /network-instances/network-instance[name='master']/protocols/protocol/bgp/neighbors/neighbor[neighbor-address='27.111.228.35']/
  key: snmp-peer-index
  uint_value: 229
  key: state/peer-as
  uint_value: 23947
  key: state/local-as
  uint_value: 45903
  key: state/peer-type
  str_value: EXTERNAL
  key: state/auth-password
  str_value: (null)
  key: state/route-flap-damping
  bool_value: false
  key: state/description
  str_value: Peering Moratelindo via Equinix
  key: state/session-state
  str_value: IDLE
  key: state/last-established
  uint_value: 1694967381
  key: state/established-transitions
  uint_value: 0
  key: state/messages/sent/UPDATE
  uint_value: 0
  key: state/messages/sent/NOTIFICATION
  uint_value: 0
  key: state/messages/sent/last-notification-time
  uint_value: 0
  key: state/messages/sent/last-notification-error-subcode
  str_value: UNSPECIFIC
  key: state/messages/received/UPDATE
  uint_value: 0
  key: state/messages/received/NOTIFICATION
  uint_value: 0
  key: state/messages/received/last-notification-time
  uint_value: 0
  key: state/messages/received/last-notification-error-code
  str_value: NONE
  key: state/messages/received/last-notification-error-subcode
  str_value: UNSPECIFIC
  key: state/queues/input
  uint_value: 0
  key: state/queues/output
  uint_value: 0
  key: state/dynamically-configured
  bool_value: false
  key: state/session-status
  str_value: HALTED
  key: state/session-admin-status
  str_value: STOP
  key: state/interface-error
  bool_value: true
  key: state/import-eval-pending
  bool_value: false
  key: state/import-eval
  bool_value: false
  key: state/peer-group
  str_value: Equinix
  key: state/neighbor-address
  str_value: 27.111.228.35
  key: state/enabled
  bool_value: true
  key: timers/state/connect-retry
  str_value: 0.00
  key: timers/state/hold-time
  str_value: 90.00
  key: timers/state/keepalive-interval
  str_value: 30.00
  key: timers/state/minimum-advertisement-interval
  str_value: 0.00
  key: timers/state/negotiated-hold-time
  str_value: 0.00
  key: transport/state/tcp-mss
  uint_value: 0
  key: transport/state/mtu-discovery
  bool_value: false
  key: transport/state/passive-mode
  bool_value: false
  key: transport/state/local-address
  str_value: 27.111.228.152
  key: transport/state/local-port
  uint_value: 0
  key: transport/state/remote-address
  str_value: 27.111.228.35
  key: transport/state/remote-port
  uint_value: 0
  key: error-handling/state/treat-as-withdraw
  bool_value: true
  key: error-handling/state/erroneous-update-messages
  uint_value: 0
  key: logging-options/state/log-neighbor-state-changes
  bool_value: false
  key: ebgp-multihop/state/enabled
  bool_value: false
  key: ebgp-multihop/state/multihop-ttl
  uint_value: 0
  key: route-reflector/state/route-reflector-cluster-id
  str_value: zero-len
  key: route-reflector/state/route-reflector-client
  bool_value: false
  key: as-path-options/state/allow-own-as
  uint_value: 0
  key: as-path-options/state/replace-peer-as
  bool_value: false
  key: as-path-options/state/disable-peer-as-filter
  bool_value: false
  key: use-multiple-paths/state/enabled
  bool_value: false
  key: use-multiple-paths/ebgp/state/allow-multiple-as
  bool_value: false
  key: graceful-restart/state/enabled
  bool_value: false
  key: graceful-restart/state/restart-time
  uint_value: 120
  key: graceful-restart/state/stale-routes-time
  str_value: 300.00
  key: graceful-restart/state/helper-only
  bool_value: true
  key: graceful-restart/state/peer-restarting
  bool_value: false
  key: graceful-restart/state/local-restarting
  bool_value: false
  key: graceful-restart/state/mode
  str_value: HELPER_ONLY
  key: apply-policy/state/import-policy
  leaf_list_value: element:<leaflist_str_value:"RX-FROM-Moratelindo" > 
  key: apply-policy/state/export-policy
  leaf_list_value: element:<leaflist_str_value:"ADV-TO-Moratelindo" > 
  key: __prefix__
  str_value: /network-instances/network-instance[name='master']/protocols/protocol/bgp/neighbors/neighbor[neighbor-address='27.111.228.38']/
  key: snmp-peer-index
  uint_value: 267
  key: state/peer-as
  uint_value: 54113
  key: state/local-as
  uint_value: 45903
  key: state/peer-type
  str_value: EXTERNAL
  key: state/auth-password
  str_value: (null)
  key: state/remove-private-as
  str_value: PRIVATE_AS_REMOVE_ALL
  key: state/route-flap-damping
  bool_value: false
  key: state/description
  str_value: PEERING FASTLY link 2
  key: state/session-state
  str_value: IDLE
  key: state/last-established
  uint_value: 1694967381
  key: state/established-transitions
  uint_value: 0
  key: state/messages/sent/UPDATE
  uint_value: 0
  key: state/messages/sent/NOTIFICATION
  uint_value: 0
  key: state/messages/sent/last-notification-time
  uint_value: 0
  key: state/messages/sent/last-notification-error-subcode
  str_value: UNSPECIFIC
  key: state/messages/received/UPDATE
  uint_value: 0
  key: state/messages/received/NOTIFICATION
  uint_value: 0
  key: state/messages/received/last-notification-time
  uint_value: 0
  key: state/messages/received/last-notification-error-code
  str_value: NONE
  key: state/messages/received/last-notification-error-subcode
  str_value: UNSPECIFIC
  key: state/queues/input
  uint_value: 0
  key: state/queues/output
  uint_value: 0
  key: state/dynamically-configured
  bool_value: false
  key: state/session-status
  str_value: HALTED
  key: state/session-admin-status
  str_value: STOP
  key: state/interface-error
  bool_value: true
  key: state/import-eval-pending
  bool_value: false
  key: state/import-eval
  bool_value: false
  key: state/peer-group
  str_value: Equinix
  key: state/neighbor-address
  str_value: 27.111.228.38
  key: state/enabled
  bool_value: true
  key: timers/state/connect-retry
  str_value: 0.00
  key: timers/state/hold-time
  str_value: 90.00
  key: timers/state/keepalive-interval
  str_value: 30.00
  key: timers/state/minimum-advertisement-interval
  str_value: 0.00
  key: timers/state/negotiated-hold-time
  str_value: 0.00
  key: transport/state/tcp-mss
  uint_value: 0
  key: transport/state/mtu-discovery
  bool_value: false
  key: transport/state/passive-mode
  bool_value: false
  key: transport/state/local-address
  str_value: 27.111.228.152
  key: transport/state/local-port
  uint_value: 0
  key: transport/state/remote-address
  str_value: 27.111.228.38
  key: transport/state/remote-port
  uint_value: 0
  key: error-handling/state/treat-as-withdraw
  bool_value: true
  key: error-handling/state/erroneous-update-messages
  uint_value: 0
  key: logging-options/state/log-neighbor-state-changes
  bool_value: false
  key: ebgp-multihop/state/enabled
  bool_value: false
  key: ebgp-multihop/state/multihop-ttl
  uint_value: 0
  key: route-reflector/state/route-reflector-cluster-id
  str_value: zero-len
  key: route-reflector/state/route-reflector-client
  bool_value: false
  key: as-path-options/state/allow-own-as
  uint_value: 0
  key: as-path-options/state/replace-peer-as
  bool_value: false
  key: as-path-options/state/disable-peer-as-filter
  bool_value: false
  key: use-multiple-paths/state/enabled
  bool_value: false
  key: use-multiple-paths/ebgp/state/allow-multiple-as
  bool_value: false
  key: graceful-restart/state/enabled
  bool_value: false
  key: graceful-restart/state/restart-time
  uint_value: 120
  key: graceful-restart/state/stale-routes-time
  str_value: 300.00
  key: graceful-restart/state/helper-only
  bool_value: true
  key: graceful-restart/state/peer-restarting
  bool_value: false
  key: graceful-restart/state/local-restarting
  bool_value: false
  key: graceful-restart/state/mode
  str_value: HELPER_ONLY
  key: apply-policy/state/import-policy
  leaf_list_value: element:<leaflist_str_value:"RX-FROM-FASTLY" > 
  key: apply-policy/state/export-policy
  leaf_list_value: element:<leaflist_str_value:"ADV-TO-FASTLY" > 
  key: __prefix__
  str_value: /network-instances/network-instance[name='master']/protocols/protocol/bgp/neighbors/neighbor[neighbor-address='27.111.228.39']/
  key: snmp-peer-index
  uint_value: 187
  key: state/peer-as
  uint_value: 36351
  key: state/local-as
  uint_value: 45903
  key: state/peer-type
  str_value: EXTERNAL
  key: state/auth-password
  str_value: (null)
  key: state/route-flap-damping
  bool_value: false
  key: state/description
  str_value: Peering Softlayer01 via Equinix
  key: state/session-state
  str_value: IDLE
  key: state/last-established
  uint_value: 1694967381
  key: state/established-transitions
  uint_value: 0
  key: state/messages/sent/UPDATE
  uint_value: 0
  key: state/messages/sent/NOTIFICATION
  uint_value: 0
  key: state/messages/sent/last-notification-time
  uint_value: 0
  key: state/messages/sent/last-notification-error-subcode
  str_value: UNSPECIFIC
  key: state/messages/received/UPDATE
  uint_value: 0
  key: state/messages/received/NOTIFICATION
  uint_value: 0
  key: state/messages/received/last-notification-time
  uint_value: 0
  key: state/messages/received/last-notification-error-code
  str_value: NONE
  key: state/messages/received/last-notification-error-subcode
  str_value: UNSPECIFIC
  key: state/queues/input
  uint_value: 0
  key: state/queues/output
  uint_value: 0
  key: state/dynamically-configured
  bool_value: false
  key: state/session-status
  str_value: HALTED
  key: state/session-admin-status
  str_value: STOP
  key: state/interface-error
  bool_value: true
  key: state/import-eval-pending
  bool_value: false
  key: state/import-eval
  bool_value: false
  key: state/peer-group
  str_value: Equinix
  key: state/neighbor-address
  str_value: 27.111.228.39
  key: state/enabled
  bool_value: true
  key: timers/state/connect-retry
  str_value: 0.00
  key: timers/state/hold-time
  str_value: 90.00
  key: timers/state/keepalive-interval
  str_value: 30.00
  key: timers/state/minimum-advertisement-interval
  str_value: 0.00
  key: timers/state/negotiated-hold-time
  str_value: 0.00
  key: transport/state/tcp-mss
  uint_value: 0
  key: transport/state/mtu-discovery
  bool_value: false
  key: transport/state/passive-mode
  bool_value: false
  key: transport/state/local-address
  str_value: 27.111.228.152
  key: transport/state/local-port
  uint_value: 0
  key: transport/state/remote-address
  str_value: 27.111.228.39
  key: transport/state/remote-port
  uint_value: 0
  key: error-handling/state/treat-as-withdraw
  bool_value: true
  key: error-handling/state/erroneous-update-messages
  uint_value: 0
  key: logging-options/state/log-neighbor-state-changes
  bool_value: false
  key: ebgp-multihop/state/enabled
  bool_value: false
  key: ebgp-multihop/state/multihop-ttl
  uint_value: 0
  key: route-reflector/state/route-reflector-cluster-id
  str_value: zero-len
  key: route-reflector/state/route-reflector-client
  bool_value: false
  key: as-path-options/state/allow-own-as
  uint_value: 0
  key: as-path-options/state/replace-peer-as
  bool_value: false
  key: as-path-options/state/disable-peer-as-filter
  bool_value: false
  key: use-multiple-paths/state/enabled
  bool_value: false
  key: use-multiple-paths/ebgp/state/allow-multiple-as
  bool_value: false
  key: graceful-restart/state/enabled
  bool_value: false
  key: graceful-restart/state/restart-time
  uint_value: 120
  key: graceful-restart/state/stale-routes-time
  str_value: 300.00
  key: graceful-restart/state/helper-only
  bool_value: true
  key: graceful-restart/state/peer-restarting
  bool_value: false
  key: graceful-restart/state/local-restarting
  bool_value: false
  key: graceful-restart/state/mode
  str_value: HELPER_ONLY
  key: apply-policy/state/import-policy
  leaf_list_value: element:<leaflist_str_value:"RX-FROM-EQUINIX" > 
  key: apply-policy/state/export-policy
  leaf_list_value: element:<leaflist_str_value:"ADV-TO-EQUINIX" > 
  key: __prefix__
  str_value: /network-instances/network-instance[name='master']/protocols/protocol/bgp/neighbors/neighbor[neighbor-address='27.111.228.57']/
  key: snmp-peer-index
  uint_value: 166
  key: state/peer-as
  uint_value: 8075
  key: state/local-as
  uint_value: 45903
  key: state/peer-type
  str_value: EXTERNAL
  key: state/auth-password
  str_value: (null)
  key: state/route-flap-damping
  bool_value: false
  key: state/description
  str_value: Peering Microsoft via Equinix
  key: state/session-state
  str_value: IDLE
  key: state/last-established
  uint_value: 1694967381
  key: state/established-transitions
  uint_value: 0
  key: state/messages/sent/UPDATE
  uint_value: 0
  key: state/messages/sent/NOTIFICATION
  uint_value: 0
  key: state/messages/sent/last-notification-time
  uint_value: 0
  key: state/messages/sent/last-notification-error-subcode
  str_value: UNSPECIFIC
  key: state/messages/received/UPDATE
  uint_value: 0
  key: state/messages/received/NOTIFICATION
  uint_value: 0
  key: state/messages/received/last-notification-time
  uint_value: 0
  key: state/messages/received/last-notification-error-code
  str_value: NONE
  key: state/messages/received/last-notification-error-subcode
  str_value: UNSPECIFIC
  key: state/queues/input
  uint_value: 0
  key: state/queues/output
  uint_value: 0
  key: state/dynamically-configured
  bool_value: false
  key: state/session-status
  str_value: HALTED
  key: state/session-admin-status
  str_value: STOP
  key: state/interface-error
  bool_value: true
  key: state/import-eval-pending
  bool_value: false
  key: state/import-eval
  bool_value: false
  key: state/peer-group
  str_value: Equinix
  key: state/neighbor-address
  str_value: 27.111.228.57
  key: state/enabled
  bool_value: true
  key: timers/state/connect-retry
  str_value: 0.00
  key: timers/state/hold-time
  str_value: 90.00
  key: timers/state/keepalive-interval
  str_value: 30.00
  key: timers/state/minimum-advertisement-interval
  str_value: 0.00
  key: timers/state/negotiated-hold-time
  str_value: 0.00
  key: transport/state/tcp-mss
  uint_value: 0
  key: transport/state/mtu-discovery
  bool_value: false
  key: transport/state/passive-mode
  bool_value: false
  key: transport/state/local-address
  str_value: 27.111.228.152
  key: transport/state/local-port
  uint_value: 0
  key: transport/state/remote-address
  str_value: 27.111.228.57
  key: transport/state/remote-port
  uint_value: 0
  key: error-handling/state/treat-as-withdraw
  bool_value: true
  key: error-handling/state/erroneous-update-messages
  uint_value: 0
  key: logging-options/state/log-neighbor-state-changes
  bool_value: false
  key: ebgp-multihop/state/enabled
  bool_value: false
  key: ebgp-multihop/state/multihop-ttl
  uint_value: 0
  key: route-reflector/state/route-reflector-cluster-id
  str_value: zero-len
  key: route-reflector/state/route-reflector-client
  bool_value: false
  key: as-path-options/state/allow-own-as
  uint_value: 0
  key: as-path-options/state/replace-peer-as
  bool_value: false
  key: as-path-options/state/disable-peer-as-filter
  bool_value: false
  key: use-multiple-paths/state/enabled
  bool_value: false
  key: use-multiple-paths/ebgp/state/allow-multiple-as
  bool_value: false
  key: graceful-restart/state/enabled
  bool_value: false
  key: graceful-restart/state/restart-time
  uint_value: 120
  key: graceful-restart/state/stale-routes-time
  str_value: 300.00
  key: graceful-restart/state/helper-only
  bool_value: true
  key: graceful-restart/state/peer-restarting
  bool_value: false
  key: graceful-restart/state/local-restarting
  bool_value: false
  key: graceful-restart/state/mode
  str_value: HELPER_ONLY
  key: apply-policy/state/import-policy
  leaf_list_value: element:<leaflist_str_value:"RX-FROM-EQUINIX" > 
  key: apply-policy/state/export-policy
  leaf_list_value: element:<leaflist_str_value:"ADV-TO-MS-EQUINIX" > 
  key: __prefix__
  str_value: /network-instances/network-instance[name='master']/protocols/protocol/bgp/neighbors/neighbor[neighbor-address='27.111.228.67']/
  key: snmp-peer-index
  uint_value: 217
  key: state/peer-as
  uint_value: 15133
  key: state/local-as
  uint_value: 45903
  key: state/peer-type
  str_value: EXTERNAL
  key: state/auth-password
  str_value: (null)
  key: state/route-flap-damping
  bool_value: false
  key: state/description
  str_value: Peering Verizon Digital #1
  key: state/session-state
  str_value: IDLE
  key: state/last-established
  uint_value: 1694967381
  key: state/established-transitions
  uint_value: 0
  key: state/messages/sent/UPDATE
  uint_value: 0
  key: state/messages/sent/NOTIFICATION
  uint_value: 0
  key: state/messages/sent/last-notification-time
  uint_value: 0
  key: state/messages/sent/last-notification-error-subcode
  str_value: UNSPECIFIC
  key: state/messages/received/UPDATE
  uint_value: 0
  key: state/messages/received/NOTIFICATION
  uint_value: 0
  key: state/messages/received/last-notification-time
  uint_value: 0
  key: state/messages/received/last-notification-error-code
  str_value: NONE
  key: state/messages/received/last-notification-error-subcode
  str_value: UNSPECIFIC
  key: state/queues/input
  uint_value: 0
  key: state/queues/output
  uint_value: 0
  key: state/dynamically-configured
  bool_value: false
  key: state/session-status
  str_value: HALTED
  key: state/session-admin-status
  str_value: STOP
  key: state/interface-error
  bool_value: true
  key: state/import-eval-pending
  bool_value: false
  key: state/import-eval
  bool_value: false
  key: state/peer-group
  str_value: Equinix
  key: state/neighbor-address
  str_value: 27.111.228.67
  key: state/enabled
  bool_value: true
  key: timers/state/connect-retry
  str_value: 0.00
  key: timers/state/hold-time
  str_value: 90.00
  key: timers/state/keepalive-interval
  str_value: 30.00
  key: timers/state/minimum-advertisement-interval
  str_value: 0.00
  key: timers/state/negotiated-hold-time
  str_value: 0.00
  key: transport/state/tcp-mss
  uint_value: 0
  key: transport/state/mtu-discovery
  bool_value: false
  key: transport/state/passive-mode
  bool_value: false
  key: transport/state/local-address
  str_value: 27.111.228.152
  key: transport/state/local-port
  uint_value: 0
  key: transport/state/remote-address
  str_value: 27.111.228.67
  key: transport/state/remote-port
  uint_value: 0
  key: error-handling/state/treat-as-withdraw
  bool_value: true
  key: error-handling/state/erroneous-update-messages
  uint_value: 0
  key: logging-options/state/log-neighbor-state-changes
  bool_value: false
  key: ebgp-multihop/state/enabled
  bool_value: false
  key: ebgp-multihop/state/multihop-ttl
  uint_value: 0
  key: route-reflector/state/route-reflector-cluster-id
  str_value: zero-len
  key: route-reflector/state/route-reflector-client
  bool_value: false
  key: as-path-options/state/allow-own-as
  uint_value: 0
  key: as-path-options/state/replace-peer-as
  bool_value: false
  key: as-path-options/state/disable-peer-as-filter
  bool_value: false
  key: use-multiple-paths/state/enabled
  bool_value: false
  key: use-multiple-paths/ebgp/state/allow-multiple-as
  bool_value: false
  key: graceful-restart/state/enabled
  bool_value: false
  key: graceful-restart/state/restart-time
  uint_value: 120
  key: graceful-restart/state/stale-routes-time
  str_value: 300.00
  key: graceful-restart/state/helper-only
  bool_value: true
  key: graceful-restart/state/peer-restarting
  bool_value: false
  key: graceful-restart/state/local-restarting
  bool_value: false
  key: graceful-restart/state/mode
  str_value: HELPER_ONLY
  key: apply-policy/state/import-policy
  leaf_list_value: element:<leaflist_str_value:"RX-FROM-EQUINIX" > 
  key: apply-policy/state/export-policy
  leaf_list_value: element:<leaflist_str_value:"ADV-TO-EQUINIX" > 
  key: __prefix__
  str_value: /network-instances/network-instance[name='master']/protocols/protocol/bgp/neighbors/neighbor[neighbor-address='27.111.228.69']/
  key: snmp-peer-index
  uint_value: 186
  key: state/peer-as
  uint_value: 36351
  key: state/local-as
  uint_value: 45903
  key: state/peer-type
  str_value: EXTERNAL
  key: state/auth-password
  str_value: (null)
  key: state/route-flap-damping
  bool_value: false
  key: state/description
  str_value: Peering Softlayer01 via Equinix
  key: state/session-state
  str_value: IDLE
  key: state/last-established
  uint_value: 1694967381
  key: state/established-transitions
  uint_value: 0
  key: state/messages/sent/UPDATE
  uint_value: 0
  key: state/messages/sent/NOTIFICATION
  uint_value: 0
  key: state/messages/sent/last-notification-time
  uint_value: 0
  key: state/messages/sent/last-notification-error-subcode
  str_value: UNSPECIFIC
  key: state/messages/received/UPDATE
  uint_value: 0
  key: state/messages/received/NOTIFICATION
  uint_value: 0
  key: state/messages/received/last-notification-time
  uint_value: 0
  key: state/messages/received/last-notification-error-code
  str_value: NONE
  key: state/messages/received/last-notification-error-subcode
  str_value: UNSPECIFIC
  key: state/queues/input
  uint_value: 0
  key: state/queues/output
  uint_value: 0
  key: state/dynamically-configured
  bool_value: false
  key: state/session-status
  str_value: HALTED
  key: state/session-admin-status
  str_value: STOP
  key: state/interface-error
  bool_value: true
  key: state/import-eval-pending
  bool_value: false
  key: state/import-eval
  bool_value: false
  key: state/peer-group
  str_value: Equinix
  key: state/neighbor-address
  str_value: 27.111.228.69
  key: state/enabled
  bool_value: true
  key: timers/state/connect-retry
  str_value: 0.00
  key: timers/state/hold-time
  str_value: 90.00
  key: timers/state/keepalive-interval
  str_value: 30.00
  key: timers/state/minimum-advertisement-interval
  str_value: 0.00
  key: timers/state/negotiated-hold-time
  str_value: 0.00
  key: transport/state/tcp-mss
  uint_value: 0
  key: transport/state/mtu-discovery
  bool_value: false
  key: transport/state/passive-mode
  bool_value: false
  key: transport/state/local-address
  str_value: 27.111.228.152
  key: transport/state/local-port
  uint_value: 0
  key: transport/state/remote-address
  str_value: 27.111.228.69
  key: transport/state/remote-port
  uint_value: 0
  key: error-handling/state/treat-as-withdraw
  bool_value: true
  key: error-handling/state/erroneous-update-messages
  uint_value: 0
  key: logging-options/state/log-neighbor-state-changes
  bool_value: false
  key: ebgp-multihop/state/enabled
  bool_value: false
  key: ebgp-multihop/state/multihop-ttl
  uint_value: 0
  key: route-reflector/state/route-reflector-cluster-id
  str_value: zero-len
  key: route-reflector/state/route-reflector-client
  bool_value: false
  key: as-path-options/state/allow-own-as
  uint_value: 0
  key: as-path-options/state/replace-peer-as
  bool_value: false
  key: as-path-options/state/disable-peer-as-filter
  bool_value: false
  key: use-multiple-paths/state/enabled
  bool_value: false
  key: use-multiple-paths/ebgp/state/allow-multiple-as
  bool_value: false
  key: graceful-restart/state/enabled
  bool_value: false
  key: graceful-restart/state/restart-time
  uint_value: 120
  key: graceful-restart/state/stale-routes-time
  str_value: 300.00
  key: graceful-restart/state/helper-only
  bool_value: true
  key: graceful-restart/state/peer-restarting
  bool_value: false
  key: graceful-restart/state/local-restarting
  bool_value: false
  key: graceful-restart/state/mode
  str_value: HELPER_ONLY
  key: apply-policy/state/import-policy
  leaf_list_value: element:<leaflist_str_value:"RX-FROM-EQUINIX" > 
  key: apply-policy/state/export-policy
  leaf_list_value: element:<leaflist_str_value:"ADV-TO-EQUINIX" > 
  key: __prefix__
  str_value: /network-instances/network-instance[name='master']/protocols/protocol/bgp/neighbors/neighbor[neighbor-address='27.111.228.74']/
  key: snmp-peer-index
  uint_value: 252
  key: state/peer-as
  uint_value: 4826
  key: state/local-as
  uint_value: 45903
  key: state/peer-type
  str_value: EXTERNAL
  key: state/auth-password
  str_value: (null)
  key: state/route-flap-damping
  bool_value: false
  key: state/description
  str_value: Vocus_via_EQUINIX
  key: state/session-state
  str_value: IDLE
  key: state/last-established
  uint_value: 1694967381
  key: state/established-transitions
  uint_value: 0
  key: state/messages/sent/UPDATE
  uint_value: 0
  key: state/messages/sent/NOTIFICATION
  uint_value: 0
  key: state/messages/sent/last-notification-time
  uint_value: 0
  key: state/messages/sent/last-notification-error-subcode
  str_value: UNSPECIFIC
  key: state/messages/received/UPDATE
  uint_value: 0
  key: state/messages/received/NOTIFICATION
  uint_value: 0
  key: state/messages/received/last-notification-time
  uint_value: 0
  key: state/messages/received/last-notification-error-code
  str_value: NONE
  key: state/messages/received/last-notification-error-subcode
  str_value: UNSPECIFIC
  key: state/queues/input
  uint_value: 0
  key: state/queues/output
  uint_value: 0
  key: state/dynamically-configured
  bool_value: false
  key: state/session-status
  str_value: HALTED
  key: state/session-admin-status
  str_value: STOP
  key: state/interface-error
  bool_value: true
  key: state/import-eval-pending
  bool_value: false
  key: state/import-eval
  bool_value: false
  key: state/peer-group
  str_value: Equinix
  key: state/neighbor-address
  str_value: 27.111.228.74
  key: state/enabled
  bool_value: true
  key: timers/state/connect-retry
  str_value: 0.00
  key: timers/state/hold-time
  str_value: 90.00
  key: timers/state/keepalive-interval
  str_value: 30.00
  key: timers/state/minimum-advertisement-interval
  str_value: 0.00
  key: timers/state/negotiated-hold-time
  str_value: 0.00
  key: transport/state/tcp-mss
  uint_value: 0
  key: transport/state/mtu-discovery
  bool_value: false
  key: transport/state/passive-mode
  bool_value: false
  key: transport/state/local-address
  str_value: 27.111.228.152
  key: transport/state/local-port
  uint_value: 0
  key: transport/state/remote-address
  str_value: 27.111.228.74
  key: transport/state/remote-port
  uint_value: 0
  key: error-handling/state/treat-as-withdraw
  bool_value: true
  key: error-handling/state/erroneous-update-messages
  uint_value: 0
  key: logging-options/state/log-neighbor-state-changes
  bool_value: false
  key: ebgp-multihop/state/enabled
  bool_value: false
  key: ebgp-multihop/state/multihop-ttl
  uint_value: 0
  key: route-reflector/state/route-reflector-cluster-id
  str_value: zero-len
  key: route-reflector/state/route-reflector-client
  bool_value: false
  key: as-path-options/state/allow-own-as
  uint_value: 0
  key: as-path-options/state/replace-peer-as
  bool_value: false
  key: as-path-options/state/disable-peer-as-filter
  bool_value: false
  key: use-multiple-paths/state/enabled
  bool_value: false
  key: use-multiple-paths/ebgp/state/allow-multiple-as
  bool_value: false
  key: __prefix__
  str_value: /network-instances/network-instance[name='master']/protocols/protocol/bgp/neighbors/neighbor[neighbor-address='27.111.228.74']/afi-safis/afi-safi[afi-safi-name='IPV4_UNICAST']/
  key: graceful-restart/state/enabled
  bool_value: true
  key: graceful-restart/state/received
  bool_value: false
  key: graceful-restart/state/advertised
  bool_value: false
  key: state/afi-safi-name
  str_value: IPV4_UNICAST
  key: state/enabled
  bool_value: true
  key: state/active
  bool_value: false
  key: state/prefixes/received
  uint_value: 0
  key: state/prefixes/sent
  uint_value: 0
  key: state/prefixes/installed
  uint_value: 0
  key: state/prefixes/accepted
  uint_value: 0
  key: state/prefix-limit-exceeded
  bool_value: false
  key: state/queues/input
  uint_value: 0
  key: state/queues/output
  uint_value: 0
  key: add-paths/state/receive
  bool_value: false
  key: add-paths/state/send
  bool_value: false
  key: add-paths/state/eligible-prefix-policy
  str_value: 
  key: ipv4-unicast/prefix-limit/state/max-prefixes
  uint_value: 0
  key: ipv4-unicast/prefix-limit/state/prevent-teardown
  bool_value: true
  key: ipv4-unicast/prefix-limit/state/shutdown-threshold-pct
  uint_value: 0
  key: ipv4-unicast/prefix-limit/state/restart-timer
  str_value: 0.00
system_id: SGP001IGR04
component_id: 65535
sub_component_id: 0
path: sensor_1004:/network-instances/network-instance/protocols/protocol/bgp/neighbors/neighbor/:/network-instances/network-instance/protocols/protocol/bgp/neighbors/neighbor/:rpd
sequence_number: 2
timestamp: 1695289069890
sync_response: false
  key: __timestamp__
  uint_value: 1695289069891
  key: __junos_re_stream_creation_timestamp__
  uint_value: 1695289069611
  key: __junos_re_payload_get_timestamp__
  uint_value: 1695289069865
  key: __prefix__
  str_value: /network-instances/network-instance[name='master']/protocols/protocol/bgp/neighbors/neighbor[neighbor-address='27.111.228.74']/
  key: graceful-restart/state/enabled
  bool_value: false
  key: graceful-restart/state/restart-time
  uint_value: 120
  key: graceful-restart/state/stale-routes-time
  str_value: 300.00
  key: graceful-restart/state/helper-only
  bool_value: true
  key: graceful-restart/state/peer-restarting
  bool_value: false
  key: graceful-restart/state/local-restarting
  bool_value: false
  key: graceful-restart/state/mode
  str_value: HELPER_ONLY
  key: apply-policy/state/import-policy
  leaf_list_value: element:<leaflist_str_value:"RX-FROM-EQUINIX" > 
  key: apply-policy/state/export-policy
  leaf_list_value: element:<leaflist_str_value:"ADV-TO-EQUINIX" > 
  key: __prefix__
  str_value: /network-instances/network-instance[name='master']/protocols/protocol/bgp/neighbors/neighbor[neighbor-address='27.111.228.81']/
  key: snmp-peer-index
  uint_value: 161
  key: state/peer-as
  uint_value: 6939
  key: state/local-as
  uint_value: 45903
  key: state/peer-type
  str_value: EXTERNAL
  key: state/auth-password
  str_value: (null)
  key: state/route-flap-damping
  bool_value: false
  key: state/description
  str_value: To HE
  key: state/session-state
  str_value: IDLE
  key: state/last-established
  uint_value: 1694967381
  key: state/established-transitions
  uint_value: 0
  key: state/messages/sent/UPDATE
  uint_value: 0
  key: state/messages/sent/NOTIFICATION
  uint_value: 0
  key: state/messages/sent/last-notification-time
  uint_value: 0
  key: state/messages/sent/last-notification-error-subcode
  str_value: UNSPECIFIC
  key: state/messages/received/UPDATE
  uint_value: 0
  key: state/messages/received/NOTIFICATION
  uint_value: 0
  key: state/messages/received/last-notification-time
  uint_value: 0
  key: state/messages/received/last-notification-error-code
  str_value: NONE
  key: state/messages/received/last-notification-error-subcode
  str_value: UNSPECIFIC
  key: state/queues/input
  uint_value: 0
  key: state/queues/output
  uint_value: 0
  key: state/dynamically-configured
  bool_value: false
  key: state/session-status
  str_value: HALTED
  key: state/session-admin-status
  str_value: STOP
  key: state/interface-error
  bool_value: true
  key: state/import-eval-pending
  bool_value: false
  key: state/import-eval
  bool_value: false
  key: state/peer-group
  str_value: Equinix
  key: state/neighbor-address
  str_value: 27.111.228.81
  key: state/enabled
  bool_value: true
  key: timers/state/connect-retry
  str_value: 0.00
  key: timers/state/hold-time
  str_value: 90.00
  key: timers/state/keepalive-interval
  str_value: 30.00
  key: timers/state/minimum-advertisement-interval
  str_value: 0.00
  key: timers/state/negotiated-hold-time
  str_value: 0.00
  key: transport/state/tcp-mss
  uint_value: 0
  key: transport/state/mtu-discovery
  bool_value: false
  key: transport/state/passive-mode
  bool_value: false
  key: transport/state/local-address
  str_value: 27.111.228.152
  key: transport/state/local-port
  uint_value: 0
  key: transport/state/remote-address
  str_value: 27.111.228.81
  key: transport/state/remote-port
  uint_value: 0
  key: error-handling/state/treat-as-withdraw
  bool_value: true
  key: error-handling/state/erroneous-update-messages
  uint_value: 0
  key: logging-options/state/log-neighbor-state-changes
  bool_value: false
  key: ebgp-multihop/state/enabled
  bool_value: false
  key: ebgp-multihop/state/multihop-ttl
  uint_value: 0
  key: route-reflector/state/route-reflector-cluster-id
  str_value: zero-len
  key: route-reflector/state/route-reflector-client
  bool_value: false
  key: as-path-options/state/allow-own-as
  uint_value: 0
  key: as-path-options/state/replace-peer-as
  bool_value: false
  key: as-path-options/state/disable-peer-as-filter
  bool_value: false
  key: use-multiple-paths/state/enabled
  bool_value: false
  key: use-multiple-paths/ebgp/state/allow-multiple-as
  bool_value: false
  key: graceful-restart/state/enabled
  bool_value: false
  key: graceful-restart/state/restart-time
  uint_value: 120
  key: graceful-restart/state/stale-routes-time
  str_value: 300.00
  key: graceful-restart/state/helper-only
  bool_value: true
  key: graceful-restart/state/peer-restarting
  bool_value: false
  key: graceful-restart/state/local-restarting
  bool_value: false
  key: graceful-restart/state/mode
  str_value: HELPER_ONLY
  key: apply-policy/state/import-policy
  leaf_list_value: element:<leaflist_str_value:"RX-FROM-HE-EQUINIX" > 
  key: apply-policy/state/export-policy
  leaf_list_value: element:<leaflist_str_value:"ADV-TO-HE-EQUINIX" > 
  key: __prefix__
  str_value: /network-instances/network-instance[name='master']/protocols/protocol/bgp/neighbors/neighbor[neighbor-address='27.111.228.85']/
  key: snmp-peer-index
  uint_value: 168
  key: state/peer-as
  uint_value: 24218
  key: state/local-as
  uint_value: 45903
  key: state/peer-type
  str_value: EXTERNAL
  key: state/auth-password
  str_value: (null)
  key: state/route-flap-damping
  bool_value: false
  key: state/description
  str_value: Peering GTC via Equinix
  key: state/session-state
  str_value: IDLE
  key: state/last-established
  uint_value: 1694967381
  key: state/established-transitions
  uint_value: 0
  key: state/messages/sent/UPDATE
  uint_value: 0
  key: state/messages/sent/NOTIFICATION
  uint_value: 0
  key: state/messages/sent/last-notification-time
  uint_value: 0
  key: state/messages/sent/last-notification-error-subcode
  str_value: UNSPECIFIC
  key: state/messages/received/UPDATE
  uint_value: 0
  key: state/messages/received/NOTIFICATION
  uint_value: 0
  key: state/messages/received/last-notification-time
  uint_value: 0
  key: state/messages/received/last-notification-error-code
  str_value: NONE
  key: state/messages/received/last-notification-error-subcode
  str_value: UNSPECIFIC
  key: state/queues/input
  uint_value: 0
  key: state/queues/output
  uint_value: 0
  key: state/dynamically-configured
  bool_value: false
  key: state/session-status
  str_value: HALTED
  key: state/session-admin-status
  str_value: STOP
  key: state/interface-error
  bool_value: true
  key: state/import-eval-pending
  bool_value: false
  key: state/import-eval
  bool_value: false
  key: state/peer-group
  str_value: Equinix
  key: state/neighbor-address
  str_value: 27.111.228.85
  key: state/enabled
  bool_value: true
  key: timers/state/connect-retry
  str_value: 0.00
  key: timers/state/hold-time
  str_value: 90.00
  key: timers/state/keepalive-interval
  str_value: 30.00
  key: timers/state/minimum-advertisement-interval
  str_value: 0.00
  key: timers/state/negotiated-hold-time
  str_value: 0.00
  key: transport/state/tcp-mss
  uint_value: 0
  key: transport/state/mtu-discovery
  bool_value: false
  key: transport/state/passive-mode
  bool_value: false
  key: transport/state/local-address
  str_value: 27.111.228.152
  key: transport/state/local-port
  uint_value: 0
  key: transport/state/remote-address
  str_value: 27.111.228.85
  key: transport/state/remote-port
  uint_value: 0
  key: error-handling/state/treat-as-withdraw
  bool_value: true
  key: error-handling/state/erroneous-update-messages
  uint_value: 0
  key: logging-options/state/log-neighbor-state-changes
  bool_value: false
  key: ebgp-multihop/state/enabled
  bool_value: false
  key: ebgp-multihop/state/multihop-ttl
  uint_value: 0
  key: route-reflector/state/route-reflector-cluster-id
  str_value: zero-len
  key: route-reflector/state/route-reflector-client
  bool_value: false
  key: as-path-options/state/allow-own-as
  uint_value: 0
  key: as-path-options/state/replace-peer-as
  bool_value: false
  key: as-path-options/state/disable-peer-as-filter
  bool_value: false
  key: use-multiple-paths/state/enabled
  bool_value: false
  key: use-multiple-paths/ebgp/state/allow-multiple-as
  bool_value: false
  key: graceful-restart/state/enabled
  bool_value: false
  key: graceful-restart/state/restart-time
  uint_value: 120
  key: graceful-restart/state/stale-routes-time
  str_value: 300.00
  key: graceful-restart/state/helper-only
  bool_value: true
  key: graceful-restart/state/peer-restarting
  bool_value: false
  key: graceful-restart/state/local-restarting
  bool_value: false
  key: graceful-restart/state/mode
  str_value: HELPER_ONLY
  key: apply-policy/state/import-policy
  leaf_list_value: element:<leaflist_str_value:"RX-FROM-EQUINIX" > 
  key: apply-policy/state/export-policy
  leaf_list_value: element:<leaflist_str_value:"ADV-TO-EQUINIX" > 
  key: __prefix__
  str_value: /network-instances/network-instance[name='master']/protocols/protocol/bgp/neighbors/neighbor[neighbor-address='27.111.228.89']/
  key: snmp-peer-index
  uint_value: 189
  key: state/peer-as
  uint_value: 45629
  key: state/local-as
  uint_value: 45903
  key: state/peer-type
  str_value: EXTERNAL
  key: state/auth-password
  str_value: (null)
  key: state/route-flap-damping
  bool_value: false
  key: state/description
  str_value: Peering JasTel via Equinix
  key: state/session-state
  str_value: IDLE
  key: state/last-established
  uint_value: 1694967381
  key: state/established-transitions
  uint_value: 0
  key: state/messages/sent/UPDATE
  uint_value: 0
  key: state/messages/sent/NOTIFICATION
  uint_value: 0
  key: state/messages/sent/last-notification-time
  uint_value: 0
  key: state/messages/sent/last-notification-error-subcode
  str_value: UNSPECIFIC
  key: state/messages/received/UPDATE
  uint_value: 0
  key: state/messages/received/NOTIFICATION
  uint_value: 0
  key: state/messages/received/last-notification-time
  uint_value: 0
  key: state/messages/received/last-notification-error-code
  str_value: NONE
  key: state/messages/received/last-notification-error-subcode
  str_value: UNSPECIFIC
  key: state/queues/input
  uint_value: 0
  key: state/queues/output
  uint_value: 0
  key: state/dynamically-configured
  bool_value: false
  key: state/session-status
  str_value: HALTED
  key: state/session-admin-status
  str_value: STOP
  key: state/interface-error
  bool_value: true
  key: state/import-eval-pending
  bool_value: false
  key: state/import-eval
  bool_value: false
  key: state/peer-group
  str_value: Equinix
  key: state/neighbor-address
  str_value: 27.111.228.89
  key: state/enabled
  bool_value: true
  key: timers/state/connect-retry
  str_value: 0.00
  key: timers/state/hold-time
  str_value: 90.00
  key: timers/state/keepalive-interval
  str_value: 30.00
  key: timers/state/minimum-advertisement-interval
  str_value: 0.00
  key: timers/state/negotiated-hold-time
  str_value: 0.00
  key: transport/state/tcp-mss
  uint_value: 0
  key: transport/state/mtu-discovery
  bool_value: false
  key: transport/state/passive-mode
  bool_value: false
  key: transport/state/local-address
  str_value: 27.111.228.152
  key: transport/state/local-port
  uint_value: 0
  key: transport/state/remote-address
  str_value: 27.111.228.89
  key: transport/state/remote-port
  uint_value: 0
  key: error-handling/state/treat-as-withdraw
  bool_value: true
  key: error-handling/state/erroneous-update-messages
  uint_value: 0
  key: logging-options/state/log-neighbor-state-changes
  bool_value: false
  key: ebgp-multihop/state/enabled
  bool_value: false
  key: ebgp-multihop/state/multihop-ttl
  uint_value: 0
  key: route-reflector/state/route-reflector-cluster-id
  str_value: zero-len
  key: route-reflector/state/route-reflector-client
  bool_value: false
  key: as-path-options/state/allow-own-as
  uint_value: 0
  key: as-path-options/state/replace-peer-as
  bool_value: false
  key: as-path-options/state/disable-peer-as-filter
  bool_value: false
  key: use-multiple-paths/state/enabled
  bool_value: false
  key: use-multiple-paths/ebgp/state/allow-multiple-as
  bool_value: false
  key: graceful-restart/state/enabled
  bool_value: false
  key: graceful-restart/state/restart-time
  uint_value: 120
  key: graceful-restart/state/stale-routes-time
  str_value: 300.00
  key: graceful-restart/state/helper-only
  bool_value: true
  key: graceful-restart/state/peer-restarting
  bool_value: false
  key: graceful-restart/state/local-restarting
  bool_value: false
  key: graceful-restart/state/mode
  str_value: HELPER_ONLY
  key: apply-policy/state/import-policy
  leaf_list_value: element:<leaflist_str_value:"RX-FROM-EQUINIX" > 
  key: apply-policy/state/export-policy
  leaf_list_value: element:<leaflist_str_value:"ADV-TO-EQUINIX" > 
  key: __prefix__
  str_value: /network-instances/network-instance[name='master']/protocols/protocol/bgp/neighbors/neighbor[neighbor-address='27.111.228.96']/
  key: snmp-peer-index
  uint_value: 203
  key: state/peer-as
  uint_value: 54994
  key: state/local-as
  uint_value: 45903
  key: state/peer-type
  str_value: EXTERNAL
  key: state/auth-password
  str_value: (null)
  key: state/route-flap-damping
  bool_value: false
  key: state/description
  str_value: Peering ChinaNet Center via Equinix
  key: state/session-state
  str_value: IDLE
  key: state/last-established
  uint_value: 1694967381
  key: state/established-transitions
  uint_value: 0
  key: state/messages/sent/UPDATE
  uint_value: 0
  key: state/messages/sent/NOTIFICATION
  uint_value: 0
  key: state/messages/sent/last-notification-time
  uint_value: 0
  key: state/messages/sent/last-notification-error-subcode
  str_value: UNSPECIFIC
  key: state/messages/received/UPDATE
  uint_value: 0
  key: state/messages/received/NOTIFICATION
  uint_value: 0
  key: state/messages/received/last-notification-time
  uint_value: 0
  key: state/messages/received/last-notification-error-code
  str_value: NONE
  key: state/messages/received/last-notification-error-subcode
  str_value: UNSPECIFIC
  key: state/queues/input
  uint_value: 0
  key: state/queues/output
  uint_value: 0
  key: state/dynamically-configured
  bool_value: false
  key: state/session-status
  str_value: HALTED
  key: state/session-admin-status
  str_value: STOP
  key: state/interface-error
  bool_value: true
  key: state/import-eval-pending
  bool_value: false
  key: state/import-eval
  bool_value: false
  key: state/peer-group
  str_value: Equinix
  key: state/neighbor-address
  str_value: 27.111.228.96
  key: state/enabled
  bool_value: true
  key: timers/state/connect-retry
  str_value: 0.00
  key: timers/state/hold-time
  str_value: 90.00
  key: timers/state/keepalive-interval
  str_value: 30.00
  key: timers/state/minimum-advertisement-interval
  str_value: 0.00
  key: timers/state/negotiated-hold-time
  str_value: 0.00
  key: transport/state/tcp-mss
  uint_value: 0
  key: transport/state/mtu-discovery
  bool_value: false
  key: transport/state/passive-mode
  bool_value: false
  key: transport/state/local-address
  str_value: 27.111.228.152
  key: transport/state/local-port
  uint_value: 0
  key: transport/state/remote-address
  str_value: 27.111.228.96
  key: transport/state/remote-port
  uint_value: 0
  key: error-handling/state/treat-as-withdraw
  bool_value: true
  key: error-handling/state/erroneous-update-messages
  uint_value: 0
  key: logging-options/state/log-neighbor-state-changes
  bool_value: false
  key: ebgp-multihop/state/enabled
  bool_value: false
  key: ebgp-multihop/state/multihop-ttl
  uint_value: 0
  key: route-reflector/state/route-reflector-cluster-id
  str_value: zero-len
  key: route-reflector/state/route-reflector-client
  bool_value: false
  key: as-path-options/state/allow-own-as
  uint_value: 0
  key: as-path-options/state/replace-peer-as
  bool_value: false
  key: as-path-options/state/disable-peer-as-filter
  bool_value: false
  key: use-multiple-paths/state/enabled
  bool_value: false
  key: use-multiple-paths/ebgp/state/allow-multiple-as
  bool_value: false
  key: graceful-restart/state/enabled
  bool_value: false
  key: graceful-restart/state/restart-time
  uint_value: 120
  key: graceful-restart/state/stale-routes-time
  str_value: 300.00
  key: graceful-restart/state/helper-only
  bool_value: true
  key: graceful-restart/state/peer-restarting
  bool_value: false
  key: graceful-restart/state/local-restarting
  bool_value: false
  key: graceful-restart/state/mode
  str_value: HELPER_ONLY
  key: apply-policy/state/import-policy
  leaf_list_value: element:<leaflist_str_value:"RX-FROM-EQUINIX" > 
  key: apply-policy/state/export-policy
  leaf_list_value: element:<leaflist_str_value:"ADV-TO-EQUINIX" > 
  key: __prefix__
  str_value: /network-instances/network-instance[name='master']/protocols/protocol/bgp/neighbors/neighbor[neighbor-address='27.111.228.102']/
  key: snmp-peer-index
  uint_value: 235
  key: state/peer-as
  uint_value: 20940
  key: state/local-as
  uint_value: 45903
  key: state/peer-type
  str_value: EXTERNAL
  key: state/auth-password
  str_value: (null)
  key: state/route-flap-damping
  bool_value: false
  key: state/description
  str_value: Peering-AKAMAI-EQUINIX-SGP
  key: state/session-state
  str_value: IDLE
  key: state/last-established
  uint_value: 1694967381
  key: state/established-transitions
  uint_value: 0
  key: state/messages/sent/UPDATE
  uint_value: 0
  key: state/messages/sent/NOTIFICATION
  uint_value: 0
  key: state/messages/sent/last-notification-time
  uint_value: 0
  key: state/messages/sent/last-notification-error-subcode
  str_value: UNSPECIFIC
  key: state/messages/received/UPDATE
  uint_value: 0
  key: state/messages/received/NOTIFICATION
  uint_value: 0
  key: state/messages/received/last-notification-time
  uint_value: 0
  key: state/messages/received/last-notification-error-code
  str_value: NONE
  key: state/messages/received/last-notification-error-subcode
  str_value: UNSPECIFIC
  key: state/queues/input
  uint_value: 0
  key: state/queues/output
  uint_value: 0
  key: state/dynamically-configured
  bool_value: false
  key: state/session-status
  str_value: HALTED
  key: state/session-admin-status
  str_value: STOP
  key: state/interface-error
  bool_value: true
  key: state/import-eval-pending
  bool_value: false
  key: state/import-eval
  bool_value: false
  key: state/peer-group
  str_value: Equinix
  key: state/neighbor-address
  str_value: 27.111.228.102
  key: state/enabled
  bool_value: true
  key: timers/state/connect-retry
  str_value: 0.00
  key: timers/state/hold-time
  str_value: 90.00
  key: timers/state/keepalive-interval
  str_value: 30.00
  key: timers/state/minimum-advertisement-interval
  str_value: 0.00
  key: timers/state/negotiated-hold-time
  str_value: 0.00
  key: transport/state/tcp-mss
  uint_value: 0
  key: transport/state/mtu-discovery
  bool_value: false
  key: transport/state/passive-mode
  bool_value: false
  key: transport/state/local-address
  str_value: 27.111.228.152
  key: transport/state/local-port
  uint_value: 0
  key: transport/state/remote-address
  str_value: 27.111.228.102
  key: transport/state/remote-port
  uint_value: 0
  key: error-handling/state/treat-as-withdraw
  bool_value: true
  key: error-handling/state/erroneous-update-messages
  uint_value: 0
  key: logging-options/state/log-neighbor-state-changes
  bool_value: false
  key: ebgp-multihop/state/enabled
  bool_value: false
  key: ebgp-multihop/state/multihop-ttl
  uint_value: 0
  key: route-reflector/state/route-reflector-cluster-id
  str_value: zero-len
  key: route-reflector/state/route-reflector-client
  bool_value: false
  key: as-path-options/state/allow-own-as
  uint_value: 0
  key: as-path-options/state/replace-peer-as
  bool_value: false
  key: as-path-options/state/disable-peer-as-filter
  bool_value: false
  key: use-multiple-paths/state/enabled
  bool_value: false
  key: use-multiple-paths/ebgp/state/allow-multiple-as
  bool_value: false
  key: graceful-restart/state/enabled
  bool_value: false
  key: graceful-restart/state/restart-time
  uint_value: 120
  key: graceful-restart/state/stale-routes-time
  str_value: 300.00
  key: graceful-restart/state/helper-only
  bool_value: true
  key: graceful-restart/state/peer-restarting
  bool_value: false
  key: graceful-restart/state/local-restarting
  bool_value: false
  key: graceful-restart/state/mode
  str_value: HELPER_ONLY
  key: apply-policy/state/import-policy
  leaf_list_value: element:<leaflist_str_value:"RX-FROM-AKAMAI" > 
  key: apply-policy/state/export-policy
  leaf_list_value: element:<leaflist_str_value:"ADV-TO-AKAMAI" > 
  key: __prefix__
  str_value: /network-instances/network-instance[name='master']/protocols/protocol/bgp/neighbors/neighbor[neighbor-address='27.111.228.116']/
  key: snmp-peer-index
  uint_value: 164
  key: state/peer-as
  uint_value: 33891
  key: state/local-as
  uint_value: 45903
  key: state/peer-type
  str_value: EXTERNAL
  key: state/auth-password
  str_value: (null)
  key: state/route-flap-damping
  bool_value: false
  key: state/description
  str_value: Peering AMSIX
  key: state/session-state
  str_value: IDLE
  key: state/last-established
  uint_value: 1694967381
  key: state/established-transitions
  uint_value: 0
  key: state/messages/sent/UPDATE
  uint_value: 0
  key: state/messages/sent/NOTIFICATION
  uint_value: 0
  key: state/messages/sent/last-notification-time
  uint_value: 0
  key: state/messages/sent/last-notification-error-subcode
  str_value: UNSPECIFIC
  key: state/messages/received/UPDATE
  uint_value: 0
  key: state/messages/received/NOTIFICATION
  uint_value: 0
  key: state/messages/received/last-notification-time
  uint_value: 0
  key: state/messages/received/last-notification-error-code
  str_value: NONE
  key: state/messages/received/last-notification-error-subcode
  str_value: UNSPECIFIC
  key: state/queues/input
  uint_value: 0
  key: state/queues/output
  uint_value: 0
  key: state/dynamically-configured
  bool_value: false
  key: state/session-status
  str_value: HALTED
  key: state/session-admin-status
  str_value: STOP
  key: state/interface-error
  bool_value: true
  key: state/import-eval-pending
  bool_value: false
  key: state/import-eval
  bool_value: false
  key: state/peer-group
  str_value: Equinix
  key: state/neighbor-address
  str_value: 27.111.228.116
  key: state/enabled
  bool_value: true
  key: timers/state/connect-retry
  str_value: 0.00
  key: timers/state/hold-time
  str_value: 90.00
  key: timers/state/keepalive-interval
  str_value: 30.00
  key: timers/state/minimum-advertisement-interval
  str_value: 0.00
  key: timers/state/negotiated-hold-time
  str_value: 0.00
  key: transport/state/tcp-mss
  uint_value: 0
  key: transport/state/mtu-discovery
  bool_value: false
  key: transport/state/passive-mode
  bool_value: false
  key: transport/state/local-address
  str_value: 27.111.228.152
  key: transport/state/local-port
  uint_value: 0
  key: transport/state/remote-address
  str_value: 27.111.228.116
  key: transport/state/remote-port
  uint_value: 0
  key: error-handling/state/treat-as-withdraw
  bool_value: true
  key: error-handling/state/erroneous-update-messages
  uint_value: 0
  key: logging-options/state/log-neighbor-state-changes
  bool_value: false
  key: ebgp-multihop/state/enabled
  bool_value: false
  key: ebgp-multihop/state/multihop-ttl
  uint_value: 0
  key: route-reflector/state/route-reflector-cluster-id
  str_value: zero-len
  key: route-reflector/state/route-reflector-client
  bool_value: false
  key: as-path-options/state/allow-own-as
  uint_value: 0
  key: as-path-options/state/replace-peer-as
  bool_value: false
  key: as-path-options/state/disable-peer-as-filter
  bool_value: false
  key: use-multiple-paths/state/enabled
  bool_value: false
  key: use-multiple-paths/ebgp/state/allow-multiple-as
  bool_value: false
  key: graceful-restart/state/enabled
  bool_value: false
  key: graceful-restart/state/restart-time
  uint_value: 120
  key: graceful-restart/state/stale-routes-time
  str_value: 300.00
  key: graceful-restart/state/helper-only
  bool_value: true
  key: graceful-restart/state/peer-restarting
  bool_value: false
  key: graceful-restart/state/local-restarting
  bool_value: false
  key: graceful-restart/state/mode
  str_value: HELPER_ONLY
  key: apply-policy/state/import-policy
  leaf_list_value: element:<leaflist_str_value:"RX-FROM-EQUINIX" > 
  key: apply-policy/state/export-policy
  leaf_list_value: element:<leaflist_str_value:"ADV-TO-EQUINIX" > 
  key: __prefix__
  str_value: /network-instances/network-instance[name='master']/protocols/protocol/bgp/neighbors/neighbor[neighbor-address='27.111.228.122']/
  key: snmp-peer-index
  uint_value: 157
  key: state/peer-as
  uint_value: 24115
  key: state/local-as
  uint_value: 45903
  key: state/peer-type
  str_value: EXTERNAL
  key: state/auth-password
  str_value: (null)
  key: state/route-flap-damping
  bool_value: false
  key: state/description
  str_value: primary Peer V4-CID #1-35612467883
  key: state/session-state
  str_value: IDLE
  key: state/last-established
  uint_value: 1694967381
  key: state/established-transitions
  uint_value: 0
  key: state/messages/sent/UPDATE
  uint_value: 0
  key: state/messages/sent/NOTIFICATION
  uint_value: 0
  key: state/messages/sent/last-notification-time
  uint_value: 0
  key: state/messages/sent/last-notification-error-subcode
  str_value: UNSPECIFIC
  key: state/messages/received/UPDATE
  uint_value: 0
  key: state/messages/received/NOTIFICATION
  uint_value: 0
  key: state/messages/received/last-notification-time
  uint_value: 0
  key: state/messages/received/last-notification-error-code
  str_value: NONE
  key: state/messages/received/last-notification-error-subcode
  str_value: UNSPECIFIC
  key: state/queues/input
  uint_value: 0
  key: state/queues/output
  uint_value: 0
  key: state/dynamically-configured
  bool_value: false
  key: state/session-status
  str_value: HALTED
  key: state/session-admin-status
  str_value: STOP
  key: state/interface-error
  bool_value: true
  key: state/import-eval-pending
  bool_value: false
  key: state/import-eval
  bool_value: false
  key: state/peer-group
  str_value: Equinix
  key: state/neighbor-address
  str_value: 27.111.228.122
  key: state/enabled
  bool_value: true
  key: timers/state/connect-retry
  str_value: 0.00
  key: timers/state/hold-time
  str_value: 90.00
  key: timers/state/keepalive-interval
  str_value: 30.00
  key: timers/state/minimum-advertisement-interval
  str_value: 0.00
  key: timers/state/negotiated-hold-time
  str_value: 0.00
  key: transport/state/tcp-mss
  uint_value: 0
  key: transport/state/mtu-discovery
  bool_value: false
  key: transport/state/passive-mode
  bool_value: false
  key: transport/state/local-address
  str_value: 27.111.228.152
  key: transport/state/local-port
  uint_value: 0
  key: transport/state/remote-address
  str_value: 27.111.228.122
  key: transport/state/remote-port
  uint_value: 0
  key: error-handling/state/treat-as-withdraw
  bool_value: true
  key: error-handling/state/erroneous-update-messages
  uint_value: 0
  key: logging-options/state/log-neighbor-state-changes
  bool_value: false
  key: ebgp-multihop/state/enabled
  bool_value: false
  key: ebgp-multihop/state/multihop-ttl
  uint_value: 0
  key: route-reflector/state/route-reflector-cluster-id
  str_value: zero-len
  key: route-reflector/state/route-reflector-client
  bool_value: false
  key: as-path-options/state/allow-own-as
  uint_value: 0
  key: as-path-options/state/replace-peer-as
  bool_value: false
  key: as-path-options/state/disable-peer-as-filter
  bool_value: false
  key: use-multiple-paths/state/enabled
  bool_value: false
  key: use-multiple-paths/ebgp/state/allow-multiple-as
  bool_value: false
  key: graceful-restart/state/enabled
  bool_value: false
  key: graceful-restart/state/restart-time
  uint_value: 120
  key: graceful-restart/state/stale-routes-time
  str_value: 300.00
  key: graceful-restart/state/helper-only
  bool_value: true
  key: graceful-restart/state/peer-restarting
  bool_value: false
  key: graceful-restart/state/local-restarting
  bool_value: false
  key: graceful-restart/state/mode
  str_value: HELPER_ONLY
system_id: SGP001IGR04
component_id: 65535
sub_component_id: 0
path: sensor_1004:/network-instances/network-instance/protocols/protocol/bgp/neighbors/neighbor/:/network-instances/network-instance/protocols/protocol/bgp/neighbors/neighbor/:rpd
sequence_number: 3
timestamp: 1695289070014
sync_response: false
  key: __timestamp__
  uint_value: 1695289070015
  key: __junos_re_stream_creation_timestamp__
  uint_value: 1695289069611
  key: __junos_re_payload_get_timestamp__
  uint_value: 1695289069990
  key: apply-policy/state/import-policy
  leaf_list_value: element:<leaflist_str_value:"RX-FROM-EQUINIX" > 
  key: __prefix__
  str_value: /network-instances/network-instance[name='master']/protocols/protocol/bgp/neighbors/neighbor[neighbor-address='27.111.228.122']/
  key: apply-policy/state/export-policy
  leaf_list_value: element:<leaflist_str_value:"ADV-TO-EQUINIX" > 
  key: __prefix__
  str_value: /network-instances/network-instance[name='master']/protocols/protocol/bgp/neighbors/neighbor[neighbor-address='27.111.228.123']/
  key: snmp-peer-index
  uint_value: 158
  key: state/peer-as
  uint_value: 24115
  key: state/local-as
  uint_value: 45903
  key: state/peer-type
  str_value: EXTERNAL
  key: state/auth-password
  str_value: (null)
  key: state/route-flap-damping
  bool_value: false
  key: state/description
  str_value: backup Peer V4
  key: state/session-state
  str_value: IDLE
  key: state/last-established
  uint_value: 1694967380
  key: state/established-transitions
  uint_value: 0
  key: state/messages/sent/UPDATE
  uint_value: 0
  key: state/messages/sent/NOTIFICATION
  uint_value: 0
  key: state/messages/sent/last-notification-time
  uint_value: 0
  key: state/messages/sent/last-notification-error-subcode
  str_value: UNSPECIFIC
  key: state/messages/received/UPDATE
  uint_value: 0
  key: state/messages/received/NOTIFICATION
  uint_value: 0
  key: state/messages/received/last-notification-time
  uint_value: 0
  key: state/messages/received/last-notification-error-code
  str_value: NONE
  key: state/messages/received/last-notification-error-subcode
  str_value: UNSPECIFIC
  key: state/queues/input
  uint_value: 0
  key: state/queues/output
  uint_value: 0
  key: state/dynamically-configured
  bool_value: false
  key: state/session-status
  str_value: HALTED
  key: state/session-admin-status
  str_value: STOP
  key: state/interface-error
  bool_value: true
  key: state/import-eval-pending
  bool_value: false
  key: state/import-eval
  bool_value: false
  key: state/peer-group
  str_value: Equinix
  key: state/neighbor-address
  str_value: 27.111.228.123
  key: state/enabled
  bool_value: true
  key: timers/state/connect-retry
  str_value: 0.00
  key: timers/state/hold-time
  str_value: 90.00
  key: timers/state/keepalive-interval
  str_value: 30.00
  key: timers/state/minimum-advertisement-interval
  str_value: 0.00
  key: timers/state/negotiated-hold-time
  str_value: 0.00
  key: transport/state/tcp-mss
  uint_value: 0
  key: transport/state/mtu-discovery
  bool_value: false
  key: transport/state/passive-mode
  bool_value: false
  key: transport/state/local-address
  str_value: 27.111.228.152
  key: transport/state/local-port
  uint_value: 0
  key: transport/state/remote-address
  str_value: 27.111.228.123
  key: transport/state/remote-port
  uint_value: 0
  key: error-handling/state/treat-as-withdraw
  bool_value: true
  key: error-handling/state/erroneous-update-messages
  uint_value: 0
  key: logging-options/state/log-neighbor-state-changes
  bool_value: false
  key: ebgp-multihop/state/enabled
  bool_value: false
  key: ebgp-multihop/state/multihop-ttl
  uint_value: 0
  key: route-reflector/state/route-reflector-cluster-id
  str_value: zero-len
  key: route-reflector/state/route-reflector-client
  bool_value: false
  key: as-path-options/state/allow-own-as
  uint_value: 0
  key: as-path-options/state/replace-peer-as
  bool_value: false
  key: as-path-options/state/disable-peer-as-filter
  bool_value: false
  key: use-multiple-paths/state/enabled
  bool_value: false
  key: use-multiple-paths/ebgp/state/allow-multiple-as
  bool_value: false
  key: graceful-restart/state/enabled
  bool_value: false
  key: graceful-restart/state/restart-time
  uint_value: 120
  key: graceful-restart/state/stale-routes-time
  str_value: 300.00
  key: graceful-restart/state/helper-only
  bool_value: true
  key: graceful-restart/state/peer-restarting
  bool_value: false
  key: graceful-restart/state/local-restarting
  bool_value: false
  key: graceful-restart/state/mode
  str_value: HELPER_ONLY
  key: apply-policy/state/import-policy
  leaf_list_value: element:<leaflist_str_value:"RX-FROM-EQUINIX" > 
  key: apply-policy/state/export-policy
  leaf_list_value: element:<leaflist_str_value:"ADV-TO-EQUINIX" > 
  key: __prefix__
  str_value: /network-instances/network-instance[name='master']/protocols/protocol/bgp/neighbors/neighbor[neighbor-address='27.111.228.126']/
  key: snmp-peer-index
  uint_value: 188
  key: state/peer-as
  uint_value: 45102
  key: state/local-as
  uint_value: 45903
  key: state/peer-type
  str_value: EXTERNAL
  key: state/auth-password
  str_value: (null)
  key: state/route-flap-damping
  bool_value: false
  key: state/description
  str_value: ALIBABA
  key: state/session-state
  str_value: IDLE
  key: state/last-established
  uint_value: 1694967380
  key: state/established-transitions
  uint_value: 0
  key: state/messages/sent/UPDATE
  uint_value: 0
  key: state/messages/sent/NOTIFICATION
  uint_value: 0
  key: state/messages/sent/last-notification-time
  uint_value: 0
  key: state/messages/sent/last-notification-error-subcode
  str_value: UNSPECIFIC
  key: state/messages/received/UPDATE
  uint_value: 0
  key: state/messages/received/NOTIFICATION
  uint_value: 0
  key: state/messages/received/last-notification-time
  uint_value: 0
  key: state/messages/received/last-notification-error-code
  str_value: NONE
  key: state/messages/received/last-notification-error-subcode
  str_value: UNSPECIFIC
  key: state/queues/input
  uint_value: 0
  key: state/queues/output
  uint_value: 0
  key: state/dynamically-configured
  bool_value: false
  key: state/session-status
  str_value: HALTED
  key: state/session-admin-status
  str_value: STOP
  key: state/interface-error
  bool_value: true
  key: state/import-eval-pending
  bool_value: false
  key: state/import-eval
  bool_value: false
  key: state/peer-group
  str_value: Equinix
  key: state/neighbor-address
  str_value: 27.111.228.126
  key: state/enabled
  bool_value: true
  key: timers/state/connect-retry
  str_value: 0.00
  key: timers/state/hold-time
  str_value: 90.00
  key: timers/state/keepalive-interval
  str_value: 30.00
  key: timers/state/minimum-advertisement-interval
  str_value: 0.00
  key: timers/state/negotiated-hold-time
  str_value: 0.00
  key: transport/state/tcp-mss
  uint_value: 0
  key: transport/state/mtu-discovery
  bool_value: false
  key: transport/state/passive-mode
  bool_value: false
  key: transport/state/local-address
  str_value: 27.111.228.152
  key: transport/state/local-port
  uint_value: 0
  key: transport/state/remote-address
  str_value: 27.111.228.126
  key: transport/state/remote-port
  uint_value: 0
  key: error-handling/state/treat-as-withdraw
  bool_value: true
  key: error-handling/state/erroneous-update-messages
  uint_value: 0
  key: logging-options/state/log-neighbor-state-changes
  bool_value: false
  key: ebgp-multihop/state/enabled
  bool_value: false
  key: ebgp-multihop/state/multihop-ttl
  uint_value: 0
  key: route-reflector/state/route-reflector-cluster-id
  str_value: zero-len
  key: route-reflector/state/route-reflector-client
  bool_value: false
  key: as-path-options/state/allow-own-as
  uint_value: 0
  key: as-path-options/state/replace-peer-as
  bool_value: false
  key: as-path-options/state/disable-peer-as-filter
  bool_value: false
  key: use-multiple-paths/state/enabled
  bool_value: false
  key: use-multiple-paths/ebgp/state/allow-multiple-as
  bool_value: false
  key: graceful-restart/state/enabled
  bool_value: false
  key: graceful-restart/state/restart-time
  uint_value: 120
  key: graceful-restart/state/stale-routes-time
  str_value: 300.00
  key: graceful-restart/state/helper-only
  bool_value: true
  key: graceful-restart/state/peer-restarting
  bool_value: false
  key: graceful-restart/state/local-restarting
  bool_value: false
  key: graceful-restart/state/mode
  str_value: HELPER_ONLY
  key: apply-policy/state/import-policy
  leaf_list_value: element:<leaflist_str_value:"RX-FROM-EQUINIX" > 
  key: apply-policy/state/export-policy
  leaf_list_value: element:<leaflist_str_value:"ADV-TO-EQUINIX" > 
  key: __prefix__
  str_value: /network-instances/network-instance[name='master']/protocols/protocol/bgp/neighbors/neighbor[neighbor-address='27.111.228.153']/
  key: snmp-peer-index
  uint_value: 178
  key: state/peer-as
  uint_value: 45352
  key: state/local-as
  uint_value: 45903
  key: state/peer-type
  str_value: EXTERNAL
  key: state/auth-password
  str_value: (null)
  key: state/route-flap-damping
  bool_value: false
  key: state/description
  str_value: Peer-IPServerone
  key: state/session-state
  str_value: IDLE
  key: state/last-established
  uint_value: 1694967380
  key: state/established-transitions
  uint_value: 0
  key: state/messages/sent/UPDATE
  uint_value: 0
  key: state/messages/sent/NOTIFICATION
  uint_value: 0
  key: state/messages/sent/last-notification-time
  uint_value: 0
  key: state/messages/sent/last-notification-error-subcode
  str_value: UNSPECIFIC
  key: state/messages/received/UPDATE
  uint_value: 0
  key: state/messages/received/NOTIFICATION
  uint_value: 0
  key: state/messages/received/last-notification-time
  uint_value: 0
  key: state/messages/received/last-notification-error-code
  str_value: NONE
  key: state/messages/received/last-notification-error-subcode
  str_value: UNSPECIFIC
  key: state/queues/input
  uint_value: 0
  key: state/queues/output
  uint_value: 0
  key: state/dynamically-configured
  bool_value: false
  key: state/session-status
  str_value: HALTED
  key: state/session-admin-status
  str_value: STOP
  key: state/interface-error
  bool_value: true
  key: state/import-eval-pending
  bool_value: false
  key: state/import-eval
  bool_value: false
  key: state/peer-group
  str_value: Equinix
  key: state/neighbor-address
  str_value: 27.111.228.153
  key: state/enabled
  bool_value: true
  key: timers/state/connect-retry
  str_value: 0.00
  key: timers/state/hold-time
  str_value: 90.00
  key: timers/state/keepalive-interval
  str_value: 30.00
  key: timers/state/minimum-advertisement-interval
  str_value: 0.00
  key: timers/state/negotiated-hold-time
  str_value: 0.00
  key: transport/state/tcp-mss
  uint_value: 0
  key: transport/state/mtu-discovery
  bool_value: false
  key: transport/state/passive-mode
  bool_value: false
  key: transport/state/local-address
  str_value: 27.111.228.152
  key: transport/state/local-port
  uint_value: 0
  key: transport/state/remote-address
  str_value: 27.111.228.153
  key: transport/state/remote-port
  uint_value: 0
  key: error-handling/state/treat-as-withdraw
  bool_value: true
  key: error-handling/state/erroneous-update-messages
  uint_value: 0
  key: logging-options/state/log-neighbor-state-changes
  bool_value: false
  key: ebgp-multihop/state/enabled
  bool_value: false
  key: ebgp-multihop/state/multihop-ttl
  uint_value: 0
  key: route-reflector/state/route-reflector-cluster-id
  str_value: zero-len
  key: route-reflector/state/route-reflector-client
  bool_value: false
  key: as-path-options/state/allow-own-as
  uint_value: 0
  key: as-path-options/state/replace-peer-as
  bool_value: false
  key: as-path-options/state/disable-peer-as-filter
  bool_value: false
  key: use-multiple-paths/state/enabled
  bool_value: false
  key: use-multiple-paths/ebgp/state/allow-multiple-as
  bool_value: false
  key: graceful-restart/state/enabled
  bool_value: false
  key: graceful-restart/state/restart-time
  uint_value: 120
  key: graceful-restart/state/stale-routes-time
  str_value: 300.00
  key: graceful-restart/state/helper-only
  bool_value: true
  key: graceful-restart/state/peer-restarting
  bool_value: false
  key: graceful-restart/state/local-restarting
  bool_value: false
  key: graceful-restart/state/mode
  str_value: HELPER_ONLY
  key: apply-policy/state/import-policy
  leaf_list_value: element:<leaflist_str_value:"RX-FROM-EQUINIX" > 
  key: apply-policy/state/export-policy
  leaf_list_value: element:<leaflist_str_value:"ADV-TO-EQUINIX" > 
  key: __prefix__
  str_value: /network-instances/network-instance[name='master']/protocols/protocol/bgp/neighbors/neighbor[neighbor-address='27.111.228.159']/
  key: snmp-peer-index
  uint_value: 176
  key: state/peer-as
  uint_value: 24482
  key: state/local-as
  uint_value: 45903
  key: state/peer-type
  str_value: EXTERNAL
  key: state/auth-password
  str_value: (null)
  key: state/route-flap-damping
  bool_value: false
  key: state/description
  str_value: Peer-SGGS
  key: state/session-state
  str_value: IDLE
  key: state/last-established
  uint_value: 1694967381
  key: state/established-transitions
  uint_value: 0
  key: state/messages/sent/UPDATE
  uint_value: 0
  key: state/messages/sent/NOTIFICATION
  uint_value: 0
  key: state/messages/sent/last-notification-time
  uint_value: 0
  key: state/messages/sent/last-notification-error-subcode
  str_value: UNSPECIFIC
  key: state/messages/received/UPDATE
  uint_value: 0
  key: state/messages/received/NOTIFICATION
  uint_value: 0
  key: state/messages/received/last-notification-time
  uint_value: 0
  key: state/messages/received/last-notification-error-code
  str_value: NONE
  key: state/messages/received/last-notification-error-subcode
  str_value: UNSPECIFIC
  key: state/queues/input
  uint_value: 0
  key: state/queues/output
  uint_value: 0
  key: state/dynamically-configured
  bool_value: false
  key: state/session-status
  str_value: HALTED
  key: state/session-admin-status
  str_value: STOP
  key: state/interface-error
  bool_value: true
  key: state/import-eval-pending
  bool_value: false
  key: state/import-eval
  bool_value: false
  key: state/peer-group
  str_value: Equinix
  key: state/neighbor-address
  str_value: 27.111.228.159
  key: state/enabled
  bool_value: true
  key: timers/state/connect-retry
  str_value: 0.00
  key: timers/state/hold-time
  str_value: 90.00
  key: timers/state/keepalive-interval
  str_value: 30.00
  key: timers/state/minimum-advertisement-interval
  str_value: 0.00
  key: timers/state/negotiated-hold-time
  str_value: 0.00
  key: transport/state/tcp-mss
  uint_value: 0
  key: transport/state/mtu-discovery
  bool_value: false
  key: transport/state/passive-mode
  bool_value: false
  key: transport/state/local-address
  str_value: 27.111.228.152
  key: transport/state/local-port
  uint_value: 0
  key: transport/state/remote-address
  str_value: 27.111.228.159
  key: transport/state/remote-port
  uint_value: 0
  key: error-handling/state/treat-as-withdraw
  bool_value: true
  key: error-handling/state/erroneous-update-messages
  uint_value: 0
  key: logging-options/state/log-neighbor-state-changes
  bool_value: false
  key: ebgp-multihop/state/enabled
  bool_value: false
  key: ebgp-multihop/state/multihop-ttl
  uint_value: 0
  key: route-reflector/state/route-reflector-cluster-id
  str_value: zero-len
  key: route-reflector/state/route-reflector-client
  bool_value: false
  key: as-path-options/state/allow-own-as
  uint_value: 0
  key: as-path-options/state/replace-peer-as
  bool_value: false
  key: as-path-options/state/disable-peer-as-filter
  bool_value: false
  key: use-multiple-paths/state/enabled
  bool_value: false
  key: use-multiple-paths/ebgp/state/allow-multiple-as
  bool_value: false
  key: graceful-restart/state/enabled
  bool_value: false
  key: graceful-restart/state/restart-time
  uint_value: 120
  key: graceful-restart/state/stale-routes-time
  str_value: 300.00
  key: graceful-restart/state/helper-only
  bool_value: true
  key: graceful-restart/state/peer-restarting
  bool_value: false
  key: graceful-restart/state/local-restarting
  bool_value: false
  key: graceful-restart/state/mode
  str_value: HELPER_ONLY
  key: apply-policy/state/import-policy
  leaf_list_value: element:<leaflist_str_value:"RX-FROM-EQUINIX" > 
  key: apply-policy/state/export-policy
  leaf_list_value: element:<leaflist_str_value:"ADV-TO-EQUINIX" > 
  key: __prefix__
  str_value: /network-instances/network-instance[name='master']/protocols/protocol/bgp/neighbors/neighbor[neighbor-address='27.111.228.165']/
  key: snmp-peer-index
  uint_value: 204
  key: state/peer-as
  uint_value: 23576
  key: state/local-as
  uint_value: 45903
  key: state/peer-type
  str_value: EXTERNAL
  key: state/auth-password
  str_value: (null)
  key: state/route-flap-damping
  bool_value: false
  key: state/description
  str_value: Peer-Naver-Main
  key: state/session-state
  str_value: IDLE
  key: state/last-established
  uint_value: 1694967381
  key: state/established-transitions
  uint_value: 0
  key: state/messages/sent/UPDATE
  uint_value: 0
  key: state/messages/sent/NOTIFICATION
  uint_value: 0
  key: state/messages/sent/last-notification-time
  uint_value: 0
  key: state/messages/sent/last-notification-error-subcode
  str_value: UNSPECIFIC
  key: state/messages/received/UPDATE
  uint_value: 0
  key: state/messages/received/NOTIFICATION
  uint_value: 0
  key: state/messages/received/last-notification-time
  uint_value: 0
  key: state/messages/received/last-notification-error-code
  str_value: NONE
  key: state/messages/received/last-notification-error-subcode
  str_value: UNSPECIFIC
  key: state/queues/input
  uint_value: 0
  key: state/queues/output
  uint_value: 0
  key: state/dynamically-configured
  bool_value: false
  key: state/session-status
  str_value: HALTED
  key: state/session-admin-status
  str_value: STOP
  key: state/interface-error
  bool_value: true
  key: state/import-eval-pending
  bool_value: false
  key: state/import-eval
  bool_value: false
  key: state/peer-group
  str_value: Equinix
  key: state/neighbor-address
  str_value: 27.111.228.165
  key: state/enabled
  bool_value: true
  key: timers/state/connect-retry
  str_value: 0.00
  key: timers/state/hold-time
  str_value: 90.00
  key: timers/state/keepalive-interval
  str_value: 30.00
  key: timers/state/minimum-advertisement-interval
  str_value: 0.00
  key: timers/state/negotiated-hold-time
  str_value: 0.00
  key: transport/state/tcp-mss
  uint_value: 0
  key: transport/state/mtu-discovery
  bool_value: false
  key: transport/state/passive-mode
  bool_value: false
  key: transport/state/local-address
  str_value: 27.111.228.152
  key: transport/state/local-port
  uint_value: 0
  key: transport/state/remote-address
  str_value: 27.111.228.165
  key: transport/state/remote-port
  uint_value: 0
  key: error-handling/state/treat-as-withdraw
  bool_value: true
  key: error-handling/state/erroneous-update-messages
  uint_value: 0
  key: logging-options/state/log-neighbor-state-changes
  bool_value: false
  key: ebgp-multihop/state/enabled
  bool_value: false
  key: ebgp-multihop/state/multihop-ttl
  uint_value: 0
  key: route-reflector/state/route-reflector-cluster-id
  str_value: zero-len
  key: route-reflector/state/route-reflector-client
  bool_value: false
  key: as-path-options/state/allow-own-as
  uint_value: 0
  key: as-path-options/state/replace-peer-as
  bool_value: false
  key: as-path-options/state/disable-peer-as-filter
  bool_value: false
  key: use-multiple-paths/state/enabled
  bool_value: false
  key: use-multiple-paths/ebgp/state/allow-multiple-as
  bool_value: false
  key: __prefix__
  str_value: /network-instances/network-instance[name='master']/protocols/protocol/bgp/neighbors/neighbor[neighbor-address='27.111.228.165']/afi-safis/afi-safi[afi-safi-name='IPV4_UNICAST']/
  key: graceful-restart/state/enabled
  bool_value: true
  key: graceful-restart/state/received
  bool_value: false
  key: graceful-restart/state/advertised
  bool_value: false
  key: state/afi-safi-name
  str_value: IPV4_UNICAST
  key: state/enabled
  bool_value: true
  key: state/active
  bool_value: false
  key: state/prefixes/received
  uint_value: 0
  key: state/prefixes/sent
  uint_value: 0
  key: state/prefixes/installed
  uint_value: 0
  key: state/prefixes/accepted
  uint_value: 0
  key: state/prefix-limit-exceeded
  bool_value: false
  key: state/queues/input
  uint_value: 0
  key: state/queues/output
  uint_value: 0
  key: add-paths/state/receive
  bool_value: false
  key: add-paths/state/send
  bool_value: false
  key: add-paths/state/eligible-prefix-policy
  str_value: 
  key: ipv4-unicast/prefix-limit/state/max-prefixes
  uint_value: 0
  key: ipv4-unicast/prefix-limit/state/prevent-teardown
  bool_value: true
  key: ipv4-unicast/prefix-limit/state/shutdown-threshold-pct
  uint_value: 0
  key: ipv4-unicast/prefix-limit/state/restart-timer
  str_value: 0.00
  key: __prefix__
  str_value: /network-instances/network-instance[name='master']/protocols/protocol/bgp/neighbors/neighbor[neighbor-address='27.111.228.165']/
  key: graceful-restart/state/enabled
  bool_value: false
  key: graceful-restart/state/restart-time
  uint_value: 120
  key: graceful-restart/state/stale-routes-time
  str_value: 300.00
  key: graceful-restart/state/helper-only
  bool_value: true
  key: graceful-restart/state/peer-restarting
  bool_value: false
  key: graceful-restart/state/local-restarting
  bool_value: false
  key: graceful-restart/state/mode
  str_value: HELPER_ONLY
  key: apply-policy/state/import-policy
  leaf_list_value: element:<leaflist_str_value:"RX-FROM-EQUINIX" > 
  key: apply-policy/state/export-policy
  leaf_list_value: element:<leaflist_str_value:"ADV-TO-EQUINIX" > 
  key: __prefix__
  str_value: /network-instances/network-instance[name='master']/protocols/protocol/bgp/neighbors/neighbor[neighbor-address='27.111.228.170']/
  key: snmp-peer-index
  uint_value: 208
  key: state/peer-as
  uint_value: 136168
  key: state/local-as
  uint_value: 45903
  key: state/peer-type
  str_value: EXTERNAL
  key: state/auth-password
  str_value: (null)
  key: state/route-flap-damping
  bool_value: false
  key: state/description
  str_value: Peer-CAMPANA
  key: state/session-state
  str_value: IDLE
  key: state/last-established
  uint_value: 1694967381
  key: state/established-transitions
  uint_value: 0
  key: state/messages/sent/UPDATE
  uint_value: 0
  key: state/messages/sent/NOTIFICATION
  uint_value: 0
  key: state/messages/sent/last-notification-time
  uint_value: 0
  key: state/messages/sent/last-notification-error-subcode
  str_value: UNSPECIFIC
  key: state/messages/received/UPDATE
  uint_value: 0
  key: state/messages/received/NOTIFICATION
  uint_value: 0
  key: state/messages/received/last-notification-time
  uint_value: 0
  key: state/messages/received/last-notification-error-code
  str_value: NONE
  key: state/messages/received/last-notification-error-subcode
  str_value: UNSPECIFIC
  key: state/queues/input
  uint_value: 0
  key: state/queues/output
  uint_value: 0
  key: state/dynamically-configured
  bool_value: false
  key: state/session-status
  str_value: HALTED
  key: state/session-admin-status
  str_value: STOP
  key: state/interface-error
  bool_value: true
  key: state/import-eval-pending
  bool_value: false
  key: state/import-eval
  bool_value: false
  key: state/peer-group
  str_value: Equinix
  key: state/neighbor-address
  str_value: 27.111.228.170
  key: state/enabled
  bool_value: true
  key: timers/state/connect-retry
  str_value: 0.00
  key: timers/state/hold-time
  str_value: 90.00
  key: timers/state/keepalive-interval
  str_value: 30.00
  key: timers/state/minimum-advertisement-interval
  str_value: 0.00
  key: timers/state/negotiated-hold-time
  str_value: 0.00
  key: transport/state/tcp-mss
  uint_value: 0
  key: transport/state/mtu-discovery
  bool_value: false
  key: transport/state/passive-mode
  bool_value: false
  key: transport/state/local-address
  str_value: 27.111.228.152
  key: transport/state/local-port
  uint_value: 0
  key: transport/state/remote-address
  str_value: 27.111.228.170
  key: transport/state/remote-port
  uint_value: 0
  key: error-handling/state/treat-as-withdraw
  bool_value: true
  key: error-handling/state/erroneous-update-messages
  uint_value: 0
  key: logging-options/state/log-neighbor-state-changes
  bool_value: false
  key: ebgp-multihop/state/enabled
  bool_value: false
  key: ebgp-multihop/state/multihop-ttl
  uint_value: 0
  key: route-reflector/state/route-reflector-cluster-id
  str_value: zero-len
  key: route-reflector/state/route-reflector-client
  bool_value: false
  key: as-path-options/state/allow-own-as
  uint_value: 0
  key: as-path-options/state/replace-peer-as
  bool_value: false
  key: as-path-options/state/disable-peer-as-filter
  bool_value: false
  key: use-multiple-paths/state/enabled
  bool_value: false
  key: use-multiple-paths/ebgp/state/allow-multiple-as
  bool_value: false
  key: graceful-restart/state/enabled
  bool_value: false
  key: graceful-restart/state/restart-time
  uint_value: 120
  key: graceful-restart/state/stale-routes-time
  str_value: 300.00
  key: graceful-restart/state/helper-only
  bool_value: true
  key: graceful-restart/state/peer-restarting
  bool_value: false
  key: graceful-restart/state/local-restarting
  bool_value: false
  key: graceful-restart/state/mode
  str_value: HELPER_ONLY
system_id: SGP001IGR04
component_id: 65535
sub_component_id: 0
path: sensor_1004:/network-instances/network-instance/protocols/protocol/bgp/neighbors/neighbor/:/network-instances/network-instance/protocols/protocol/bgp/neighbors/neighbor/:rpd
sequence_number: 4
timestamp: 1695289070139
sync_response: false
  key: __timestamp__
  uint_value: 1695289070140
  key: __junos_re_stream_creation_timestamp__
  uint_value: 1695289069611
  key: __junos_re_payload_get_timestamp__
  uint_value: 1695289070115
  key: apply-policy/state/import-policy
  leaf_list_value: element:<leaflist_str_value:"RX-FROM-CAMPANA" > 
  key: __prefix__
  str_value: /network-instances/network-instance[name='master']/protocols/protocol/bgp/neighbors/neighbor[neighbor-address='27.111.228.170']/
  key: apply-policy/state/export-policy
  leaf_list_value: element:<leaflist_str_value:"ADV-TO-EQUINIX" > 
  key: __prefix__
  str_value: /network-instances/network-instance[name='master']/protocols/protocol/bgp/neighbors/neighbor[neighbor-address='27.111.228.176']/
  key: snmp-peer-index
  uint_value: 196
  key: state/peer-as
  uint_value: 32590
  key: state/local-as
  uint_value: 45903
  key: state/peer-type
  str_value: EXTERNAL
  key: state/auth-password
  str_value: (null)
  key: state/route-flap-damping
  bool_value: false
  key: state/description
  str_value: Peering VALVE
  key: state/session-state
  str_value: IDLE
  key: state/last-established
  uint_value: 1694967381
  key: state/established-transitions
  uint_value: 0
  key: state/messages/sent/UPDATE
  uint_value: 0
  key: state/messages/sent/NOTIFICATION
  uint_value: 0
  key: state/messages/sent/last-notification-time
  uint_value: 0
  key: state/messages/sent/last-notification-error-subcode
  str_value: UNSPECIFIC
  key: state/messages/received/UPDATE
  uint_value: 0
  key: state/messages/received/NOTIFICATION
  uint_value: 0
  key: state/messages/received/last-notification-time
  uint_value: 0
  key: state/messages/received/last-notification-error-code
  str_value: NONE
  key: state/messages/received/last-notification-error-subcode
  str_value: UNSPECIFIC
  key: state/queues/input
  uint_value: 0
  key: state/queues/output
  uint_value: 0
  key: state/dynamically-configured
  bool_value: false
  key: state/session-status
  str_value: HALTED
  key: state/session-admin-status
  str_value: STOP
  key: state/interface-error
  bool_value: true
  key: state/import-eval-pending
  bool_value: false
  key: state/import-eval
  bool_value: false
  key: state/peer-group
  str_value: Equinix
  key: state/neighbor-address
  str_value: 27.111.228.176
  key: state/enabled
  bool_value: true
  key: timers/state/connect-retry
  str_value: 0.00
  key: timers/state/hold-time
  str_value: 90.00
  key: timers/state/keepalive-interval
  str_value: 30.00
  key: timers/state/minimum-advertisement-interval
  str_value: 0.00
  key: timers/state/negotiated-hold-time
  str_value: 0.00
  key: transport/state/tcp-mss
  uint_value: 0
  key: transport/state/mtu-discovery
  bool_value: false
  key: transport/state/passive-mode
  bool_value: false
  key: transport/state/local-address
  str_value: 27.111.228.152
  key: transport/state/local-port
  uint_value: 0
  key: transport/state/remote-address
  str_value: 27.111.228.176
  key: transport/state/remote-port
  uint_value: 0
  key: error-handling/state/treat-as-withdraw
  bool_value: true
  key: error-handling/state/erroneous-update-messages
  uint_value: 0
  key: logging-options/state/log-neighbor-state-changes
  bool_value: false
  key: ebgp-multihop/state/enabled
  bool_value: false
  key: ebgp-multihop/state/multihop-ttl
  uint_value: 0
  key: route-reflector/state/route-reflector-cluster-id
  str_value: zero-len
  key: route-reflector/state/route-reflector-client
  bool_value: false
  key: as-path-options/state/allow-own-as
  uint_value: 0
  key: as-path-options/state/replace-peer-as
  bool_value: false
  key: as-path-options/state/disable-peer-as-filter
  bool_value: false
  key: use-multiple-paths/state/enabled
  bool_value: false
  key: use-multiple-paths/ebgp/state/allow-multiple-as
  bool_value: false
  key: graceful-restart/state/enabled
  bool_value: false
  key: graceful-restart/state/restart-time
  uint_value: 120
  key: graceful-restart/state/stale-routes-time
  str_value: 300.00
  key: graceful-restart/state/helper-only
  bool_value: true
  key: graceful-restart/state/peer-restarting
  bool_value: false
  key: graceful-restart/state/local-restarting
  bool_value: false
  key: graceful-restart/state/mode
  str_value: HELPER_ONLY
  key: apply-policy/state/import-policy
  leaf_list_value: element:<leaflist_str_value:"RX-FROM-EQUINIX" > 
  key: apply-policy/state/export-policy
  leaf_list_value: element:<leaflist_str_value:"ADV-TO-EQUINIX" > 
  key: __prefix__
  str_value: /network-instances/network-instance[name='master']/protocols/protocol/bgp/neighbors/neighbor[neighbor-address='27.111.228.183']/
  key: snmp-peer-index
  uint_value: 195
  key: state/peer-as
  uint_value: 21859
  key: state/local-as
  uint_value: 45903
  key: state/peer-type
  str_value: EXTERNAL
  key: state/auth-password
  str_value: (null)
  key: state/route-flap-damping
  bool_value: false
  key: state/description
  str_value: Peer-ZENLAYER
  key: state/session-state
  str_value: IDLE
  key: state/last-established
  uint_value: 1694967381
  key: state/established-transitions
  uint_value: 0
  key: state/messages/sent/UPDATE
  uint_value: 0
  key: state/messages/sent/NOTIFICATION
  uint_value: 0
  key: state/messages/sent/last-notification-time
  uint_value: 0
  key: state/messages/sent/last-notification-error-subcode
  str_value: UNSPECIFIC
  key: state/messages/received/UPDATE
  uint_value: 0
  key: state/messages/received/NOTIFICATION
  uint_value: 0
  key: state/messages/received/last-notification-time
  uint_value: 0
  key: state/messages/received/last-notification-error-code
  str_value: NONE
  key: state/messages/received/last-notification-error-subcode
  str_value: UNSPECIFIC
  key: state/queues/input
  uint_value: 0
  key: state/queues/output
  uint_value: 0
  key: state/dynamically-configured
  bool_value: false
  key: state/session-status
  str_value: HALTED
  key: state/session-admin-status
  str_value: STOP
  key: state/interface-error
  bool_value: true
  key: state/import-eval-pending
  bool_value: false
  key: state/import-eval
  bool_value: false
  key: state/peer-group
  str_value: Equinix
  key: state/neighbor-address
  str_value: 27.111.228.183
  key: state/enabled
  bool_value: true
  key: timers/state/connect-retry
  str_value: 0.00
  key: timers/state/hold-time
  str_value: 90.00
  key: timers/state/keepalive-interval
  str_value: 30.00
  key: timers/state/minimum-advertisement-interval
  str_value: 0.00
  key: timers/state/negotiated-hold-time
  str_value: 0.00
  key: transport/state/tcp-mss
  uint_value: 0
  key: transport/state/mtu-discovery
  bool_value: false
  key: transport/state/passive-mode
  bool_value: false
  key: transport/state/local-address
  str_value: 27.111.228.152
  key: transport/state/local-port
  uint_value: 0
  key: transport/state/remote-address
  str_value: 27.111.228.183
  key: transport/state/remote-port
  uint_value: 0
  key: error-handling/state/treat-as-withdraw
  bool_value: true
  key: error-handling/state/erroneous-update-messages
  uint_value: 0
  key: logging-options/state/log-neighbor-state-changes
  bool_value: false
  key: ebgp-multihop/state/enabled
  bool_value: false
  key: ebgp-multihop/state/multihop-ttl
  uint_value: 0
  key: route-reflector/state/route-reflector-cluster-id
  str_value: zero-len
  key: route-reflector/state/route-reflector-client
  bool_value: false
  key: as-path-options/state/allow-own-as
  uint_value: 0
  key: as-path-options/state/replace-peer-as
  bool_value: false
  key: as-path-options/state/disable-peer-as-filter
  bool_value: false
  key: use-multiple-paths/state/enabled
  bool_value: false
  key: use-multiple-paths/ebgp/state/allow-multiple-as
  bool_value: false
  key: graceful-restart/state/enabled
  bool_value: false
  key: graceful-restart/state/restart-time
  uint_value: 120
  key: graceful-restart/state/stale-routes-time
  str_value: 300.00
  key: graceful-restart/state/helper-only
  bool_value: true
  key: graceful-restart/state/peer-restarting
  bool_value: false
  key: graceful-restart/state/local-restarting
  bool_value: false
  key: graceful-restart/state/mode
  str_value: HELPER_ONLY
  key: apply-policy/state/import-policy
  leaf_list_value: element:<leaflist_str_value:"RX-FROM-EQUINIX" > 
  key: apply-policy/state/export-policy
  leaf_list_value: element:<leaflist_str_value:"ADV-TO-EQUINIX" > 
  key: __prefix__
  str_value: /network-instances/network-instance[name='master']/protocols/protocol/bgp/neighbors/neighbor[neighbor-address='27.111.228.186']/
  key: snmp-peer-index
  uint_value: 206
  key: state/peer-as
  uint_value: 14907
  key: state/local-as
  uint_value: 45903
  key: state/peer-type
  str_value: EXTERNAL
  key: state/auth-password
  str_value: (null)
  key: state/route-flap-damping
  bool_value: false
  key: state/description
  str_value: Peer-Wikimedia
  key: state/session-state
  str_value: IDLE
  key: state/last-established
  uint_value: 1694967381
  key: state/established-transitions
  uint_value: 0
  key: state/messages/sent/UPDATE
  uint_value: 0
  key: state/messages/sent/NOTIFICATION
  uint_value: 0
  key: state/messages/sent/last-notification-time
  uint_value: 0
  key: state/messages/sent/last-notification-error-subcode
  str_value: UNSPECIFIC
  key: state/messages/received/UPDATE
  uint_value: 0
  key: state/messages/received/NOTIFICATION
  uint_value: 0
  key: state/messages/received/last-notification-time
  uint_value: 0
  key: state/messages/received/last-notification-error-code
  str_value: NONE
  key: state/messages/received/last-notification-error-subcode
  str_value: UNSPECIFIC
  key: state/queues/input
  uint_value: 0
  key: state/queues/output
  uint_value: 0
  key: state/dynamically-configured
  bool_value: false
  key: state/session-status
  str_value: HALTED
  key: state/session-admin-status
  str_value: STOP
  key: state/interface-error
  bool_value: true
  key: state/import-eval-pending
  bool_value: false
  key: state/import-eval
  bool_value: false
  key: state/peer-group
  str_value: Equinix
  key: state/neighbor-address
  str_value: 27.111.228.186
  key: state/enabled
  bool_value: true
  key: timers/state/connect-retry
  str_value: 0.00
  key: timers/state/hold-time
  str_value: 90.00
  key: timers/state/keepalive-interval
  str_value: 30.00
  key: timers/state/minimum-advertisement-interval
  str_value: 0.00
  key: timers/state/negotiated-hold-time
  str_value: 0.00
  key: transport/state/tcp-mss
  uint_value: 0
  key: transport/state/mtu-discovery
  bool_value: false
  key: transport/state/passive-mode
  bool_value: false
  key: transport/state/local-address
  str_value: 27.111.228.152
  key: transport/state/local-port
  uint_value: 0
  key: transport/state/remote-address
  str_value: 27.111.228.186
  key: transport/state/remote-port
  uint_value: 0
  key: error-handling/state/treat-as-withdraw
  bool_value: true
  key: error-handling/state/erroneous-update-messages
  uint_value: 0
  key: logging-options/state/log-neighbor-state-changes
  bool_value: false
  key: ebgp-multihop/state/enabled
  bool_value: false
  key: ebgp-multihop/state/multihop-ttl
  uint_value: 0
  key: route-reflector/state/route-reflector-cluster-id
  str_value: zero-len
  key: route-reflector/state/route-reflector-client
  bool_value: false
  key: as-path-options/state/allow-own-as
  uint_value: 0
  key: as-path-options/state/replace-peer-as
  bool_value: false
  key: as-path-options/state/disable-peer-as-filter
  bool_value: false
  key: use-multiple-paths/state/enabled
  bool_value: false
  key: use-multiple-paths/ebgp/state/allow-multiple-as
  bool_value: false
  key: graceful-restart/state/enabled
  bool_value: false
  key: graceful-restart/state/restart-time
  uint_value: 120
  key: graceful-restart/state/stale-routes-time
  str_value: 300.00
  key: graceful-restart/state/helper-only
  bool_value: true
  key: graceful-restart/state/peer-restarting
  bool_value: false
  key: graceful-restart/state/local-restarting
  bool_value: false
  key: graceful-restart/state/mode
  str_value: HELPER_ONLY
  key: apply-policy/state/import-policy
  leaf_list_value: element:<leaflist_str_value:"RX-FROM-WIKIMEDIA" > 
  key: apply-policy/state/export-policy
  leaf_list_value: element:<leaflist_str_value:"ADV-TO-EQUINIX" > 
  key: __prefix__
  str_value: /network-instances/network-instance[name='master']/protocols/protocol/bgp/neighbors/neighbor[neighbor-address='27.111.228.189']/
  key: snmp-peer-index
  uint_value: 214
  key: state/peer-as
  uint_value: 17666
  key: state/local-as
  uint_value: 45903
  key: state/peer-type
  str_value: EXTERNAL
  key: state/auth-password
  str_value: (null)
  key: state/route-flap-damping
  bool_value: false
  key: state/description
  str_value: Peering Hitachi Sunway 
  key: state/session-state
  str_value: IDLE
  key: state/last-established
  uint_value: 1694967381
  key: state/established-transitions
  uint_value: 0
  key: state/messages/sent/UPDATE
  uint_value: 0
  key: state/messages/sent/NOTIFICATION
  uint_value: 0
  key: state/messages/sent/last-notification-time
  uint_value: 0
  key: state/messages/sent/last-notification-error-subcode
  str_value: UNSPECIFIC
  key: state/messages/received/UPDATE
  uint_value: 0
  key: state/messages/received/NOTIFICATION
  uint_value: 0
  key: state/messages/received/last-notification-time
  uint_value: 0
  key: state/messages/received/last-notification-error-code
  str_value: NONE
  key: state/messages/received/last-notification-error-subcode
  str_value: UNSPECIFIC
  key: state/queues/input
  uint_value: 0
  key: state/queues/output
  uint_value: 0
  key: state/dynamically-configured
  bool_value: false
  key: state/session-status
  str_value: HALTED
  key: state/session-admin-status
  str_value: STOP
  key: state/interface-error
  bool_value: true
  key: state/import-eval-pending
  bool_value: false
  key: state/import-eval
  bool_value: false
  key: state/peer-group
  str_value: Equinix
  key: state/neighbor-address
  str_value: 27.111.228.189
  key: state/enabled
  bool_value: true
  key: timers/state/connect-retry
  str_value: 0.00
  key: timers/state/hold-time
  str_value: 90.00
  key: timers/state/keepalive-interval
  str_value: 30.00
  key: timers/state/minimum-advertisement-interval
  str_value: 0.00
  key: timers/state/negotiated-hold-time
  str_value: 0.00
  key: transport/state/tcp-mss
  uint_value: 0
  key: transport/state/mtu-discovery
  bool_value: false
  key: transport/state/passive-mode
  bool_value: false
  key: transport/state/local-address
  str_value: 27.111.228.152
  key: transport/state/local-port
  uint_value: 0
  key: transport/state/remote-address
  str_value: 27.111.228.189
  key: transport/state/remote-port
  uint_value: 0
  key: error-handling/state/treat-as-withdraw
  bool_value: true
  key: error-handling/state/erroneous-update-messages
  uint_value: 0
  key: logging-options/state/log-neighbor-state-changes
  bool_value: false
  key: ebgp-multihop/state/enabled
  bool_value: false
  key: ebgp-multihop/state/multihop-ttl
  uint_value: 0
  key: route-reflector/state/route-reflector-cluster-id
  str_value: zero-len
  key: route-reflector/state/route-reflector-client
  bool_value: false
  key: as-path-options/state/allow-own-as
  uint_value: 0
  key: as-path-options/state/replace-peer-as
  bool_value: false
  key: as-path-options/state/disable-peer-as-filter
  bool_value: false
  key: use-multiple-paths/state/enabled
  bool_value: false
  key: use-multiple-paths/ebgp/state/allow-multiple-as
  bool_value: false
  key: graceful-restart/state/enabled
  bool_value: false
  key: graceful-restart/state/restart-time
  uint_value: 120
  key: graceful-restart/state/stale-routes-time
  str_value: 300.00
  key: graceful-restart/state/helper-only
  bool_value: true
  key: graceful-restart/state/peer-restarting
  bool_value: false
  key: graceful-restart/state/local-restarting
  bool_value: false
  key: graceful-restart/state/mode
  str_value: HELPER_ONLY
  key: apply-policy/state/import-policy
  leaf_list_value: element:<leaflist_str_value:"RX-FROM-EQUINIX" > 
  key: apply-policy/state/export-policy
  leaf_list_value: element:<leaflist_str_value:"ADV-TO-EQUINIX" > 
  key: __prefix__
  str_value: /network-instances/network-instance[name='master']/protocols/protocol/bgp/neighbors/neighbor[neighbor-address='27.111.228.191']/
  key: snmp-peer-index
  uint_value: 170
  key: state/peer-as
  uint_value: 15695
  key: state/local-as
  uint_value: 45903
  key: state/peer-type
  str_value: EXTERNAL
  key: state/auth-password
  str_value: (null)
  key: state/route-flap-damping
  bool_value: false
  key: state/description
  str_value: Peering GTC via Equinix
  key: state/session-state
  str_value: IDLE
  key: state/last-established
  uint_value: 1694967381
  key: state/established-transitions
  uint_value: 0
  key: state/messages/sent/UPDATE
  uint_value: 0
  key: state/messages/sent/NOTIFICATION
  uint_value: 0
  key: state/messages/sent/last-notification-time
  uint_value: 0
  key: state/messages/sent/last-notification-error-subcode
  str_value: UNSPECIFIC
  key: state/messages/received/UPDATE
  uint_value: 0
  key: state/messages/received/NOTIFICATION
  uint_value: 0
  key: state/messages/received/last-notification-time
  uint_value: 0
  key: state/messages/received/last-notification-error-code
  str_value: NONE
  key: state/messages/received/last-notification-error-subcode
  str_value: UNSPECIFIC
  key: state/queues/input
  uint_value: 0
  key: state/queues/output
  uint_value: 0
  key: state/dynamically-configured
  bool_value: false
  key: state/session-status
  str_value: HALTED
  key: state/session-admin-status
  str_value: STOP
  key: state/interface-error
  bool_value: true
  key: state/import-eval-pending
  bool_value: false
  key: state/import-eval
  bool_value: false
  key: state/peer-group
  str_value: Equinix
  key: state/neighbor-address
  str_value: 27.111.228.191
  key: state/enabled
  bool_value: true
  key: timers/state/connect-retry
  str_value: 0.00
  key: timers/state/hold-time
  str_value: 90.00
  key: timers/state/keepalive-interval
  str_value: 30.00
  key: timers/state/minimum-advertisement-interval
  str_value: 0.00
  key: timers/state/negotiated-hold-time
  str_value: 0.00
  key: transport/state/tcp-mss
  uint_value: 0
  key: transport/state/mtu-discovery
  bool_value: false
  key: transport/state/passive-mode
  bool_value: false
  key: transport/state/local-address
  str_value: 27.111.228.152
  key: transport/state/local-port
  uint_value: 0
  key: transport/state/remote-address
  str_value: 27.111.228.191
  key: transport/state/remote-port
  uint_value: 0
  key: error-handling/state/treat-as-withdraw
  bool_value: true
  key: error-handling/state/erroneous-update-messages
  uint_value: 0
  key: logging-options/state/log-neighbor-state-changes
  bool_value: false
  key: ebgp-multihop/state/enabled
  bool_value: false
  key: ebgp-multihop/state/multihop-ttl
  uint_value: 0
  key: route-reflector/state/route-reflector-cluster-id
  str_value: zero-len
  key: route-reflector/state/route-reflector-client
  bool_value: false
  key: as-path-options/state/allow-own-as
  uint_value: 0
  key: as-path-options/state/replace-peer-as
  bool_value: false
  key: as-path-options/state/disable-peer-as-filter
  bool_value: false
  key: use-multiple-paths/state/enabled
  bool_value: false
  key: use-multiple-paths/ebgp/state/allow-multiple-as
  bool_value: false
  key: graceful-restart/state/enabled
  bool_value: false
  key: graceful-restart/state/restart-time
  uint_value: 120
  key: graceful-restart/state/stale-routes-time
  str_value: 300.00
  key: graceful-restart/state/helper-only
  bool_value: true
  key: graceful-restart/state/peer-restarting
  bool_value: false
  key: graceful-restart/state/local-restarting
  bool_value: false
  key: graceful-restart/state/mode
  str_value: HELPER_ONLY
  key: apply-policy/state/import-policy
  leaf_list_value: element:<leaflist_str_value:"RX-FROM-EQUINIX" > 
  key: apply-policy/state/export-policy
  leaf_list_value: element:<leaflist_str_value:"ADV-TO-EQUINIX" > 
  key: __prefix__
  str_value: /network-instances/network-instance[name='master']/protocols/protocol/bgp/neighbors/neighbor[neighbor-address='27.111.228.192']/
  key: snmp-peer-index
  uint_value: 225
  key: state/peer-as
  uint_value: 45796
  key: state/local-as
  uint_value: 45903
  key: state/peer-type
  str_value: EXTERNAL
  key: state/auth-password
  str_value: (null)
  key: state/route-flap-damping
  bool_value: false
  key: state/description
  str_value: Peering BB-Connect via Equinix
  key: state/session-state
  str_value: IDLE
  key: state/last-established
  uint_value: 1694967381
  key: state/established-transitions
  uint_value: 0
  key: state/messages/sent/UPDATE
  uint_value: 0
  key: state/messages/sent/NOTIFICATION
  uint_value: 0
  key: state/messages/sent/last-notification-time
  uint_value: 0
  key: state/messages/sent/last-notification-error-subcode
  str_value: UNSPECIFIC
  key: state/messages/received/UPDATE
  uint_value: 0
  key: state/messages/received/NOTIFICATION
  uint_value: 0
  key: state/messages/received/last-notification-time
  uint_value: 0
  key: state/messages/received/last-notification-error-code
  str_value: NONE
  key: state/messages/received/last-notification-error-subcode
  str_value: UNSPECIFIC
  key: state/queues/input
  uint_value: 0
  key: state/queues/output
  uint_value: 0
  key: state/dynamically-configured
  bool_value: false
  key: state/session-status
  str_value: HALTED
  key: state/session-admin-status
  str_value: STOP
  key: state/interface-error
  bool_value: true
  key: state/import-eval-pending
  bool_value: false
  key: state/import-eval
  bool_value: false
  key: state/peer-group
  str_value: Equinix
  key: state/neighbor-address
  str_value: 27.111.228.192
  key: state/enabled
  bool_value: true
  key: timers/state/connect-retry
  str_value: 0.00
  key: timers/state/hold-time
  str_value: 90.00
  key: timers/state/keepalive-interval
  str_value: 30.00
  key: timers/state/minimum-advertisement-interval
  str_value: 0.00
  key: timers/state/negotiated-hold-time
  str_value: 0.00
  key: transport/state/tcp-mss
  uint_value: 0
  key: transport/state/mtu-discovery
  bool_value: false
  key: transport/state/passive-mode
  bool_value: false
  key: transport/state/local-address
  str_value: 27.111.228.152
  key: transport/state/local-port
  uint_value: 0
  key: transport/state/remote-address
  str_value: 27.111.228.192
  key: transport/state/remote-port
  uint_value: 0
  key: error-handling/state/treat-as-withdraw
  bool_value: true
  key: error-handling/state/erroneous-update-messages
  uint_value: 0
  key: logging-options/state/log-neighbor-state-changes
  bool_value: false
  key: ebgp-multihop/state/enabled
  bool_value: false
  key: ebgp-multihop/state/multihop-ttl
  uint_value: 0
  key: route-reflector/state/route-reflector-cluster-id
  str_value: zero-len
  key: route-reflector/state/route-reflector-client
  bool_value: false
  key: as-path-options/state/allow-own-as
  uint_value: 0
  key: as-path-options/state/replace-peer-as
  bool_value: false
  key: as-path-options/state/disable-peer-as-filter
  bool_value: false
  key: use-multiple-paths/state/enabled
  bool_value: false
  key: use-multiple-paths/ebgp/state/allow-multiple-as
  bool_value: false
  key: graceful-restart/state/enabled
  bool_value: false
  key: graceful-restart/state/restart-time
  uint_value: 120
  key: graceful-restart/state/stale-routes-time
  str_value: 300.00
  key: graceful-restart/state/helper-only
  bool_value: true
  key: graceful-restart/state/peer-restarting
  bool_value: false
  key: graceful-restart/state/local-restarting
  bool_value: false
  key: graceful-restart/state/mode
  str_value: HELPER_ONLY
  key: apply-policy/state/import-policy
  leaf_list_value: element:<leaflist_str_value:"RX-FROM-BB-Connect" > 
  key: apply-policy/state/export-policy
  leaf_list_value: element:<leaflist_str_value:"ADV-TO-BB-Connect" > 
  key: __prefix__
  str_value: /network-instances/network-instance[name='master']/protocols/protocol/bgp/neighbors/neighbor[neighbor-address='27.111.228.200']/
  key: snmp-peer-index
  uint_value: 182
  key: state/peer-as
  uint_value: 2906
  key: state/local-as
  uint_value: 45903
  key: state/peer-type
  str_value: EXTERNAL
  key: state/auth-password
  str_value: (null)
  key: state/route-flap-damping
  bool_value: false
  key: state/description
  str_value: Peering Netflix via Equinix
  key: state/session-state
  str_value: IDLE
  key: state/last-established
  uint_value: 1694967381
  key: state/established-transitions
  uint_value: 0
  key: state/messages/sent/UPDATE
  uint_value: 0
  key: state/messages/sent/NOTIFICATION
  uint_value: 0
  key: state/messages/sent/last-notification-time
  uint_value: 0
  key: state/messages/sent/last-notification-error-subcode
  str_value: UNSPECIFIC
  key: state/messages/received/UPDATE
  uint_value: 0
  key: state/messages/received/NOTIFICATION
  uint_value: 0
  key: state/messages/received/last-notification-time
  uint_value: 0
  key: state/messages/received/last-notification-error-code
  str_value: NONE
  key: state/messages/received/last-notification-error-subcode
  str_value: UNSPECIFIC
  key: state/queues/input
  uint_value: 0
  key: state/queues/output
  uint_value: 0
  key: state/dynamically-configured
  bool_value: false
  key: state/session-status
  str_value: HALTED
  key: state/session-admin-status
  str_value: STOP
  key: state/interface-error
  bool_value: true
  key: state/import-eval-pending
  bool_value: false
  key: state/import-eval
  bool_value: false
  key: state/peer-group
  str_value: Equinix
  key: state/neighbor-address
  str_value: 27.111.228.200
  key: state/enabled
  bool_value: true
  key: timers/state/connect-retry
  str_value: 0.00
  key: timers/state/hold-time
  str_value: 90.00
  key: timers/state/keepalive-interval
  str_value: 30.00
  key: timers/state/minimum-advertisement-interval
  str_value: 0.00
  key: timers/state/negotiated-hold-time
  str_value: 0.00
  key: transport/state/tcp-mss
  uint_value: 0
  key: transport/state/mtu-discovery
  bool_value: false
  key: transport/state/passive-mode
  bool_value: false
  key: transport/state/local-address
  str_value: 27.111.228.152
  key: transport/state/local-port
  uint_value: 0
  key: transport/state/remote-address
  str_value: 27.111.228.200
  key: transport/state/remote-port
  uint_value: 0
  key: error-handling/state/treat-as-withdraw
  bool_value: true
  key: error-handling/state/erroneous-update-messages
  uint_value: 0
  key: logging-options/state/log-neighbor-state-changes
  bool_value: false
  key: ebgp-multihop/state/enabled
  bool_value: false
  key: ebgp-multihop/state/multihop-ttl
  uint_value: 0
  key: route-reflector/state/route-reflector-cluster-id
  str_value: zero-len
  key: route-reflector/state/route-reflector-client
  bool_value: false
  key: as-path-options/state/allow-own-as
  uint_value: 0
  key: as-path-options/state/replace-peer-as
  bool_value: false
  key: as-path-options/state/disable-peer-as-filter
  bool_value: false
  key: use-multiple-paths/state/enabled
  bool_value: false
  key: use-multiple-paths/ebgp/state/allow-multiple-as
  bool_value: false
  key: graceful-restart/state/enabled
  bool_value: false
  key: graceful-restart/state/restart-time
  uint_value: 120
  key: graceful-restart/state/stale-routes-time
  str_value: 300.00
  key: graceful-restart/state/helper-only
  bool_value: true
  key: graceful-restart/state/peer-restarting
  bool_value: false
  key: graceful-restart/state/local-restarting
  bool_value: false
  key: graceful-restart/state/mode
  str_value: HELPER_ONLY
system_id: SGP001IGR04
component_id: 65535
sub_component_id: 0
path: sensor_1004:/network-instances/network-instance/protocols/protocol/bgp/neighbors/neighbor/:/network-instances/network-instance/protocols/protocol/bgp/neighbors/neighbor/:rpd
sequence_number: 5
timestamp: 1695289070266
sync_response: false
  key: __timestamp__
  uint_value: 1695289070267
  key: __junos_re_stream_creation_timestamp__
  uint_value: 1695289069611
  key: __junos_re_payload_get_timestamp__
  uint_value: 1695289070239
  key: apply-policy/state/import-policy
  leaf_list_value: element:<leaflist_str_value:"RX-FROM-EQUINIX" > 
  key: __prefix__
  str_value: /network-instances/network-instance[name='master']/protocols/protocol/bgp/neighbors/neighbor[neighbor-address='27.111.228.200']/
  key: apply-policy/state/export-policy
  leaf_list_value: element:<leaflist_str_value:"ADV-TO-EQUINIX" > 
  key: __prefix__
  str_value: /network-instances/network-instance[name='master']/protocols/protocol/bgp/neighbors/neighbor[neighbor-address='27.111.228.209']/
  key: snmp-peer-index
  uint_value: 212
  key: state/peer-as
  uint_value: 2635
  key: state/local-as
  uint_value: 45903
  key: state/peer-type
  str_value: EXTERNAL
  key: state/auth-password
  str_value: (null)
  key: state/route-flap-damping
  bool_value: false
  key: state/description
  str_value: Peering AUTOMATIC via Equinix
  key: state/session-state
  str_value: IDLE
  key: state/last-established
  uint_value: 1694967381
  key: state/established-transitions
  uint_value: 0
  key: state/messages/sent/UPDATE
  uint_value: 0
  key: state/messages/sent/NOTIFICATION
  uint_value: 0
  key: state/messages/sent/last-notification-time
  uint_value: 0
  key: state/messages/sent/last-notification-error-subcode
  str_value: UNSPECIFIC
  key: state/messages/received/UPDATE
  uint_value: 0
  key: state/messages/received/NOTIFICATION
  uint_value: 0
  key: state/messages/received/last-notification-time
  uint_value: 0
  key: state/messages/received/last-notification-error-code
  str_value: NONE
  key: state/messages/received/last-notification-error-subcode
  str_value: UNSPECIFIC
  key: state/queues/input
  uint_value: 0
  key: state/queues/output
  uint_value: 0
  key: state/dynamically-configured
  bool_value: false
  key: state/session-status
  str_value: HALTED
  key: state/session-admin-status
  str_value: STOP
  key: state/interface-error
  bool_value: true
  key: state/import-eval-pending
  bool_value: false
  key: state/import-eval
  bool_value: false
  key: state/peer-group
  str_value: Equinix
  key: state/neighbor-address
  str_value: 27.111.228.209
  key: state/enabled
  bool_value: true
  key: timers/state/connect-retry
  str_value: 0.00
  key: timers/state/hold-time
  str_value: 90.00
  key: timers/state/keepalive-interval
  str_value: 30.00
  key: timers/state/minimum-advertisement-interval
  str_value: 0.00
  key: timers/state/negotiated-hold-time
  str_value: 0.00
  key: transport/state/tcp-mss
  uint_value: 0
  key: transport/state/mtu-discovery
  bool_value: false
  key: transport/state/passive-mode
  bool_value: false
  key: transport/state/local-address
  str_value: 27.111.228.152
  key: transport/state/local-port
  uint_value: 0
  key: transport/state/remote-address
  str_value: 27.111.228.209
  key: transport/state/remote-port
  uint_value: 0
  key: error-handling/state/treat-as-withdraw
  bool_value: true
  key: error-handling/state/erroneous-update-messages
  uint_value: 0
  key: logging-options/state/log-neighbor-state-changes
  bool_value: false
  key: ebgp-multihop/state/enabled
  bool_value: false
  key: ebgp-multihop/state/multihop-ttl
  uint_value: 0
  key: route-reflector/state/route-reflector-cluster-id
  str_value: zero-len
  key: route-reflector/state/route-reflector-client
  bool_value: false
  key: as-path-options/state/allow-own-as
  uint_value: 0
  key: as-path-options/state/replace-peer-as
  bool_value: false
  key: as-path-options/state/disable-peer-as-filter
  bool_value: false
  key: use-multiple-paths/state/enabled
  bool_value: false
  key: use-multiple-paths/ebgp/state/allow-multiple-as
  bool_value: false
  key: graceful-restart/state/enabled
  bool_value: false
  key: graceful-restart/state/restart-time
  uint_value: 120
  key: graceful-restart/state/stale-routes-time
  str_value: 300.00
  key: graceful-restart/state/helper-only
  bool_value: true
  key: graceful-restart/state/peer-restarting
  bool_value: false
  key: graceful-restart/state/local-restarting
  bool_value: false
  key: graceful-restart/state/mode
  str_value: HELPER_ONLY
  key: apply-policy/state/import-policy
  leaf_list_value: element:<leaflist_str_value:"RX-FROM-EQUINIX" > 
  key: apply-policy/state/export-policy
  leaf_list_value: element:<leaflist_str_value:"ADV-TO-EQUINIX" > 
  key: __prefix__
  str_value: /network-instances/network-instance[name='master']/protocols/protocol/bgp/neighbors/neighbor[neighbor-address='27.111.228.210']/
  key: snmp-peer-index
  uint_value: 184
  key: state/peer-as
  uint_value: 2906
  key: state/local-as
  uint_value: 45903
  key: state/peer-type
  str_value: EXTERNAL
  key: state/auth-password
  str_value: (null)
  key: state/route-flap-damping
  bool_value: false
  key: state/description
  str_value: Peering Netflix via Equinix
  key: state/session-state
  str_value: IDLE
  key: state/last-established
  uint_value: 1694967381
  key: state/established-transitions
  uint_value: 0
  key: state/messages/sent/UPDATE
  uint_value: 0
  key: state/messages/sent/NOTIFICATION
  uint_value: 0
  key: state/messages/sent/last-notification-time
  uint_value: 0
  key: state/messages/sent/last-notification-error-subcode
  str_value: UNSPECIFIC
  key: state/messages/received/UPDATE
  uint_value: 0
  key: state/messages/received/NOTIFICATION
  uint_value: 0
  key: state/messages/received/last-notification-time
  uint_value: 0
  key: state/messages/received/last-notification-error-code
  str_value: NONE
  key: state/messages/received/last-notification-error-subcode
  str_value: UNSPECIFIC
  key: state/queues/input
  uint_value: 0
  key: state/queues/output
  uint_value: 0
  key: state/dynamically-configured
  bool_value: false
  key: state/session-status
  str_value: HALTED
  key: state/session-admin-status
  str_value: STOP
  key: state/interface-error
  bool_value: true
  key: state/import-eval-pending
  bool_value: false
  key: state/import-eval
  bool_value: false
  key: state/peer-group
  str_value: Equinix
  key: state/neighbor-address
  str_value: 27.111.228.210
  key: state/enabled
  bool_value: true
  key: timers/state/connect-retry
  str_value: 0.00
  key: timers/state/hold-time
  str_value: 90.00
  key: timers/state/keepalive-interval
  str_value: 30.00
  key: timers/state/minimum-advertisement-interval
  str_value: 0.00
  key: timers/state/negotiated-hold-time
  str_value: 0.00
  key: transport/state/tcp-mss
  uint_value: 0
  key: transport/state/mtu-discovery
  bool_value: false
  key: transport/state/passive-mode
  bool_value: false
  key: transport/state/local-address
  str_value: 27.111.228.152
  key: transport/state/local-port
  uint_value: 0
  key: transport/state/remote-address
  str_value: 27.111.228.210
  key: transport/state/remote-port
  uint_value: 0
  key: error-handling/state/treat-as-withdraw
  bool_value: true
  key: error-handling/state/erroneous-update-messages
  uint_value: 0
  key: logging-options/state/log-neighbor-state-changes
  bool_value: false
  key: ebgp-multihop/state/enabled
  bool_value: false
  key: ebgp-multihop/state/multihop-ttl
  uint_value: 0
  key: route-reflector/state/route-reflector-cluster-id
  str_value: zero-len
  key: route-reflector/state/route-reflector-client
  bool_value: false
  key: as-path-options/state/allow-own-as
  uint_value: 0
  key: as-path-options/state/replace-peer-as
  bool_value: false
  key: as-path-options/state/disable-peer-as-filter
  bool_value: false
  key: use-multiple-paths/state/enabled
  bool_value: false
  key: use-multiple-paths/ebgp/state/allow-multiple-as
  bool_value: false
  key: graceful-restart/state/enabled
  bool_value: false
  key: graceful-restart/state/restart-time
  uint_value: 120
  key: graceful-restart/state/stale-routes-time
  str_value: 300.00
  key: graceful-restart/state/helper-only
  bool_value: true
  key: graceful-restart/state/peer-restarting
  bool_value: false
  key: graceful-restart/state/local-restarting
  bool_value: false
  key: graceful-restart/state/mode
  str_value: HELPER_ONLY
  key: apply-policy/state/import-policy
  leaf_list_value: element:<leaflist_str_value:"RX-FROM-EQUINIX" > 
  key: apply-policy/state/export-policy
  leaf_list_value: element:<leaflist_str_value:"ADV-TO-EQUINIX" > 
  key: __prefix__
  str_value: /network-instances/network-instance[name='master']/protocols/protocol/bgp/neighbors/neighbor[neighbor-address='27.111.228.211']/
  key: snmp-peer-index
  uint_value: 260
  key: state/peer-as
  uint_value: 9902
  key: state/local-as
  uint_value: 45903
  key: state/peer-type
  str_value: EXTERNAL
  key: state/auth-password
  str_value: (null)
  key: state/route-flap-damping
  bool_value: false
  key: state/description
  str_value: Peering NeoCom via Equinix
  key: state/session-state
  str_value: IDLE
  key: state/last-established
  uint_value: 1694967381
  key: state/established-transitions
  uint_value: 0
  key: state/messages/sent/UPDATE
  uint_value: 0
  key: state/messages/sent/NOTIFICATION
  uint_value: 0
  key: state/messages/sent/last-notification-time
  uint_value: 0
  key: state/messages/sent/last-notification-error-subcode
  str_value: UNSPECIFIC
  key: state/messages/received/UPDATE
  uint_value: 0
  key: state/messages/received/NOTIFICATION
  uint_value: 0
  key: state/messages/received/last-notification-time
  uint_value: 0
  key: state/messages/received/last-notification-error-code
  str_value: NONE
  key: state/messages/received/last-notification-error-subcode
  str_value: UNSPECIFIC
  key: state/queues/input
  uint_value: 0
  key: state/queues/output
  uint_value: 0
  key: state/dynamically-configured
  bool_value: false
  key: state/session-status
  str_value: HALTED
  key: state/session-admin-status
  str_value: STOP
  key: state/interface-error
  bool_value: true
  key: state/import-eval-pending
  bool_value: false
  key: state/import-eval
  bool_value: false
  key: state/peer-group
  str_value: Equinix
  key: state/neighbor-address
  str_value: 27.111.228.211
  key: state/enabled
  bool_value: true
  key: timers/state/connect-retry
  str_value: 0.00
  key: timers/state/hold-time
  str_value: 90.00
  key: timers/state/keepalive-interval
  str_value: 30.00
  key: timers/state/minimum-advertisement-interval
  str_value: 0.00
  key: timers/state/negotiated-hold-time
  str_value: 0.00
  key: transport/state/tcp-mss
  uint_value: 0
  key: transport/state/mtu-discovery
  bool_value: false
  key: transport/state/passive-mode
  bool_value: false
  key: transport/state/local-address
  str_value: 27.111.228.152
  key: transport/state/local-port
  uint_value: 0
  key: transport/state/remote-address
  str_value: 27.111.228.211
  key: transport/state/remote-port
  uint_value: 0
  key: error-handling/state/treat-as-withdraw
  bool_value: true
  key: error-handling/state/erroneous-update-messages
  uint_value: 0
  key: logging-options/state/log-neighbor-state-changes
  bool_value: false
  key: ebgp-multihop/state/enabled
  bool_value: false
  key: ebgp-multihop/state/multihop-ttl
  uint_value: 0
  key: route-reflector/state/route-reflector-cluster-id
  str_value: zero-len
  key: route-reflector/state/route-reflector-client
  bool_value: false
  key: as-path-options/state/allow-own-as
  uint_value: 0
  key: as-path-options/state/replace-peer-as
  bool_value: false
  key: as-path-options/state/disable-peer-as-filter
  bool_value: false
  key: use-multiple-paths/state/enabled
  bool_value: false
  key: use-multiple-paths/ebgp/state/allow-multiple-as
  bool_value: false
  key: __prefix__
  str_value: /network-instances/network-instance[name='master']/protocols/protocol/bgp/neighbors/neighbor[neighbor-address='27.111.228.211']/afi-safis/afi-safi[afi-safi-name='IPV4_UNICAST']/
  key: graceful-restart/state/enabled
  bool_value: true
  key: graceful-restart/state/received
  bool_value: false
  key: graceful-restart/state/advertised
  bool_value: false
  key: state/afi-safi-name
  str_value: IPV4_UNICAST
  key: state/enabled
  bool_value: true
  key: state/active
  bool_value: false
  key: state/prefixes/received
  uint_value: 0
  key: state/prefixes/sent
  uint_value: 0
  key: state/prefixes/installed
  uint_value: 0
  key: state/prefixes/accepted
  uint_value: 0
  key: state/prefix-limit-exceeded
  bool_value: false
  key: state/queues/input
  uint_value: 0
  key: state/queues/output
  uint_value: 0
  key: add-paths/state/receive
  bool_value: false
  key: add-paths/state/send
  bool_value: false
  key: add-paths/state/eligible-prefix-policy
  str_value: 
  key: ipv4-unicast/prefix-limit/state/max-prefixes
  uint_value: 0
  key: ipv4-unicast/prefix-limit/state/prevent-teardown
  bool_value: true
  key: ipv4-unicast/prefix-limit/state/shutdown-threshold-pct
  uint_value: 0
  key: ipv4-unicast/prefix-limit/state/restart-timer
  str_value: 0.00
  key: __prefix__
  str_value: /network-instances/network-instance[name='master']/protocols/protocol/bgp/neighbors/neighbor[neighbor-address='27.111.228.211']/
  key: graceful-restart/state/enabled
  bool_value: false
  key: graceful-restart/state/restart-time
  uint_value: 120
  key: graceful-restart/state/stale-routes-time
  str_value: 300.00
  key: graceful-restart/state/helper-only
  bool_value: true
  key: graceful-restart/state/peer-restarting
  bool_value: false
  key: graceful-restart/state/local-restarting
  bool_value: false
  key: graceful-restart/state/mode
  str_value: HELPER_ONLY
  key: apply-policy/state/import-policy
  leaf_list_value: element:<leaflist_str_value:"RX-FROM-EQUINIX" > 
  key: apply-policy/state/export-policy
  leaf_list_value: element:<leaflist_str_value:"ADV-TO-EQUINIX" > 
  key: __prefix__
  str_value: /network-instances/network-instance[name='master']/protocols/protocol/bgp/neighbors/neighbor[neighbor-address='27.111.228.214']/
  key: snmp-peer-index
  uint_value: 272
  key: state/peer-as
  uint_value: 9873
  key: state/local-as
  uint_value: 45903
  key: state/peer-type
  str_value: EXTERNAL
  key: state/auth-password
  str_value: (null)
  key: state/route-flap-damping
  bool_value: false
  key: state/description
  str_value: Equinix-AMSIX
  key: state/session-state
  str_value: IDLE
  key: state/last-established
  uint_value: 1694967381
  key: state/established-transitions
  uint_value: 0
  key: state/messages/sent/UPDATE
  uint_value: 0
  key: state/messages/sent/NOTIFICATION
  uint_value: 0
  key: state/messages/sent/last-notification-time
  uint_value: 0
  key: state/messages/sent/last-notification-error-subcode
  str_value: UNSPECIFIC
  key: state/messages/received/UPDATE
  uint_value: 0
  key: state/messages/received/NOTIFICATION
  uint_value: 0
  key: state/messages/received/last-notification-time
  uint_value: 0
  key: state/messages/received/last-notification-error-code
  str_value: NONE
  key: state/messages/received/last-notification-error-subcode
  str_value: UNSPECIFIC
  key: state/queues/input
  uint_value: 0
  key: state/queues/output
  uint_value: 0
  key: state/dynamically-configured
  bool_value: false
  key: state/session-status
  str_value: HALTED
  key: state/session-admin-status
  str_value: STOP
  key: state/interface-error
  bool_value: true
  key: state/import-eval-pending
  bool_value: false
  key: state/import-eval
  bool_value: false
  key: state/peer-group
  str_value: Equinix
  key: state/neighbor-address
  str_value: 27.111.228.214
  key: state/enabled
  bool_value: true
  key: timers/state/connect-retry
  str_value: 0.00
  key: timers/state/hold-time
  str_value: 90.00
  key: timers/state/keepalive-interval
  str_value: 30.00
  key: timers/state/minimum-advertisement-interval
  str_value: 0.00
  key: timers/state/negotiated-hold-time
  str_value: 0.00
  key: transport/state/tcp-mss
  uint_value: 0
  key: transport/state/mtu-discovery
  bool_value: false
  key: transport/state/passive-mode
  bool_value: false
  key: transport/state/local-address
  str_value: 27.111.228.152
  key: transport/state/local-port
  uint_value: 0
  key: transport/state/remote-address
  str_value: 27.111.228.214
  key: transport/state/remote-port
  uint_value: 0
  key: error-handling/state/treat-as-withdraw
  bool_value: true
  key: error-handling/state/erroneous-update-messages
  uint_value: 0
  key: logging-options/state/log-neighbor-state-changes
  bool_value: false
  key: ebgp-multihop/state/enabled
  bool_value: false
  key: ebgp-multihop/state/multihop-ttl
  uint_value: 0
  key: route-reflector/state/route-reflector-cluster-id
  str_value: zero-len
  key: route-reflector/state/route-reflector-client
  bool_value: false
  key: as-path-options/state/allow-own-as
  uint_value: 0
  key: as-path-options/state/replace-peer-as
  bool_value: false
  key: as-path-options/state/disable-peer-as-filter
  bool_value: false
  key: use-multiple-paths/state/enabled
  bool_value: false
  key: use-multiple-paths/ebgp/state/allow-multiple-as
  bool_value: false
  key: graceful-restart/state/enabled
  bool_value: false
  key: graceful-restart/state/restart-time
  uint_value: 120
  key: graceful-restart/state/stale-routes-time
  str_value: 300.00
  key: graceful-restart/state/helper-only
  bool_value: true
  key: graceful-restart/state/peer-restarting
  bool_value: false
  key: graceful-restart/state/local-restarting
  bool_value: false
  key: graceful-restart/state/mode
  str_value: HELPER_ONLY
  key: apply-policy/state/import-policy
  leaf_list_value: element:<leaflist_str_value:"RX-FROM-EQUINIX" > 
  key: apply-policy/state/export-policy
  leaf_list_value: element:<leaflist_str_value:"ADV-TO-EQUINIX" > 
  key: __prefix__
  str_value: /network-instances/network-instance[name='master']/protocols/protocol/bgp/neighbors/neighbor[neighbor-address='27.111.228.216']/
  key: snmp-peer-index
  uint_value: 163
  key: state/peer-as
  uint_value: 58436
  key: state/local-as
  uint_value: 45903
  key: state/peer-type
  str_value: EXTERNAL
  key: state/auth-password
  str_value: (null)
  key: state/route-flap-damping
  bool_value: false
  key: state/description
  str_value: SecureAX
  key: state/session-state
  str_value: IDLE
  key: state/last-established
  uint_value: 1694967381
  key: state/established-transitions
  uint_value: 0
  key: state/messages/sent/UPDATE
  uint_value: 0
  key: state/messages/sent/NOTIFICATION
  uint_value: 0
  key: state/messages/sent/last-notification-time
  uint_value: 0
  key: state/messages/sent/last-notification-error-subcode
  str_value: UNSPECIFIC
  key: state/messages/received/UPDATE
  uint_value: 0
  key: state/messages/received/NOTIFICATION
  uint_value: 0
  key: state/messages/received/last-notification-time
  uint_value: 0
  key: state/messages/received/last-notification-error-code
  str_value: NONE
  key: state/messages/received/last-notification-error-subcode
  str_value: UNSPECIFIC
  key: state/queues/input
  uint_value: 0
  key: state/queues/output
  uint_value: 0
  key: state/dynamically-configured
  bool_value: false
  key: state/session-status
  str_value: HALTED
  key: state/session-admin-status
  str_value: STOP
  key: state/interface-error
  bool_value: true
  key: state/import-eval-pending
  bool_value: false
  key: state/import-eval
  bool_value: false
  key: state/peer-group
  str_value: Equinix
  key: state/neighbor-address
  str_value: 27.111.228.216
  key: state/enabled
  bool_value: true
  key: timers/state/connect-retry
  str_value: 0.00
  key: timers/state/hold-time
  str_value: 90.00
  key: timers/state/keepalive-interval
  str_value: 30.00
  key: timers/state/minimum-advertisement-interval
  str_value: 0.00
  key: timers/state/negotiated-hold-time
  str_value: 0.00
  key: transport/state/tcp-mss
  uint_value: 0
  key: transport/state/mtu-discovery
  bool_value: false
  key: transport/state/passive-mode
  bool_value: false
  key: transport/state/local-address
  str_value: 27.111.228.152
  key: transport/state/local-port
  uint_value: 0
  key: transport/state/remote-address
  str_value: 27.111.228.216
  key: transport/state/remote-port
  uint_value: 0
  key: error-handling/state/treat-as-withdraw
  bool_value: true
  key: error-handling/state/erroneous-update-messages
  uint_value: 0
  key: logging-options/state/log-neighbor-state-changes
  bool_value: false
  key: ebgp-multihop/state/enabled
  bool_value: false
  key: ebgp-multihop/state/multihop-ttl
  uint_value: 0
  key: route-reflector/state/route-reflector-cluster-id
  str_value: zero-len
  key: route-reflector/state/route-reflector-client
  bool_value: false
  key: as-path-options/state/allow-own-as
  uint_value: 0
  key: as-path-options/state/replace-peer-as
  bool_value: false
  key: as-path-options/state/disable-peer-as-filter
  bool_value: false
  key: use-multiple-paths/state/enabled
  bool_value: false
  key: use-multiple-paths/ebgp/state/allow-multiple-as
  bool_value: false
  key: graceful-restart/state/enabled
  bool_value: false
  key: graceful-restart/state/restart-time
  uint_value: 120
  key: graceful-restart/state/stale-routes-time
  str_value: 300.00
  key: graceful-restart/state/helper-only
  bool_value: true
  key: graceful-restart/state/peer-restarting
  bool_value: false
  key: graceful-restart/state/local-restarting
  bool_value: false
  key: graceful-restart/state/mode
  str_value: HELPER_ONLY
  key: apply-policy/state/import-policy
  leaf_list_value: element:<leaflist_str_value:"RX-FROM-EQUINIX" > 
  key: apply-policy/state/export-policy
  leaf_list_value: element:<leaflist_str_value:"ADV-TO-EQUINIX" > 
  key: __prefix__
  str_value: /network-instances/network-instance[name='master']/protocols/protocol/bgp/neighbors/neighbor[neighbor-address='27.111.228.224']/
  key: snmp-peer-index
  uint_value: 205
  key: state/peer-as
  uint_value: 23576
  key: state/local-as
  uint_value: 45903
  key: state/peer-type
  str_value: EXTERNAL
  key: state/auth-password
  str_value: (null)
  key: state/route-flap-damping
  bool_value: false
  key: state/description
  str_value: Peer-Naver-Backup
  key: state/session-state
  str_value: IDLE
  key: state/last-established
  uint_value: 1694967381
  key: state/established-transitions
  uint_value: 0
  key: state/messages/sent/UPDATE
  uint_value: 0
  key: state/messages/sent/NOTIFICATION
  uint_value: 0
  key: state/messages/sent/last-notification-time
  uint_value: 0
  key: state/messages/sent/last-notification-error-subcode
  str_value: UNSPECIFIC
  key: state/messages/received/UPDATE
  uint_value: 0
  key: state/messages/received/NOTIFICATION
  uint_value: 0
  key: state/messages/received/last-notification-time
  uint_value: 0
  key: state/messages/received/last-notification-error-code
  str_value: NONE
  key: state/messages/received/last-notification-error-subcode
  str_value: UNSPECIFIC
  key: state/queues/input
  uint_value: 0
  key: state/queues/output
  uint_value: 0
  key: state/dynamically-configured
  bool_value: false
  key: state/session-status
  str_value: HALTED
  key: state/session-admin-status
  str_value: STOP
  key: state/interface-error
  bool_value: true
  key: state/import-eval-pending
  bool_value: false
  key: state/import-eval
  bool_value: false
  key: state/peer-group
  str_value: Equinix
  key: state/neighbor-address
  str_value: 27.111.228.224
  key: state/enabled
  bool_value: true
  key: timers/state/connect-retry
  str_value: 0.00
  key: timers/state/hold-time
  str_value: 90.00
  key: timers/state/keepalive-interval
  str_value: 30.00
  key: timers/state/minimum-advertisement-interval
  str_value: 0.00
  key: timers/state/negotiated-hold-time
  str_value: 0.00
  key: transport/state/tcp-mss
  uint_value: 0
  key: transport/state/mtu-discovery
  bool_value: false
  key: transport/state/passive-mode
  bool_value: false
  key: transport/state/local-address
  str_value: 27.111.228.152
  key: transport/state/local-port
  uint_value: 0
  key: transport/state/remote-address
  str_value: 27.111.228.224
  key: transport/state/remote-port
  uint_value: 0
  key: error-handling/state/treat-as-withdraw
  bool_value: true
  key: error-handling/state/erroneous-update-messages
  uint_value: 0
  key: logging-options/state/log-neighbor-state-changes
  bool_value: false
  key: ebgp-multihop/state/enabled
  bool_value: false
  key: ebgp-multihop/state/multihop-ttl
  uint_value: 0
  key: route-reflector/state/route-reflector-cluster-id
  str_value: zero-len
  key: route-reflector/state/route-reflector-client
  bool_value: false
  key: as-path-options/state/allow-own-as
  uint_value: 0
  key: as-path-options/state/replace-peer-as
  bool_value: false
  key: as-path-options/state/disable-peer-as-filter
  bool_value: false
  key: use-multiple-paths/state/enabled
  bool_value: false
  key: use-multiple-paths/ebgp/state/allow-multiple-as
  bool_value: false
  key: __prefix__
  str_value: /network-instances/network-instance[name='master']/protocols/protocol/bgp/neighbors/neighbor[neighbor-address='27.111.228.224']/afi-safis/afi-safi[afi-safi-name='IPV4_UNICAST']/
  key: graceful-restart/state/enabled
  bool_value: true
  key: graceful-restart/state/received
  bool_value: false
  key: graceful-restart/state/advertised
  bool_value: false
  key: state/afi-safi-name
  str_value: IPV4_UNICAST
  key: state/enabled
  bool_value: true
  key: state/active
  bool_value: false
  key: state/prefixes/received
  uint_value: 0
  key: state/prefixes/sent
  uint_value: 0
  key: state/prefixes/installed
  uint_value: 0
  key: state/prefixes/accepted
  uint_value: 0
  key: state/prefix-limit-exceeded
  bool_value: false
  key: state/queues/input
  uint_value: 0
  key: state/queues/output
  uint_value: 0
  key: add-paths/state/receive
  bool_value: false
  key: add-paths/state/send
  bool_value: false
  key: add-paths/state/eligible-prefix-policy
  str_value: 
  key: ipv4-unicast/prefix-limit/state/max-prefixes
  uint_value: 0
  key: ipv4-unicast/prefix-limit/state/prevent-teardown
  bool_value: true
  key: ipv4-unicast/prefix-limit/state/shutdown-threshold-pct
  uint_value: 0
  key: ipv4-unicast/prefix-limit/state/restart-timer
  str_value: 0.00
system_id: SGP001IGR04
component_id: 65535
sub_component_id: 0
path: sensor_1004:/network-instances/network-instance/protocols/protocol/bgp/neighbors/neighbor/:/network-instances/network-instance/protocols/protocol/bgp/neighbors/neighbor/:rpd
sequence_number: 6
timestamp: 1695289070388
sync_response: false
  key: __timestamp__
  uint_value: 1695289070389
  key: __junos_re_stream_creation_timestamp__
  uint_value: 1695289069611
  key: __junos_re_payload_get_timestamp__
  uint_value: 1695289070363
  key: __prefix__
  str_value: /network-instances/network-instance[name='master']/protocols/protocol/bgp/neighbors/neighbor[neighbor-address='27.111.228.224']/
  key: graceful-restart/state/enabled
  bool_value: false
  key: graceful-restart/state/restart-time
  uint_value: 120
  key: graceful-restart/state/stale-routes-time
  str_value: 300.00
  key: graceful-restart/state/helper-only
  bool_value: true
  key: graceful-restart/state/peer-restarting
  bool_value: false
  key: graceful-restart/state/local-restarting
  bool_value: false
  key: graceful-restart/state/mode
  str_value: HELPER_ONLY
  key: apply-policy/state/import-policy
  leaf_list_value: element:<leaflist_str_value:"RX-FROM-EQUINIX" > 
  key: apply-policy/state/export-policy
  leaf_list_value: element:<leaflist_str_value:"ADV-TO-EQUINIX" > 
  key: __prefix__
  str_value: /network-instances/network-instance[name='master']/protocols/protocol/bgp/neighbors/neighbor[neighbor-address='27.111.228.231']/
  key: snmp-peer-index
  uint_value: 201
  key: state/peer-as
  uint_value: 134363
  key: state/local-as
  uint_value: 45903
  key: state/peer-type
  str_value: EXTERNAL
  key: state/auth-password
  str_value: (null)
  key: state/route-flap-damping
  bool_value: false
  key: state/description
  str_value: Peering EZIT
  key: state/session-state
  str_value: IDLE
  key: state/last-established
  uint_value: 1694967381
  key: state/established-transitions
  uint_value: 0
  key: state/messages/sent/UPDATE
  uint_value: 0
  key: state/messages/sent/NOTIFICATION
  uint_value: 0
  key: state/messages/sent/last-notification-time
  uint_value: 0
  key: state/messages/sent/last-notification-error-subcode
  str_value: UNSPECIFIC
  key: state/messages/received/UPDATE
  uint_value: 0
  key: state/messages/received/NOTIFICATION
  uint_value: 0
  key: state/messages/received/last-notification-time
  uint_value: 0
  key: state/messages/received/last-notification-error-code
  str_value: NONE
  key: state/messages/received/last-notification-error-subcode
  str_value: UNSPECIFIC
  key: state/queues/input
  uint_value: 0
  key: state/queues/output
  uint_value: 0
  key: state/dynamically-configured
  bool_value: false
  key: state/session-status
  str_value: HALTED
  key: state/session-admin-status
  str_value: STOP
  key: state/interface-error
  bool_value: true
  key: state/import-eval-pending
  bool_value: false
  key: state/import-eval
  bool_value: false
  key: state/peer-group
  str_value: Equinix
  key: state/neighbor-address
  str_value: 27.111.228.231
  key: state/enabled
  bool_value: true
  key: timers/state/connect-retry
  str_value: 0.00
  key: timers/state/hold-time
  str_value: 90.00
  key: timers/state/keepalive-interval
  str_value: 30.00
  key: timers/state/minimum-advertisement-interval
  str_value: 0.00
  key: timers/state/negotiated-hold-time
  str_value: 0.00
  key: transport/state/tcp-mss
  uint_value: 0
  key: transport/state/mtu-discovery
  bool_value: false
  key: transport/state/passive-mode
  bool_value: false
  key: transport/state/local-address
  str_value: 27.111.228.152
  key: transport/state/local-port
  uint_value: 0
  key: transport/state/remote-address
  str_value: 27.111.228.231
  key: transport/state/remote-port
  uint_value: 0
  key: error-handling/state/treat-as-withdraw
  bool_value: true
  key: error-handling/state/erroneous-update-messages
  uint_value: 0
  key: logging-options/state/log-neighbor-state-changes
  bool_value: false
  key: ebgp-multihop/state/enabled
  bool_value: false
  key: ebgp-multihop/state/multihop-ttl
  uint_value: 0
  key: route-reflector/state/route-reflector-cluster-id
  str_value: zero-len
  key: route-reflector/state/route-reflector-client
  bool_value: false
  key: as-path-options/state/allow-own-as
  uint_value: 0
  key: as-path-options/state/replace-peer-as
  bool_value: false
  key: as-path-options/state/disable-peer-as-filter
  bool_value: false
  key: use-multiple-paths/state/enabled
  bool_value: false
  key: use-multiple-paths/ebgp/state/allow-multiple-as
  bool_value: false
  key: graceful-restart/state/enabled
  bool_value: false
  key: graceful-restart/state/restart-time
  uint_value: 120
  key: graceful-restart/state/stale-routes-time
  str_value: 300.00
  key: graceful-restart/state/helper-only
  bool_value: true
  key: graceful-restart/state/peer-restarting
  bool_value: false
  key: graceful-restart/state/local-restarting
  bool_value: false
  key: graceful-restart/state/mode
  str_value: HELPER_ONLY
  key: apply-policy/state/import-policy
  leaf_list_value: element:<leaflist_str_value:"RX-FROM-EQUINIX" > 
  key: apply-policy/state/export-policy
  leaf_list_value: element:<leaflist_str_value:"ADV-TO-EQUINIX" > 
  key: __prefix__
  str_value: /network-instances/network-instance[name='master']/protocols/protocol/bgp/neighbors/neighbor[neighbor-address='27.111.228.237']/
  key: snmp-peer-index
  uint_value: 202
  key: state/peer-as
  uint_value: 55967
  key: state/local-as
  uint_value: 45903
  key: state/peer-type
  str_value: EXTERNAL
  key: state/auth-password
  str_value: (null)
  key: state/route-flap-damping
  bool_value: false
  key: state/description
  str_value: Peering BAIDU via Equinix
  key: state/session-state
  str_value: IDLE
  key: state/last-established
  uint_value: 1694967381
  key: state/established-transitions
  uint_value: 0
  key: state/messages/sent/UPDATE
  uint_value: 0
  key: state/messages/sent/NOTIFICATION
  uint_value: 0
  key: state/messages/sent/last-notification-time
  uint_value: 0
  key: state/messages/sent/last-notification-error-subcode
  str_value: UNSPECIFIC
  key: state/messages/received/UPDATE
  uint_value: 0
  key: state/messages/received/NOTIFICATION
  uint_value: 0
  key: state/messages/received/last-notification-time
  uint_value: 0
  key: state/messages/received/last-notification-error-code
  str_value: NONE
  key: state/messages/received/last-notification-error-subcode
  str_value: UNSPECIFIC
  key: state/queues/input
  uint_value: 0
  key: state/queues/output
  uint_value: 0
  key: state/dynamically-configured
  bool_value: false
  key: state/session-status
  str_value: HALTED
  key: state/session-admin-status
  str_value: STOP
  key: state/interface-error
  bool_value: true
  key: state/import-eval-pending
  bool_value: false
  key: state/import-eval
  bool_value: false
  key: state/peer-group
  str_value: Equinix
  key: state/neighbor-address
  str_value: 27.111.228.237
  key: state/enabled
  bool_value: true
  key: timers/state/connect-retry
  str_value: 0.00
  key: timers/state/hold-time
  str_value: 90.00
  key: timers/state/keepalive-interval
  str_value: 30.00
  key: timers/state/minimum-advertisement-interval
  str_value: 0.00
  key: timers/state/negotiated-hold-time
  str_value: 0.00
  key: transport/state/tcp-mss
  uint_value: 0
  key: transport/state/mtu-discovery
  bool_value: false
  key: transport/state/passive-mode
  bool_value: false
  key: transport/state/local-address
  str_value: 27.111.228.152
  key: transport/state/local-port
  uint_value: 0
  key: transport/state/remote-address
  str_value: 27.111.228.237
  key: transport/state/remote-port
  uint_value: 0
  key: error-handling/state/treat-as-withdraw
  bool_value: true
  key: error-handling/state/erroneous-update-messages
  uint_value: 0
  key: logging-options/state/log-neighbor-state-changes
  bool_value: false
  key: ebgp-multihop/state/enabled
  bool_value: false
  key: ebgp-multihop/state/multihop-ttl
  uint_value: 0
  key: route-reflector/state/route-reflector-cluster-id
  str_value: zero-len
  key: route-reflector/state/route-reflector-client
  bool_value: false
  key: as-path-options/state/allow-own-as
  uint_value: 0
  key: as-path-options/state/replace-peer-as
  bool_value: false
  key: as-path-options/state/disable-peer-as-filter
  bool_value: false
  key: use-multiple-paths/state/enabled
  bool_value: false
  key: use-multiple-paths/ebgp/state/allow-multiple-as
  bool_value: false
  key: graceful-restart/state/enabled
  bool_value: false
  key: graceful-restart/state/restart-time
  uint_value: 120
  key: graceful-restart/state/stale-routes-time
  str_value: 300.00
  key: graceful-restart/state/helper-only
  bool_value: true
  key: graceful-restart/state/peer-restarting
  bool_value: false
  key: graceful-restart/state/local-restarting
  bool_value: false
  key: graceful-restart/state/mode
  str_value: HELPER_ONLY
  key: apply-policy/state/import-policy
  leaf_list_value: element:<leaflist_str_value:"RX-FROM-EQUINIX" > 
  key: apply-policy/state/export-policy
  leaf_list_value: element:<leaflist_str_value:"ADV-TO-EQUINIX" > 
  key: __prefix__
  str_value: /network-instances/network-instance[name='master']/protocols/protocol/bgp/neighbors/neighbor[neighbor-address='27.111.228.238']/
  key: snmp-peer-index
  uint_value: 191
  key: state/peer-as
  uint_value: 45629
  key: state/local-as
  uint_value: 45903
  key: state/peer-type
  str_value: EXTERNAL
  key: state/auth-password
  str_value: (null)
  key: state/route-flap-damping
  bool_value: false
  key: state/description
  str_value: Peering JasTel via Equinix
  key: state/session-state
  str_value: IDLE
  key: state/last-established
  uint_value: 1694967381
  key: state/established-transitions
  uint_value: 0
  key: state/messages/sent/UPDATE
  uint_value: 0
  key: state/messages/sent/NOTIFICATION
  uint_value: 0
  key: state/messages/sent/last-notification-time
  uint_value: 0
  key: state/messages/sent/last-notification-error-subcode
  str_value: UNSPECIFIC
  key: state/messages/received/UPDATE
  uint_value: 0
  key: state/messages/received/NOTIFICATION
  uint_value: 0
  key: state/messages/received/last-notification-time
  uint_value: 0
  key: state/messages/received/last-notification-error-code
  str_value: NONE
  key: state/messages/received/last-notification-error-subcode
  str_value: UNSPECIFIC
  key: state/queues/input
  uint_value: 0
  key: state/queues/output
  uint_value: 0
  key: state/dynamically-configured
  bool_value: false
  key: state/session-status
  str_value: HALTED
  key: state/session-admin-status
  str_value: STOP
  key: state/interface-error
  bool_value: true
  key: state/import-eval-pending
  bool_value: false
  key: state/import-eval
  bool_value: false
  key: state/peer-group
  str_value: Equinix
  key: state/neighbor-address
  str_value: 27.111.228.238
  key: state/enabled
  bool_value: true
  key: timers/state/connect-retry
  str_value: 0.00
  key: timers/state/hold-time
  str_value: 90.00
  key: timers/state/keepalive-interval
  str_value: 30.00
  key: timers/state/minimum-advertisement-interval
  str_value: 0.00
  key: timers/state/negotiated-hold-time
  str_value: 0.00
  key: transport/state/tcp-mss
  uint_value: 0
  key: transport/state/mtu-discovery
  bool_value: false
  key: transport/state/passive-mode
  bool_value: false
  key: transport/state/local-address
  str_value: 27.111.228.152
  key: transport/state/local-port
  uint_value: 0
  key: transport/state/remote-address
  str_value: 27.111.228.238
  key: transport/state/remote-port
  uint_value: 0
  key: error-handling/state/treat-as-withdraw
  bool_value: true
  key: error-handling/state/erroneous-update-messages
  uint_value: 0
  key: logging-options/state/log-neighbor-state-changes
  bool_value: false
  key: ebgp-multihop/state/enabled
  bool_value: false
  key: ebgp-multihop/state/multihop-ttl
  uint_value: 0
  key: route-reflector/state/route-reflector-cluster-id
  str_value: zero-len
  key: route-reflector/state/route-reflector-client
  bool_value: false
  key: as-path-options/state/allow-own-as
  uint_value: 0
  key: as-path-options/state/replace-peer-as
  bool_value: false
  key: as-path-options/state/disable-peer-as-filter
  bool_value: false
  key: use-multiple-paths/state/enabled
  bool_value: false
  key: use-multiple-paths/ebgp/state/allow-multiple-as
  bool_value: false
  key: graceful-restart/state/enabled
  bool_value: false
  key: graceful-restart/state/restart-time
  uint_value: 120
  key: graceful-restart/state/stale-routes-time
  str_value: 300.00
  key: graceful-restart/state/helper-only
  bool_value: true
  key: graceful-restart/state/peer-restarting
  bool_value: false
  key: graceful-restart/state/local-restarting
  bool_value: false
  key: graceful-restart/state/mode
  str_value: HELPER_ONLY
  key: apply-policy/state/import-policy
  leaf_list_value: element:<leaflist_str_value:"RX-FROM-EQUINIX" > 
  key: apply-policy/state/export-policy
  leaf_list_value: element:<leaflist_str_value:"ADV-TO-EQUINIX" > 
  key: __prefix__
  str_value: /network-instances/network-instance[name='master']/protocols/protocol/bgp/neighbors/neighbor[neighbor-address='27.111.228.239']/
  key: snmp-peer-index
  uint_value: 262
  key: state/peer-as
  uint_value: 63199
  key: state/local-as
  uint_value: 45903
  key: state/peer-type
  str_value: EXTERNAL
  key: state/auth-password
  str_value: (null)
  key: state/route-flap-damping
  bool_value: false
  key: state/description
  str_value: Capitol Online via Equinix 01
  key: state/session-state
  str_value: IDLE
  key: state/last-established
  uint_value: 1694967381
  key: state/established-transitions
  uint_value: 0
  key: state/messages/sent/UPDATE
  uint_value: 0
  key: state/messages/sent/NOTIFICATION
  uint_value: 0
  key: state/messages/sent/last-notification-time
  uint_value: 0
  key: state/messages/sent/last-notification-error-subcode
  str_value: UNSPECIFIC
  key: state/messages/received/UPDATE
  uint_value: 0
  key: state/messages/received/NOTIFICATION
  uint_value: 0
  key: state/messages/received/last-notification-time
  uint_value: 0
  key: state/messages/received/last-notification-error-code
  str_value: NONE
  key: state/messages/received/last-notification-error-subcode
  str_value: UNSPECIFIC
  key: state/queues/input
  uint_value: 0
  key: state/queues/output
  uint_value: 0
  key: state/dynamically-configured
  bool_value: false
  key: state/session-status
  str_value: HALTED
  key: state/session-admin-status
  str_value: STOP
  key: state/interface-error
  bool_value: true
  key: state/import-eval-pending
  bool_value: false
  key: state/import-eval
  bool_value: false
  key: state/peer-group
  str_value: Equinix
  key: state/neighbor-address
  str_value: 27.111.228.239
  key: state/enabled
  bool_value: true
  key: timers/state/connect-retry
  str_value: 0.00
  key: timers/state/hold-time
  str_value: 90.00
  key: timers/state/keepalive-interval
  str_value: 30.00
  key: timers/state/minimum-advertisement-interval
  str_value: 0.00
  key: timers/state/negotiated-hold-time
  str_value: 0.00
  key: transport/state/tcp-mss
  uint_value: 0
  key: transport/state/mtu-discovery
  bool_value: false
  key: transport/state/passive-mode
  bool_value: false
  key: transport/state/local-address
  str_value: 27.111.228.152
  key: transport/state/local-port
  uint_value: 0
  key: transport/state/remote-address
  str_value: 27.111.228.239
  key: transport/state/remote-port
  uint_value: 0
  key: error-handling/state/treat-as-withdraw
  bool_value: true
  key: error-handling/state/erroneous-update-messages
  uint_value: 0
  key: logging-options/state/log-neighbor-state-changes
  bool_value: false
  key: ebgp-multihop/state/enabled
  bool_value: false
  key: ebgp-multihop/state/multihop-ttl
  uint_value: 0
  key: route-reflector/state/route-reflector-cluster-id
  str_value: zero-len
  key: route-reflector/state/route-reflector-client
  bool_value: false
  key: as-path-options/state/allow-own-as
  uint_value: 0
  key: as-path-options/state/replace-peer-as
  bool_value: false
  key: as-path-options/state/disable-peer-as-filter
  bool_value: false
  key: use-multiple-paths/state/enabled
  bool_value: false
  key: use-multiple-paths/ebgp/state/allow-multiple-as
  bool_value: false
  key: graceful-restart/state/enabled
  bool_value: false
  key: graceful-restart/state/restart-time
  uint_value: 120
  key: graceful-restart/state/stale-routes-time
  str_value: 300.00
  key: graceful-restart/state/helper-only
  bool_value: true
  key: graceful-restart/state/peer-restarting
  bool_value: false
  key: graceful-restart/state/local-restarting
  bool_value: false
  key: graceful-restart/state/mode
  str_value: HELPER_ONLY
  key: apply-policy/state/import-policy
  leaf_list_value: element:<leaflist_str_value:"RX-FROM-EQUINIX" > 
  key: apply-policy/state/export-policy
  leaf_list_value: element:<leaflist_str_value:"ADV-TO-EQUINIX" > 
  key: __prefix__
  str_value: /network-instances/network-instance[name='master']/protocols/protocol/bgp/neighbors/neighbor[neighbor-address='27.111.228.245']/
  key: snmp-peer-index
  uint_value: 250
  key: state/peer-as
  uint_value: 53813
  key: state/local-as
  uint_value: 45903
  key: state/peer-type
  str_value: EXTERNAL
  key: state/auth-password
  str_value: (null)
  key: state/route-flap-damping
  bool_value: false
  key: state/description
  str_value: Zscaler_via_EQUINIX_01
  key: state/session-state
  str_value: IDLE
  key: state/last-established
  uint_value: 1694967381
  key: state/established-transitions
  uint_value: 0
  key: state/messages/sent/UPDATE
  uint_value: 0
  key: state/messages/sent/NOTIFICATION
  uint_value: 0
  key: state/messages/sent/last-notification-time
  uint_value: 0
  key: state/messages/sent/last-notification-error-subcode
  str_value: UNSPECIFIC
  key: state/messages/received/UPDATE
  uint_value: 0
  key: state/messages/received/NOTIFICATION
  uint_value: 0
  key: state/messages/received/last-notification-time
  uint_value: 0
  key: state/messages/received/last-notification-error-code
  str_value: NONE
  key: state/messages/received/last-notification-error-subcode
  str_value: UNSPECIFIC
  key: state/queues/input
  uint_value: 0
  key: state/queues/output
  uint_value: 0
  key: state/dynamically-configured
  bool_value: false
  key: state/session-status
  str_value: HALTED
  key: state/session-admin-status
  str_value: STOP
  key: state/interface-error
  bool_value: true
  key: state/import-eval-pending
  bool_value: false
  key: state/import-eval
  bool_value: false
  key: state/peer-group
  str_value: Equinix
  key: state/neighbor-address
  str_value: 27.111.228.245
  key: state/enabled
  bool_value: true
  key: timers/state/connect-retry
  str_value: 0.00
  key: timers/state/hold-time
  str_value: 90.00
  key: timers/state/keepalive-interval
  str_value: 30.00
  key: timers/state/minimum-advertisement-interval
  str_value: 0.00
  key: timers/state/negotiated-hold-time
  str_value: 0.00
  key: transport/state/tcp-mss
  uint_value: 0
  key: transport/state/mtu-discovery
  bool_value: false
  key: transport/state/passive-mode
  bool_value: false
  key: transport/state/local-address
  str_value: 27.111.228.152
  key: transport/state/local-port
  uint_value: 0
  key: transport/state/remote-address
  str_value: 27.111.228.245
  key: transport/state/remote-port
  uint_value: 0
  key: error-handling/state/treat-as-withdraw
  bool_value: true
  key: error-handling/state/erroneous-update-messages
  uint_value: 0
  key: logging-options/state/log-neighbor-state-changes
  bool_value: false
  key: ebgp-multihop/state/enabled
  bool_value: false
  key: ebgp-multihop/state/multihop-ttl
  uint_value: 0
  key: route-reflector/state/route-reflector-cluster-id
  str_value: zero-len
  key: route-reflector/state/route-reflector-client
  bool_value: false
  key: as-path-options/state/allow-own-as
  uint_value: 0
  key: as-path-options/state/replace-peer-as
  bool_value: false
  key: as-path-options/state/disable-peer-as-filter
  bool_value: false
  key: use-multiple-paths/state/enabled
  bool_value: false
  key: use-multiple-paths/ebgp/state/allow-multiple-as
  bool_value: false
  key: __prefix__
  str_value: /network-instances/network-instance[name='master']/protocols/protocol/bgp/neighbors/neighbor[neighbor-address='27.111.228.245']/afi-safis/afi-safi[afi-safi-name='IPV4_UNICAST']/
  key: graceful-restart/state/enabled
  bool_value: true
  key: graceful-restart/state/received
  bool_value: false
  key: graceful-restart/state/advertised
  bool_value: false
  key: state/afi-safi-name
  str_value: IPV4_UNICAST
  key: state/enabled
  bool_value: true
  key: state/active
  bool_value: false
  key: state/prefixes/received
  uint_value: 0
  key: state/prefixes/sent
  uint_value: 0
  key: state/prefixes/installed
  uint_value: 0
  key: state/prefixes/accepted
  uint_value: 0
  key: state/prefix-limit-exceeded
  bool_value: false
  key: state/queues/input
  uint_value: 0
  key: state/queues/output
  uint_value: 0
  key: add-paths/state/receive
  bool_value: false
  key: add-paths/state/send
  bool_value: false
  key: add-paths/state/eligible-prefix-policy
  str_value: 
  key: ipv4-unicast/prefix-limit/state/max-prefixes
  uint_value: 0
  key: ipv4-unicast/prefix-limit/state/prevent-teardown
  bool_value: true
  key: ipv4-unicast/prefix-limit/state/shutdown-threshold-pct
  uint_value: 0
  key: ipv4-unicast/prefix-limit/state/restart-timer
  str_value: 0.00
  key: __prefix__
  str_value: /network-instances/network-instance[name='master']/protocols/protocol/bgp/neighbors/neighbor[neighbor-address='27.111.228.245']/
  key: graceful-restart/state/enabled
  bool_value: false
  key: graceful-restart/state/restart-time
  uint_value: 120
  key: graceful-restart/state/stale-routes-time
  str_value: 300.00
  key: graceful-restart/state/helper-only
  bool_value: true
  key: graceful-restart/state/peer-restarting
  bool_value: false
  key: graceful-restart/state/local-restarting
  bool_value: false
  key: graceful-restart/state/mode
  str_value: HELPER_ONLY
  key: apply-policy/state/import-policy
  leaf_list_value: element:<leaflist_str_value:"RX-FROM-EQUINIX" > 
  key: apply-policy/state/export-policy
  leaf_list_value: element:<leaflist_str_value:"ADV-TO-EQUINIX" > 
  key: __prefix__
  str_value: /network-instances/network-instance[name='master']/protocols/protocol/bgp/neighbors/neighbor[neighbor-address='27.111.228.250']/
  key: snmp-peer-index
  uint_value: 236
  key: state/peer-as
  uint_value: 20940
  key: state/local-as
  uint_value: 45903
  key: state/peer-type
  str_value: EXTERNAL
  key: state/auth-password
  str_value: (null)
  key: state/route-flap-damping
  bool_value: false
  key: state/description
  str_value: Peering-AKAMAI-EQUINIX-SGP
  key: state/session-state
  str_value: IDLE
  key: state/last-established
  uint_value: 1694967381
  key: state/established-transitions
  uint_value: 0
  key: state/messages/sent/UPDATE
  uint_value: 0
  key: state/messages/sent/NOTIFICATION
  uint_value: 0
  key: state/messages/sent/last-notification-time
  uint_value: 0
  key: state/messages/sent/last-notification-error-subcode
  str_value: UNSPECIFIC
  key: state/messages/received/UPDATE
  uint_value: 0
  key: state/messages/received/NOTIFICATION
  uint_value: 0
  key: state/messages/received/last-notification-time
  uint_value: 0
  key: state/messages/received/last-notification-error-code
  str_value: NONE
  key: state/messages/received/last-notification-error-subcode
  str_value: UNSPECIFIC
  key: state/queues/input
  uint_value: 0
  key: state/queues/output
  uint_value: 0
  key: state/dynamically-configured
  bool_value: false
  key: state/session-status
  str_value: HALTED
  key: state/session-admin-status
  str_value: STOP
  key: state/interface-error
  bool_value: true
  key: state/import-eval-pending
  bool_value: false
  key: state/import-eval
  bool_value: false
  key: state/peer-group
  str_value: Equinix
  key: state/neighbor-address
  str_value: 27.111.228.250
  key: state/enabled
  bool_value: true
  key: timers/state/connect-retry
  str_value: 0.00
  key: timers/state/hold-time
  str_value: 90.00
  key: timers/state/keepalive-interval
  str_value: 30.00
  key: timers/state/minimum-advertisement-interval
  str_value: 0.00
  key: timers/state/negotiated-hold-time
  str_value: 0.00
  key: transport/state/tcp-mss
  uint_value: 0
  key: transport/state/mtu-discovery
  bool_value: false
  key: transport/state/passive-mode
  bool_value: false
  key: transport/state/local-address
  str_value: 27.111.228.152
  key: transport/state/local-port
  uint_value: 0
  key: transport/state/remote-address
  str_value: 27.111.228.250
  key: transport/state/remote-port
  uint_value: 0
  key: error-handling/state/treat-as-withdraw
  bool_value: true
  key: error-handling/state/erroneous-update-messages
  uint_value: 0
  key: logging-options/state/log-neighbor-state-changes
  bool_value: false
  key: ebgp-multihop/state/enabled
  bool_value: false
  key: ebgp-multihop/state/multihop-ttl
  uint_value: 0
  key: route-reflector/state/route-reflector-cluster-id
  str_value: zero-len
  key: route-reflector/state/route-reflector-client
  bool_value: false
  key: as-path-options/state/allow-own-as
  uint_value: 0
  key: as-path-options/state/replace-peer-as
  bool_value: false
  key: as-path-options/state/disable-peer-as-filter
  bool_value: false
  key: use-multiple-paths/state/enabled
  bool_value: false
  key: use-multiple-paths/ebgp/state/allow-multiple-as
  bool_value: false
  key: graceful-restart/state/enabled
  bool_value: false
  key: graceful-restart/state/restart-time
  uint_value: 120
  key: graceful-restart/state/stale-routes-time
  str_value: 300.00
  key: graceful-restart/state/helper-only
  bool_value: true
  key: graceful-restart/state/peer-restarting
  bool_value: false
  key: graceful-restart/state/local-restarting
  bool_value: false
  key: graceful-restart/state/mode
  str_value: HELPER_ONLY
system_id: SGP001IGR04
component_id: 65535
sub_component_id: 0
path: sensor_1004:/network-instances/network-instance/protocols/protocol/bgp/neighbors/neighbor/:/network-instances/network-instance/protocols/protocol/bgp/neighbors/neighbor/:rpd
sequence_number: 7
timestamp: 1695289070513
sync_response: false
  key: __timestamp__
  uint_value: 1695289070514
  key: __junos_re_stream_creation_timestamp__
  uint_value: 1695289069611
  key: __junos_re_payload_get_timestamp__
  uint_value: 1695289070488
  key: apply-policy/state/import-policy
  leaf_list_value: element:<leaflist_str_value:"RX-FROM-AKAMAI" > 
  key: __prefix__
  str_value: /network-instances/network-instance[name='master']/protocols/protocol/bgp/neighbors/neighbor[neighbor-address='27.111.228.250']/
  key: apply-policy/state/export-policy
  leaf_list_value: element:<leaflist_str_value:"ADV-TO-AKAMAI" > 
  key: __prefix__
  str_value: /network-instances/network-instance[name='master']/protocols/protocol/bgp/neighbors/neighbor[neighbor-address='27.111.229.2']/
  key: snmp-peer-index
  uint_value: 197
  key: state/peer-as
  uint_value: 9930
  key: state/local-as
  uint_value: 45903
  key: state/peer-type
  str_value: EXTERNAL
  key: state/auth-password
  str_value: (null)
  key: state/route-flap-damping
  bool_value: false
  key: state/description
  str_value: Peering TIME DOTCOM
  key: state/session-state
  str_value: IDLE
  key: state/last-established
  uint_value: 1694967381
  key: state/established-transitions
  uint_value: 0
  key: state/messages/sent/UPDATE
  uint_value: 0
  key: state/messages/sent/NOTIFICATION
  uint_value: 0
  key: state/messages/sent/last-notification-time
  uint_value: 0
  key: state/messages/sent/last-notification-error-subcode
  str_value: UNSPECIFIC
  key: state/messages/received/UPDATE
  uint_value: 0
  key: state/messages/received/NOTIFICATION
  uint_value: 0
  key: state/messages/received/last-notification-time
  uint_value: 0
  key: state/messages/received/last-notification-error-code
  str_value: NONE
  key: state/messages/received/last-notification-error-subcode
  str_value: UNSPECIFIC
  key: state/queues/input
  uint_value: 0
  key: state/queues/output
  uint_value: 0
  key: state/dynamically-configured
  bool_value: false
  key: state/session-status
  str_value: HALTED
  key: state/session-admin-status
  str_value: STOP
  key: state/interface-error
  bool_value: true
  key: state/import-eval-pending
  bool_value: false
  key: state/import-eval
  bool_value: false
  key: state/peer-group
  str_value: Equinix
  key: state/neighbor-address
  str_value: 27.111.229.2
  key: state/enabled
  bool_value: true
  key: timers/state/connect-retry
  str_value: 0.00
  key: timers/state/hold-time
  str_value: 90.00
  key: timers/state/keepalive-interval
  str_value: 30.00
  key: timers/state/minimum-advertisement-interval
  str_value: 0.00
  key: timers/state/negotiated-hold-time
  str_value: 0.00
  key: transport/state/tcp-mss
  uint_value: 0
  key: transport/state/mtu-discovery
  bool_value: false
  key: transport/state/passive-mode
  bool_value: false
  key: transport/state/local-address
  str_value: 27.111.228.152
  key: transport/state/local-port
  uint_value: 0
  key: transport/state/remote-address
  str_value: 27.111.229.2
  key: transport/state/remote-port
  uint_value: 0
  key: error-handling/state/treat-as-withdraw
  bool_value: true
  key: error-handling/state/erroneous-update-messages
  uint_value: 0
  key: logging-options/state/log-neighbor-state-changes
  bool_value: false
  key: ebgp-multihop/state/enabled
  bool_value: false
  key: ebgp-multihop/state/multihop-ttl
  uint_value: 0
  key: route-reflector/state/route-reflector-cluster-id
  str_value: zero-len
  key: route-reflector/state/route-reflector-client
  bool_value: false
  key: as-path-options/state/allow-own-as
  uint_value: 0
  key: as-path-options/state/replace-peer-as
  bool_value: false
  key: as-path-options/state/disable-peer-as-filter
  bool_value: false
  key: use-multiple-paths/state/enabled
  bool_value: false
  key: use-multiple-paths/ebgp/state/allow-multiple-as
  bool_value: false
  key: graceful-restart/state/enabled
  bool_value: false
  key: graceful-restart/state/restart-time
  uint_value: 120
  key: graceful-restart/state/stale-routes-time
  str_value: 300.00
  key: graceful-restart/state/helper-only
  bool_value: true
  key: graceful-restart/state/peer-restarting
  bool_value: false
  key: graceful-restart/state/local-restarting
  bool_value: false
  key: graceful-restart/state/mode
  str_value: HELPER_ONLY
  key: apply-policy/state/import-policy
  leaf_list_value: element:<leaflist_str_value:"RX-FROM-EQUINIX" > 
  key: apply-policy/state/export-policy
  leaf_list_value: element:<leaflist_str_value:"ADV-TO-EQUINIX" > 
  key: __prefix__
  str_value: /network-instances/network-instance[name='master']/protocols/protocol/bgp/neighbors/neighbor[neighbor-address='27.111.229.35']/
  key: snmp-peer-index
  uint_value: 216
  key: state/peer-as
  uint_value: 135391
  key: state/local-as
  uint_value: 45903
  key: state/peer-type
  str_value: EXTERNAL
  key: state/auth-password
  str_value: (null)
  key: state/route-flap-damping
  bool_value: false
  key: state/description
  str_value: Peering AOFEI
  key: state/session-state
  str_value: IDLE
  key: state/last-established
  uint_value: 1694967381
  key: state/established-transitions
  uint_value: 0
  key: state/messages/sent/UPDATE
  uint_value: 0
  key: state/messages/sent/NOTIFICATION
  uint_value: 0
  key: state/messages/sent/last-notification-time
  uint_value: 0
  key: state/messages/sent/last-notification-error-subcode
  str_value: UNSPECIFIC
  key: state/messages/received/UPDATE
  uint_value: 0
  key: state/messages/received/NOTIFICATION
  uint_value: 0
  key: state/messages/received/last-notification-time
  uint_value: 0
  key: state/messages/received/last-notification-error-code
  str_value: NONE
  key: state/messages/received/last-notification-error-subcode
  str_value: UNSPECIFIC
  key: state/queues/input
  uint_value: 0
  key: state/queues/output
  uint_value: 0
  key: state/dynamically-configured
  bool_value: false
  key: state/session-status
  str_value: HALTED
  key: state/session-admin-status
  str_value: STOP
  key: state/interface-error
  bool_value: true
  key: state/import-eval-pending
  bool_value: false
  key: state/import-eval
  bool_value: false
  key: state/peer-group
  str_value: Equinix
  key: state/neighbor-address
  str_value: 27.111.229.35
  key: state/enabled
  bool_value: true
  key: timers/state/connect-retry
  str_value: 0.00
  key: timers/state/hold-time
  str_value: 90.00
  key: timers/state/keepalive-interval
  str_value: 30.00
  key: timers/state/minimum-advertisement-interval
  str_value: 0.00
  key: timers/state/negotiated-hold-time
  str_value: 0.00
  key: transport/state/tcp-mss
  uint_value: 0
  key: transport/state/mtu-discovery
  bool_value: false
  key: transport/state/passive-mode
  bool_value: false
  key: transport/state/local-address
  str_value: 27.111.228.152
  key: transport/state/local-port
  uint_value: 0
  key: transport/state/remote-address
  str_value: 27.111.229.35
  key: transport/state/remote-port
  uint_value: 0
  key: error-handling/state/treat-as-withdraw
  bool_value: true
  key: error-handling/state/erroneous-update-messages
  uint_value: 0
  key: logging-options/state/log-neighbor-state-changes
  bool_value: false
  key: ebgp-multihop/state/enabled
  bool_value: false
  key: ebgp-multihop/state/multihop-ttl
  uint_value: 0
  key: route-reflector/state/route-reflector-cluster-id
  str_value: zero-len
  key: route-reflector/state/route-reflector-client
  bool_value: false
  key: as-path-options/state/allow-own-as
  uint_value: 0
  key: as-path-options/state/replace-peer-as
  bool_value: false
  key: as-path-options/state/disable-peer-as-filter
  bool_value: false
  key: use-multiple-paths/state/enabled
  bool_value: false
  key: use-multiple-paths/ebgp/state/allow-multiple-as
  bool_value: false
  key: graceful-restart/state/enabled
  bool_value: false
  key: graceful-restart/state/restart-time
  uint_value: 120
  key: graceful-restart/state/stale-routes-time
  str_value: 300.00
  key: graceful-restart/state/helper-only
  bool_value: true
  key: graceful-restart/state/peer-restarting
  bool_value: false
  key: graceful-restart/state/local-restarting
  bool_value: false
  key: graceful-restart/state/mode
  str_value: HELPER_ONLY
  key: apply-policy/state/import-policy
  leaf_list_value: element:<leaflist_str_value:"RX-FROM-EQUINIX" > 
  key: apply-policy/state/export-policy
  leaf_list_value: element:<leaflist_str_value:"ADV-TO-EQUINIX" > 
  key: __prefix__
  str_value: /network-instances/network-instance[name='master']/protocols/protocol/bgp/neighbors/neighbor[neighbor-address='27.111.229.51']/
  key: snmp-peer-index
  uint_value: 228
  key: state/peer-as
  uint_value: 132203
  key: state/local-as
  uint_value: 45903
  key: state/peer-type
  str_value: EXTERNAL
  key: state/auth-password
  str_value: (null)
  key: state/route-flap-damping
  bool_value: false
  key: state/description
  str_value: Peering TenCent via Equinix
  key: state/session-state
  str_value: IDLE
  key: state/last-established
  uint_value: 1694967381
  key: state/established-transitions
  uint_value: 0
  key: state/messages/sent/UPDATE
  uint_value: 0
  key: state/messages/sent/NOTIFICATION
  uint_value: 0
  key: state/messages/sent/last-notification-time
  uint_value: 0
  key: state/messages/sent/last-notification-error-subcode
  str_value: UNSPECIFIC
  key: state/messages/received/UPDATE
  uint_value: 0
  key: state/messages/received/NOTIFICATION
  uint_value: 0
  key: state/messages/received/last-notification-time
  uint_value: 0
  key: state/messages/received/last-notification-error-code
  str_value: NONE
  key: state/messages/received/last-notification-error-subcode
  str_value: UNSPECIFIC
  key: state/queues/input
  uint_value: 0
  key: state/queues/output
  uint_value: 0
  key: state/dynamically-configured
  bool_value: false
  key: state/session-status
  str_value: HALTED
  key: state/session-admin-status
  str_value: STOP
  key: state/interface-error
  bool_value: true
  key: state/import-eval-pending
  bool_value: false
  key: state/import-eval
  bool_value: false
  key: state/peer-group
  str_value: Equinix
  key: state/neighbor-address
  str_value: 27.111.229.51
  key: state/enabled
  bool_value: true
  key: timers/state/connect-retry
  str_value: 0.00
  key: timers/state/hold-time
  str_value: 90.00
  key: timers/state/keepalive-interval
  str_value: 30.00
  key: timers/state/minimum-advertisement-interval
  str_value: 0.00
  key: timers/state/negotiated-hold-time
  str_value: 0.00
  key: transport/state/tcp-mss
  uint_value: 0
  key: transport/state/mtu-discovery
  bool_value: false
  key: transport/state/passive-mode
  bool_value: false
  key: transport/state/local-address
  str_value: 27.111.228.152
  key: transport/state/local-port
  uint_value: 0
  key: transport/state/remote-address
  str_value: 27.111.229.51
  key: transport/state/remote-port
  uint_value: 0
  key: error-handling/state/treat-as-withdraw
  bool_value: true
  key: error-handling/state/erroneous-update-messages
  uint_value: 0
  key: logging-options/state/log-neighbor-state-changes
  bool_value: false
  key: ebgp-multihop/state/enabled
  bool_value: false
  key: ebgp-multihop/state/multihop-ttl
  uint_value: 0
  key: route-reflector/state/route-reflector-cluster-id
  str_value: zero-len
  key: route-reflector/state/route-reflector-client
  bool_value: false
  key: as-path-options/state/allow-own-as
  uint_value: 0
  key: as-path-options/state/replace-peer-as
  bool_value: false
  key: as-path-options/state/disable-peer-as-filter
  bool_value: false
  key: use-multiple-paths/state/enabled
  bool_value: false
  key: use-multiple-paths/ebgp/state/allow-multiple-as
  bool_value: false
  key: graceful-restart/state/enabled
  bool_value: false
  key: graceful-restart/state/restart-time
  uint_value: 120
  key: graceful-restart/state/stale-routes-time
  str_value: 300.00
  key: graceful-restart/state/helper-only
  bool_value: true
  key: graceful-restart/state/peer-restarting
  bool_value: false
  key: graceful-restart/state/local-restarting
  bool_value: false
  key: graceful-restart/state/mode
  str_value: HELPER_ONLY
  key: apply-policy/state/import-policy
  leaf_list_value: element:<leaflist_str_value:"RX-FROM-TenCent" > 
  key: apply-policy/state/export-policy
  leaf_list_value: element:<leaflist_str_value:"ADV-TO-TenCent" > 
  key: __prefix__
  str_value: /network-instances/network-instance[name='master']/protocols/protocol/bgp/neighbors/neighbor[neighbor-address='27.111.229.52']/
  key: snmp-peer-index
  uint_value: 227
  key: state/peer-as
  uint_value: 132203
  key: state/local-as
  uint_value: 45903
  key: state/peer-type
  str_value: EXTERNAL
  key: state/auth-password
  str_value: (null)
  key: state/route-flap-damping
  bool_value: false
  key: state/description
  str_value: Peering TenCent via Equinix
  key: state/session-state
  str_value: IDLE
  key: state/last-established
  uint_value: 1694967381
  key: state/established-transitions
  uint_value: 0
  key: state/messages/sent/UPDATE
  uint_value: 0
  key: state/messages/sent/NOTIFICATION
  uint_value: 0
  key: state/messages/sent/last-notification-time
  uint_value: 0
  key: state/messages/sent/last-notification-error-subcode
  str_value: UNSPECIFIC
  key: state/messages/received/UPDATE
  uint_value: 0
  key: state/messages/received/NOTIFICATION
  uint_value: 0
  key: state/messages/received/last-notification-time
  uint_value: 0
  key: state/messages/received/last-notification-error-code
  str_value: NONE
  key: state/messages/received/last-notification-error-subcode
  str_value: UNSPECIFIC
  key: state/queues/input
  uint_value: 0
  key: state/queues/output
  uint_value: 0
  key: state/dynamically-configured
  bool_value: false
  key: state/session-status
  str_value: HALTED
  key: state/session-admin-status
  str_value: STOP
  key: state/interface-error
  bool_value: true
  key: state/import-eval-pending
  bool_value: false
  key: state/import-eval
  bool_value: false
  key: state/peer-group
  str_value: Equinix
  key: state/neighbor-address
  str_value: 27.111.229.52
  key: state/enabled
  bool_value: true
  key: timers/state/connect-retry
  str_value: 0.00
  key: timers/state/hold-time
  str_value: 90.00
  key: timers/state/keepalive-interval
  str_value: 30.00
  key: timers/state/minimum-advertisement-interval
  str_value: 0.00
  key: timers/state/negotiated-hold-time
  str_value: 0.00
  key: transport/state/tcp-mss
  uint_value: 0
  key: transport/state/mtu-discovery
  bool_value: false
  key: transport/state/passive-mode
  bool_value: false
  key: transport/state/local-address
  str_value: 27.111.228.152
  key: transport/state/local-port
  uint_value: 0
  key: transport/state/remote-address
  str_value: 27.111.229.52
  key: transport/state/remote-port
  uint_value: 0
  key: error-handling/state/treat-as-withdraw
  bool_value: true
  key: error-handling/state/erroneous-update-messages
  uint_value: 0
  key: logging-options/state/log-neighbor-state-changes
  bool_value: false
  key: ebgp-multihop/state/enabled
  bool_value: false
  key: ebgp-multihop/state/multihop-ttl
  uint_value: 0
  key: route-reflector/state/route-reflector-cluster-id
  str_value: zero-len
  key: route-reflector/state/route-reflector-client
  bool_value: false
  key: as-path-options/state/allow-own-as
  uint_value: 0
  key: as-path-options/state/replace-peer-as
  bool_value: false
  key: as-path-options/state/disable-peer-as-filter
  bool_value: false
  key: use-multiple-paths/state/enabled
  bool_value: false
  key: use-multiple-paths/ebgp/state/allow-multiple-as
  bool_value: false
  key: graceful-restart/state/enabled
  bool_value: false
  key: graceful-restart/state/restart-time
  uint_value: 120
  key: graceful-restart/state/stale-routes-time
  str_value: 300.00
  key: graceful-restart/state/helper-only
  bool_value: true
  key: graceful-restart/state/peer-restarting
  bool_value: false
  key: graceful-restart/state/local-restarting
  bool_value: false
  key: graceful-restart/state/mode
  str_value: HELPER_ONLY
  key: apply-policy/state/import-policy
  leaf_list_value: element:<leaflist_str_value:"RX-FROM-TenCent" > 
  key: apply-policy/state/export-policy
  leaf_list_value: element:<leaflist_str_value:"ADV-TO-TenCent" > 
  key: __prefix__
  str_value: /network-instances/network-instance[name='master']/protocols/protocol/bgp/neighbors/neighbor[neighbor-address='27.111.229.60']/
  key: snmp-peer-index
  uint_value: 239
  key: state/peer-as
  uint_value: 6619
  key: state/local-as
  uint_value: 45903
  key: state/peer-type
  str_value: EXTERNAL
  key: state/auth-password
  str_value: (null)
  key: state/route-flap-damping
  bool_value: false
  key: state/description
  str_value: Peering-Samsung-EQUINIX-SGP
  key: state/session-state
  str_value: IDLE
  key: state/last-established
  uint_value: 1694967381
  key: state/established-transitions
  uint_value: 0
  key: state/messages/sent/UPDATE
  uint_value: 0
  key: state/messages/sent/NOTIFICATION
  uint_value: 0
  key: state/messages/sent/last-notification-time
  uint_value: 0
  key: state/messages/sent/last-notification-error-subcode
  str_value: UNSPECIFIC
  key: state/messages/received/UPDATE
  uint_value: 0
  key: state/messages/received/NOTIFICATION
  uint_value: 0
  key: state/messages/received/last-notification-time
  uint_value: 0
  key: state/messages/received/last-notification-error-code
  str_value: NONE
  key: state/messages/received/last-notification-error-subcode
  str_value: UNSPECIFIC
  key: state/queues/input
  uint_value: 0
  key: state/queues/output
  uint_value: 0
  key: state/dynamically-configured
  bool_value: false
  key: state/session-status
  str_value: HALTED
  key: state/session-admin-status
  str_value: STOP
  key: state/interface-error
  bool_value: true
  key: state/import-eval-pending
  bool_value: false
  key: state/import-eval
  bool_value: false
  key: state/peer-group
  str_value: Equinix
  key: state/neighbor-address
  str_value: 27.111.229.60
  key: state/enabled
  bool_value: true
  key: timers/state/connect-retry
  str_value: 0.00
  key: timers/state/hold-time
  str_value: 90.00
  key: timers/state/keepalive-interval
  str_value: 30.00
  key: timers/state/minimum-advertisement-interval
  str_value: 0.00
  key: timers/state/negotiated-hold-time
  str_value: 0.00
  key: transport/state/tcp-mss
  uint_value: 0
  key: transport/state/mtu-discovery
  bool_value: false
  key: transport/state/passive-mode
  bool_value: false
  key: transport/state/local-address
  str_value: 27.111.228.152
  key: transport/state/local-port
  uint_value: 0
  key: transport/state/remote-address
  str_value: 27.111.229.60
  key: transport/state/remote-port
  uint_value: 0
  key: error-handling/state/treat-as-withdraw
  bool_value: true
  key: error-handling/state/erroneous-update-messages
  uint_value: 0
  key: logging-options/state/log-neighbor-state-changes
  bool_value: false
  key: ebgp-multihop/state/enabled
  bool_value: false
  key: ebgp-multihop/state/multihop-ttl
  uint_value: 0
  key: route-reflector/state/route-reflector-cluster-id
  str_value: zero-len
  key: route-reflector/state/route-reflector-client
  bool_value: false
  key: as-path-options/state/allow-own-as
  uint_value: 0
  key: as-path-options/state/replace-peer-as
  bool_value: false
  key: as-path-options/state/disable-peer-as-filter
  bool_value: false
  key: use-multiple-paths/state/enabled
  bool_value: false
  key: use-multiple-paths/ebgp/state/allow-multiple-as
  bool_value: false
  key: graceful-restart/state/enabled
  bool_value: false
  key: graceful-restart/state/restart-time
  uint_value: 120
  key: graceful-restart/state/stale-routes-time
  str_value: 300.00
  key: graceful-restart/state/helper-only
  bool_value: true
  key: graceful-restart/state/peer-restarting
  bool_value: false
  key: graceful-restart/state/local-restarting
  bool_value: false
  key: graceful-restart/state/mode
  str_value: HELPER_ONLY
  key: apply-policy/state/import-policy
  leaf_list_value: element:<leaflist_str_value:"RX-FROM-SAMSUNG" > 
  key: apply-policy/state/export-policy
  leaf_list_value: element:<leaflist_str_value:"ADV-TO-SAMSUNG" > 
  key: __prefix__
  str_value: /network-instances/network-instance[name='master']/protocols/protocol/bgp/neighbors/neighbor[neighbor-address='27.111.229.61']/
  key: snmp-peer-index
  uint_value: 240
  key: state/peer-as
  uint_value: 135354
  key: state/local-as
  uint_value: 45903
  key: state/peer-type
  str_value: EXTERNAL
  key: state/auth-password
  str_value: (null)
  key: state/route-flap-damping
  bool_value: false
  key: state/description
  str_value: Peering-Naver-135354-EQUINIX-SGP
  key: state/session-state
  str_value: IDLE
  key: state/last-established
  uint_value: 1694967381
  key: state/established-transitions
  uint_value: 0
  key: state/messages/sent/UPDATE
  uint_value: 0
  key: state/messages/sent/NOTIFICATION
  uint_value: 0
  key: state/messages/sent/last-notification-time
  uint_value: 0
  key: state/messages/sent/last-notification-error-subcode
  str_value: UNSPECIFIC
  key: state/messages/received/UPDATE
  uint_value: 0
  key: state/messages/received/NOTIFICATION
  uint_value: 0
  key: state/messages/received/last-notification-time
  uint_value: 0
  key: state/messages/received/last-notification-error-code
  str_value: NONE
  key: state/messages/received/last-notification-error-subcode
  str_value: UNSPECIFIC
  key: state/queues/input
  uint_value: 0
  key: state/queues/output
  uint_value: 0
  key: state/dynamically-configured
  bool_value: false
  key: state/session-status
  str_value: HALTED
  key: state/session-admin-status
  str_value: STOP
  key: state/interface-error
  bool_value: true
  key: state/import-eval-pending
  bool_value: false
  key: state/import-eval
  bool_value: false
  key: state/peer-group
  str_value: Equinix
  key: state/neighbor-address
  str_value: 27.111.229.61
  key: state/enabled
  bool_value: true
  key: timers/state/connect-retry
  str_value: 0.00
  key: timers/state/hold-time
  str_value: 90.00
  key: timers/state/keepalive-interval
  str_value: 30.00
  key: timers/state/minimum-advertisement-interval
  str_value: 0.00
  key: timers/state/negotiated-hold-time
  str_value: 0.00
  key: transport/state/tcp-mss
  uint_value: 0
  key: transport/state/mtu-discovery
  bool_value: false
  key: transport/state/passive-mode
  bool_value: false
  key: transport/state/local-address
  str_value: 27.111.228.152
  key: transport/state/local-port
  uint_value: 0
  key: transport/state/remote-address
  str_value: 27.111.229.61
  key: transport/state/remote-port
  uint_value: 0
  key: error-handling/state/treat-as-withdraw
  bool_value: true
  key: error-handling/state/erroneous-update-messages
  uint_value: 0
  key: logging-options/state/log-neighbor-state-changes
  bool_value: false
  key: ebgp-multihop/state/enabled
  bool_value: false
  key: ebgp-multihop/state/multihop-ttl
  uint_value: 0
  key: route-reflector/state/route-reflector-cluster-id
  str_value: zero-len
  key: route-reflector/state/route-reflector-client
  bool_value: false
  key: as-path-options/state/allow-own-as
  uint_value: 0
  key: as-path-options/state/replace-peer-as
  bool_value: false
  key: as-path-options/state/disable-peer-as-filter
  bool_value: false
  key: use-multiple-paths/state/enabled
  bool_value: false
  key: use-multiple-paths/ebgp/state/allow-multiple-as
  bool_value: false
  key: graceful-restart/state/enabled
  bool_value: false
  key: graceful-restart/state/restart-time
  uint_value: 120
  key: graceful-restart/state/stale-routes-time
  str_value: 300.00
  key: graceful-restart/state/helper-only
  bool_value: true
  key: graceful-restart/state/peer-restarting
  bool_value: false
  key: graceful-restart/state/local-restarting
  bool_value: false
  key: graceful-restart/state/mode
  str_value: HELPER_ONLY
  key: apply-policy/state/import-policy
  leaf_list_value: element:<leaflist_str_value:"RX-FROM-EQUINIX" > 
  key: apply-policy/state/export-policy
  leaf_list_value: element:<leaflist_str_value:"ADV-TO-EQUINIX" > 
  key: __prefix__
  str_value: /network-instances/network-instance[name='master']/protocols/protocol/bgp/neighbors/neighbor[neighbor-address='27.111.229.95']/
  key: snmp-peer-index
  uint_value: 222
  key: state/peer-as
  uint_value: 15133
  key: state/local-as
  uint_value: 45903
  key: state/peer-type
  str_value: EXTERNAL
  key: state/auth-password
  str_value: (null)
  key: state/route-flap-damping
  bool_value: false
  key: state/description
  str_value: Peering Verizon Digital #2
  key: state/session-state
  str_value: IDLE
  key: state/last-established
  uint_value: 1694967381
  key: state/established-transitions
  uint_value: 0
  key: state/messages/sent/UPDATE
  uint_value: 0
  key: state/messages/sent/NOTIFICATION
  uint_value: 0
  key: state/messages/sent/last-notification-time
  uint_value: 0
  key: state/messages/sent/last-notification-error-subcode
  str_value: UNSPECIFIC
  key: state/messages/received/UPDATE
  uint_value: 0
  key: state/messages/received/NOTIFICATION
  uint_value: 0
  key: state/messages/received/last-notification-time
  uint_value: 0
  key: state/messages/received/last-notification-error-code
  str_value: NONE
  key: state/messages/received/last-notification-error-subcode
  str_value: UNSPECIFIC
  key: state/queues/input
  uint_value: 0
  key: state/queues/output
  uint_value: 0
  key: state/dynamically-configured
  bool_value: false
  key: state/session-status
  str_value: HALTED
  key: state/session-admin-status
  str_value: STOP
  key: state/interface-error
  bool_value: true
  key: state/import-eval-pending
  bool_value: false
  key: state/import-eval
  bool_value: false
  key: state/peer-group
  str_value: Equinix
  key: state/neighbor-address
  str_value: 27.111.229.95
  key: state/enabled
  bool_value: true
  key: timers/state/connect-retry
  str_value: 0.00
  key: timers/state/hold-time
  str_value: 90.00
  key: timers/state/keepalive-interval
  str_value: 30.00
  key: timers/state/minimum-advertisement-interval
  str_value: 0.00
  key: timers/state/negotiated-hold-time
  str_value: 0.00
  key: transport/state/tcp-mss
  uint_value: 0
  key: transport/state/mtu-discovery
  bool_value: false
  key: transport/state/passive-mode
  bool_value: false
  key: transport/state/local-address
  str_value: 27.111.228.152
  key: transport/state/local-port
  uint_value: 0
  key: transport/state/remote-address
  str_value: 27.111.229.95
  key: transport/state/remote-port
  uint_value: 0
  key: error-handling/state/treat-as-withdraw
  bool_value: true
  key: error-handling/state/erroneous-update-messages
  uint_value: 0
  key: logging-options/state/log-neighbor-state-changes
  bool_value: false
  key: ebgp-multihop/state/enabled
  bool_value: false
  key: ebgp-multihop/state/multihop-ttl
  uint_value: 0
  key: route-reflector/state/route-reflector-cluster-id
  str_value: zero-len
  key: route-reflector/state/route-reflector-client
  bool_value: false
  key: as-path-options/state/allow-own-as
  uint_value: 0
  key: as-path-options/state/replace-peer-as
  bool_value: false
  key: as-path-options/state/disable-peer-as-filter
  bool_value: false
  key: use-multiple-paths/state/enabled
  bool_value: false
  key: use-multiple-paths/ebgp/state/allow-multiple-as
  bool_value: false
  key: graceful-restart/state/enabled
  bool_value: false
  key: graceful-restart/state/restart-time
  uint_value: 120
  key: graceful-restart/state/stale-routes-time
  str_value: 300.00
  key: graceful-restart/state/helper-only
  bool_value: true
  key: graceful-restart/state/peer-restarting
  bool_value: false
  key: graceful-restart/state/local-restarting
  bool_value: false
  key: graceful-restart/state/mode
  str_value: HELPER_ONLY
system_id: SGP001IGR04
component_id: 65535
sub_component_id: 0
path: sensor_1004:/network-instances/network-instance/protocols/protocol/bgp/neighbors/neighbor/:/network-instances/network-instance/protocols/protocol/bgp/neighbors/neighbor/:rpd
sequence_number: 8
timestamp: 1695289070640
sync_response: false
  key: __timestamp__
  uint_value: 1695289070641
  key: __junos_re_stream_creation_timestamp__
  uint_value: 1695289069611
  key: __junos_re_payload_get_timestamp__
  uint_value: 1695289070613
  key: apply-policy/state/import-policy
  leaf_list_value: element:<leaflist_str_value:"RX-FROM-EQUINIX" > 
  key: __prefix__
  str_value: /network-instances/network-instance[name='master']/protocols/protocol/bgp/neighbors/neighbor[neighbor-address='27.111.229.95']/
  key: apply-policy/state/export-policy
  leaf_list_value: element:<leaflist_str_value:"ADV-TO-EQUINIX" > 
  key: __prefix__
  str_value: /network-instances/network-instance[name='master']/protocols/protocol/bgp/neighbors/neighbor[neighbor-address='27.111.229.97']/
  key: snmp-peer-index
  uint_value: 251
  key: state/peer-as
  uint_value: 53813
  key: state/local-as
  uint_value: 45903
  key: state/peer-type
  str_value: EXTERNAL
  key: state/auth-password
  str_value: (null)
  key: state/route-flap-damping
  bool_value: false
  key: state/description
  str_value: Zscaler_via_EQUINIX_02
  key: state/session-state
  str_value: IDLE
  key: state/last-established
  uint_value: 1694967381
  key: state/established-transitions
  uint_value: 0
  key: state/messages/sent/UPDATE
  uint_value: 0
  key: state/messages/sent/NOTIFICATION
  uint_value: 0
  key: state/messages/sent/last-notification-time
  uint_value: 0
  key: state/messages/sent/last-notification-error-subcode
  str_value: UNSPECIFIC
  key: state/messages/received/UPDATE
  uint_value: 0
  key: state/messages/received/NOTIFICATION
  uint_value: 0
  key: state/messages/received/last-notification-time
  uint_value: 0
  key: state/messages/received/last-notification-error-code
  str_value: NONE
  key: state/messages/received/last-notification-error-subcode
  str_value: UNSPECIFIC
  key: state/queues/input
  uint_value: 0
  key: state/queues/output
  uint_value: 0
  key: state/dynamically-configured
  bool_value: false
  key: state/session-status
  str_value: HALTED
  key: state/session-admin-status
  str_value: STOP
  key: state/interface-error
  bool_value: true
  key: state/import-eval-pending
  bool_value: false
  key: state/import-eval
  bool_value: false
  key: state/peer-group
  str_value: Equinix
  key: state/neighbor-address
  str_value: 27.111.229.97
  key: state/enabled
  bool_value: true
  key: timers/state/connect-retry
  str_value: 0.00
  key: timers/state/hold-time
  str_value: 90.00
  key: timers/state/keepalive-interval
  str_value: 30.00
  key: timers/state/minimum-advertisement-interval
  str_value: 0.00
  key: timers/state/negotiated-hold-time
  str_value: 0.00
  key: transport/state/tcp-mss
  uint_value: 0
  key: transport/state/mtu-discovery
  bool_value: false
  key: transport/state/passive-mode
  bool_value: false
  key: transport/state/local-address
  str_value: 27.111.228.152
  key: transport/state/local-port
  uint_value: 0
  key: transport/state/remote-address
  str_value: 27.111.229.97
  key: transport/state/remote-port
  uint_value: 0
  key: error-handling/state/treat-as-withdraw
  bool_value: true
  key: error-handling/state/erroneous-update-messages
  uint_value: 0
  key: logging-options/state/log-neighbor-state-changes
  bool_value: false
  key: ebgp-multihop/state/enabled
  bool_value: false
  key: ebgp-multihop/state/multihop-ttl
  uint_value: 0
  key: route-reflector/state/route-reflector-cluster-id
  str_value: zero-len
  key: route-reflector/state/route-reflector-client
  bool_value: false
  key: as-path-options/state/allow-own-as
  uint_value: 0
  key: as-path-options/state/replace-peer-as
  bool_value: false
  key: as-path-options/state/disable-peer-as-filter
  bool_value: false
  key: use-multiple-paths/state/enabled
  bool_value: false
  key: use-multiple-paths/ebgp/state/allow-multiple-as
  bool_value: false
  key: __prefix__
  str_value: /network-instances/network-instance[name='master']/protocols/protocol/bgp/neighbors/neighbor[neighbor-address='27.111.229.97']/afi-safis/afi-safi[afi-safi-name='IPV4_UNICAST']/
  key: graceful-restart/state/enabled
  bool_value: true
  key: graceful-restart/state/received
  bool_value: false
  key: graceful-restart/state/advertised
  bool_value: false
  key: state/afi-safi-name
  str_value: IPV4_UNICAST
  key: state/enabled
  bool_value: true
  key: state/active
  bool_value: false
  key: state/prefixes/received
  uint_value: 0
  key: state/prefixes/sent
  uint_value: 0
  key: state/prefixes/installed
  uint_value: 0
  key: state/prefixes/accepted
  uint_value: 0
  key: state/prefix-limit-exceeded
  bool_value: false
  key: state/queues/input
  uint_value: 0
  key: state/queues/output
  uint_value: 0
  key: add-paths/state/receive
  bool_value: false
  key: add-paths/state/send
  bool_value: false
  key: add-paths/state/eligible-prefix-policy
  str_value: 
  key: ipv4-unicast/prefix-limit/state/max-prefixes
  uint_value: 0
  key: ipv4-unicast/prefix-limit/state/prevent-teardown
  bool_value: true
  key: ipv4-unicast/prefix-limit/state/shutdown-threshold-pct
  uint_value: 0
  key: ipv4-unicast/prefix-limit/state/restart-timer
  str_value: 0.00
  key: __prefix__
  str_value: /network-instances/network-instance[name='master']/protocols/protocol/bgp/neighbors/neighbor[neighbor-address='27.111.229.97']/
  key: graceful-restart/state/enabled
  bool_value: false
  key: graceful-restart/state/restart-time
  uint_value: 120
  key: graceful-restart/state/stale-routes-time
  str_value: 300.00
  key: graceful-restart/state/helper-only
  bool_value: true
  key: graceful-restart/state/peer-restarting
  bool_value: false
  key: graceful-restart/state/local-restarting
  bool_value: false
  key: graceful-restart/state/mode
  str_value: HELPER_ONLY
  key: apply-policy/state/import-policy
  leaf_list_value: element:<leaflist_str_value:"RX-FROM-EQUINIX" > 
  key: apply-policy/state/export-policy
  leaf_list_value: element:<leaflist_str_value:"ADV-TO-EQUINIX" > 
  key: __prefix__
  str_value: /network-instances/network-instance[name='master']/protocols/protocol/bgp/neighbors/neighbor[neighbor-address='27.111.229.109']/
  key: snmp-peer-index
  uint_value: 210
  key: state/peer-as
  uint_value: 58952
  key: state/local-as
  uint_value: 45903
  key: state/peer-type
  str_value: EXTERNAL
  key: state/auth-password
  str_value: (null)
  key: state/route-flap-damping
  bool_value: false
  key: state/description
  str_value: Peering-FRONTIIR-via-Equinix
  key: state/session-state
  str_value: IDLE
  key: state/last-established
  uint_value: 1694967381
  key: state/established-transitions
  uint_value: 0
  key: state/messages/sent/UPDATE
  uint_value: 0
  key: state/messages/sent/NOTIFICATION
  uint_value: 0
  key: state/messages/sent/last-notification-time
  uint_value: 0
  key: state/messages/sent/last-notification-error-subcode
  str_value: UNSPECIFIC
  key: state/messages/received/UPDATE
  uint_value: 0
  key: state/messages/received/NOTIFICATION
  uint_value: 0
  key: state/messages/received/last-notification-time
  uint_value: 0
  key: state/messages/received/last-notification-error-code
  str_value: NONE
  key: state/messages/received/last-notification-error-subcode
  str_value: UNSPECIFIC
  key: state/queues/input
  uint_value: 0
  key: state/queues/output
  uint_value: 0
  key: state/dynamically-configured
  bool_value: false
  key: state/session-status
  str_value: HALTED
  key: state/session-admin-status
  str_value: STOP
  key: state/interface-error
  bool_value: true
  key: state/import-eval-pending
  bool_value: false
  key: state/import-eval
  bool_value: false
  key: state/peer-group
  str_value: Equinix
  key: state/neighbor-address
  str_value: 27.111.229.109
  key: state/enabled
  bool_value: true
  key: timers/state/connect-retry
  str_value: 0.00
  key: timers/state/hold-time
  str_value: 90.00
  key: timers/state/keepalive-interval
  str_value: 30.00
  key: timers/state/minimum-advertisement-interval
  str_value: 0.00
  key: timers/state/negotiated-hold-time
  str_value: 0.00
  key: transport/state/tcp-mss
  uint_value: 0
  key: transport/state/mtu-discovery
  bool_value: false
  key: transport/state/passive-mode
  bool_value: false
  key: transport/state/local-address
  str_value: 27.111.228.152
  key: transport/state/local-port
  uint_value: 0
  key: transport/state/remote-address
  str_value: 27.111.229.109
  key: transport/state/remote-port
  uint_value: 0
  key: error-handling/state/treat-as-withdraw
  bool_value: true
  key: error-handling/state/erroneous-update-messages
  uint_value: 0
  key: logging-options/state/log-neighbor-state-changes
  bool_value: false
  key: ebgp-multihop/state/enabled
  bool_value: false
  key: ebgp-multihop/state/multihop-ttl
  uint_value: 0
  key: route-reflector/state/route-reflector-cluster-id
  str_value: zero-len
  key: route-reflector/state/route-reflector-client
  bool_value: false
  key: as-path-options/state/allow-own-as
  uint_value: 0
  key: as-path-options/state/replace-peer-as
  bool_value: false
  key: as-path-options/state/disable-peer-as-filter
  bool_value: false
  key: use-multiple-paths/state/enabled
  bool_value: false
  key: use-multiple-paths/ebgp/state/allow-multiple-as
  bool_value: false
  key: graceful-restart/state/enabled
  bool_value: false
  key: graceful-restart/state/restart-time
  uint_value: 120
  key: graceful-restart/state/stale-routes-time
  str_value: 300.00
  key: graceful-restart/state/helper-only
  bool_value: true
  key: graceful-restart/state/peer-restarting
  bool_value: false
  key: graceful-restart/state/local-restarting
  bool_value: false
  key: graceful-restart/state/mode
  str_value: HELPER_ONLY
  key: apply-policy/state/import-policy
  leaf_list_value: element:<leaflist_str_value:"RX-FROM-FRONTIIR" > 
  key: apply-policy/state/export-policy
  leaf_list_value: element:<leaflist_str_value:"ADV-TO-EQUINIX" > 
  key: __prefix__
  str_value: /network-instances/network-instance[name='master']/protocols/protocol/bgp/neighbors/neighbor[neighbor-address='27.111.229.112']/
  key: snmp-peer-index
  uint_value: 237
  key: state/peer-as
  uint_value: 3303
  key: state/local-as
  uint_value: 45903
  key: state/peer-type
  str_value: EXTERNAL
  key: state/auth-password
  str_value: (null)
  key: state/route-flap-damping
  bool_value: false
  key: state/description
  str_value: Peering Swisscom (Switzerland) 
  key: state/session-state
  str_value: IDLE
  key: state/last-established
  uint_value: 1694967381
  key: state/established-transitions
  uint_value: 0
  key: state/messages/sent/UPDATE
  uint_value: 0
  key: state/messages/sent/NOTIFICATION
  uint_value: 0
  key: state/messages/sent/last-notification-time
  uint_value: 0
  key: state/messages/sent/last-notification-error-subcode
  str_value: UNSPECIFIC
  key: state/messages/received/UPDATE
  uint_value: 0
  key: state/messages/received/NOTIFICATION
  uint_value: 0
  key: state/messages/received/last-notification-time
  uint_value: 0
  key: state/messages/received/last-notification-error-code
  str_value: NONE
  key: state/messages/received/last-notification-error-subcode
  str_value: UNSPECIFIC
  key: state/queues/input
  uint_value: 0
  key: state/queues/output
  uint_value: 0
  key: state/dynamically-configured
  bool_value: false
  key: state/session-status
  str_value: HALTED
  key: state/session-admin-status
  str_value: STOP
  key: state/interface-error
  bool_value: true
  key: state/import-eval-pending
  bool_value: false
  key: state/import-eval
  bool_value: false
  key: state/peer-group
  str_value: Equinix
  key: state/neighbor-address
  str_value: 27.111.229.112
  key: state/enabled
  bool_value: true
  key: timers/state/connect-retry
  str_value: 0.00
  key: timers/state/hold-time
  str_value: 90.00
  key: timers/state/keepalive-interval
  str_value: 30.00
  key: timers/state/minimum-advertisement-interval
  str_value: 0.00
  key: timers/state/negotiated-hold-time
  str_value: 0.00
  key: transport/state/tcp-mss
  uint_value: 0
  key: transport/state/mtu-discovery
  bool_value: false
  key: transport/state/passive-mode
  bool_value: false
  key: transport/state/local-address
  str_value: 27.111.228.152
  key: transport/state/local-port
  uint_value: 0
  key: transport/state/remote-address
  str_value: 27.111.229.112
  key: transport/state/remote-port
  uint_value: 0
  key: error-handling/state/treat-as-withdraw
  bool_value: true
  key: error-handling/state/erroneous-update-messages
  uint_value: 0
  key: logging-options/state/log-neighbor-state-changes
  bool_value: false
  key: ebgp-multihop/state/enabled
  bool_value: false
  key: ebgp-multihop/state/multihop-ttl
  uint_value: 0
  key: route-reflector/state/route-reflector-cluster-id
  str_value: zero-len
  key: route-reflector/state/route-reflector-client
  bool_value: false
  key: as-path-options/state/allow-own-as
  uint_value: 0
  key: as-path-options/state/replace-peer-as
  bool_value: false
  key: as-path-options/state/disable-peer-as-filter
  bool_value: false
  key: use-multiple-paths/state/enabled
  bool_value: false
  key: use-multiple-paths/ebgp/state/allow-multiple-as
  bool_value: false
  key: graceful-restart/state/enabled
  bool_value: false
  key: graceful-restart/state/restart-time
  uint_value: 120
  key: graceful-restart/state/stale-routes-time
  str_value: 300.00
  key: graceful-restart/state/helper-only
  bool_value: true
  key: graceful-restart/state/peer-restarting
  bool_value: false
  key: graceful-restart/state/local-restarting
  bool_value: false
  key: graceful-restart/state/mode
  str_value: HELPER_ONLY
  key: apply-policy/state/import-policy
  leaf_list_value: element:<leaflist_str_value:"RX-FROM-SWISSCOM" > 
  key: apply-policy/state/export-policy
  leaf_list_value: element:<leaflist_str_value:"ADV-TO-SWISSCOM" > 
  key: __prefix__
  str_value: /network-instances/network-instance[name='master']/protocols/protocol/bgp/neighbors/neighbor[neighbor-address='27.111.229.123']/
  key: snmp-peer-index
  uint_value: 274
  key: state/peer-as
  uint_value: 8220
  key: state/local-as
  uint_value: 45903
  key: state/peer-type
  str_value: EXTERNAL
  key: state/auth-password
  str_value: (null)
  key: state/remove-private-as
  str_value: PRIVATE_AS_REMOVE_ALL
  key: state/route-flap-damping
  bool_value: false
  key: state/description
  str_value: COLT_via_EQUINIX_Sing
  key: state/session-state
  str_value: IDLE
  key: state/last-established
  uint_value: 1694967381
  key: state/established-transitions
  uint_value: 0
  key: state/messages/sent/UPDATE
  uint_value: 0
  key: state/messages/sent/NOTIFICATION
  uint_value: 0
  key: state/messages/sent/last-notification-time
  uint_value: 0
  key: state/messages/sent/last-notification-error-subcode
  str_value: UNSPECIFIC
  key: state/messages/received/UPDATE
  uint_value: 0
  key: state/messages/received/NOTIFICATION
  uint_value: 0
  key: state/messages/received/last-notification-time
  uint_value: 0
  key: state/messages/received/last-notification-error-code
  str_value: NONE
  key: state/messages/received/last-notification-error-subcode
  str_value: UNSPECIFIC
  key: state/queues/input
  uint_value: 0
  key: state/queues/output
  uint_value: 0
  key: state/dynamically-configured
  bool_value: false
  key: state/session-status
  str_value: HALTED
  key: state/session-admin-status
  str_value: STOP
  key: state/interface-error
  bool_value: true
  key: state/import-eval-pending
  bool_value: false
  key: state/import-eval
  bool_value: false
  key: state/peer-group
  str_value: Equinix
  key: state/neighbor-address
  str_value: 27.111.229.123
  key: state/enabled
  bool_value: true
  key: timers/state/connect-retry
  str_value: 0.00
  key: timers/state/hold-time
  str_value: 90.00
  key: timers/state/keepalive-interval
  str_value: 30.00
  key: timers/state/minimum-advertisement-interval
  str_value: 0.00
  key: timers/state/negotiated-hold-time
  str_value: 0.00
  key: transport/state/tcp-mss
  uint_value: 0
  key: transport/state/mtu-discovery
  bool_value: false
  key: transport/state/passive-mode
  bool_value: false
  key: transport/state/local-address
  str_value: 27.111.228.152
  key: transport/state/local-port
  uint_value: 0
  key: transport/state/remote-address
  str_value: 27.111.229.123
  key: transport/state/remote-port
  uint_value: 0
  key: error-handling/state/treat-as-withdraw
  bool_value: true
  key: error-handling/state/erroneous-update-messages
  uint_value: 0
  key: logging-options/state/log-neighbor-state-changes
  bool_value: false
  key: ebgp-multihop/state/enabled
  bool_value: false
  key: ebgp-multihop/state/multihop-ttl
  uint_value: 0
  key: route-reflector/state/route-reflector-cluster-id
  str_value: zero-len
  key: route-reflector/state/route-reflector-client
  bool_value: false
  key: as-path-options/state/allow-own-as
  uint_value: 0
  key: as-path-options/state/replace-peer-as
  bool_value: false
  key: as-path-options/state/disable-peer-as-filter
  bool_value: false
  key: use-multiple-paths/state/enabled
  bool_value: false
  key: use-multiple-paths/ebgp/state/allow-multiple-as
  bool_value: false
  key: graceful-restart/state/enabled
  bool_value: false
  key: graceful-restart/state/restart-time
  uint_value: 120
  key: graceful-restart/state/stale-routes-time
  str_value: 300.00
  key: graceful-restart/state/helper-only
  bool_value: true
  key: graceful-restart/state/peer-restarting
  bool_value: false
  key: graceful-restart/state/local-restarting
  bool_value: false
  key: graceful-restart/state/mode
  str_value: HELPER_ONLY
  key: apply-policy/state/import-policy
  leaf_list_value: element:<leaflist_str_value:"RX-FROM-EQUINIX" > 
  key: apply-policy/state/export-policy
  leaf_list_value: element:<leaflist_str_value:"ADV-TO-EQUINIX" > 
  key: __prefix__
  str_value: /network-instances/network-instance[name='master']/protocols/protocol/bgp/neighbors/neighbor[neighbor-address='27.111.229.140']/
  key: snmp-peer-index
  uint_value: 258
  key: state/peer-as
  uint_value: 24429
  key: state/local-as
  uint_value: 45903
  key: state/peer-type
  str_value: EXTERNAL
  key: state/auth-password
  str_value: (null)
  key: state/route-flap-damping
  bool_value: false
  key: state/description
  str_value: Peering Taobao01 via Equinix
  key: state/session-state
  str_value: IDLE
  key: state/last-established
  uint_value: 1694967381
  key: state/established-transitions
  uint_value: 0
  key: state/messages/sent/UPDATE
  uint_value: 0
  key: state/messages/sent/NOTIFICATION
  uint_value: 0
  key: state/messages/sent/last-notification-time
  uint_value: 0
  key: state/messages/sent/last-notification-error-subcode
  str_value: UNSPECIFIC
  key: state/messages/received/UPDATE
  uint_value: 0
  key: state/messages/received/NOTIFICATION
  uint_value: 0
  key: state/messages/received/last-notification-time
  uint_value: 0
  key: state/messages/received/last-notification-error-code
  str_value: NONE
  key: state/messages/received/last-notification-error-subcode
  str_value: UNSPECIFIC
  key: state/queues/input
  uint_value: 0
  key: state/queues/output
  uint_value: 0
  key: state/dynamically-configured
  bool_value: false
  key: state/session-status
  str_value: HALTED
  key: state/session-admin-status
  str_value: STOP
  key: state/interface-error
  bool_value: true
  key: state/import-eval-pending
  bool_value: false
  key: state/import-eval
  bool_value: false
  key: state/peer-group
  str_value: Equinix
  key: state/neighbor-address
  str_value: 27.111.229.140
  key: state/enabled
  bool_value: true
  key: timers/state/connect-retry
  str_value: 0.00
  key: timers/state/hold-time
  str_value: 90.00
  key: timers/state/keepalive-interval
  str_value: 30.00
  key: timers/state/minimum-advertisement-interval
  str_value: 0.00
  key: timers/state/negotiated-hold-time
  str_value: 0.00
  key: transport/state/tcp-mss
  uint_value: 0
  key: transport/state/mtu-discovery
  bool_value: false
  key: transport/state/passive-mode
  bool_value: false
  key: transport/state/local-address
  str_value: 27.111.228.152
  key: transport/state/local-port
  uint_value: 0
  key: transport/state/remote-address
  str_value: 27.111.229.140
  key: transport/state/remote-port
  uint_value: 0
  key: error-handling/state/treat-as-withdraw
  bool_value: true
  key: error-handling/state/erroneous-update-messages
  uint_value: 0
  key: logging-options/state/log-neighbor-state-changes
  bool_value: false
  key: ebgp-multihop/state/enabled
  bool_value: false
  key: ebgp-multihop/state/multihop-ttl
  uint_value: 0
  key: route-reflector/state/route-reflector-cluster-id
  str_value: zero-len
  key: route-reflector/state/route-reflector-client
  bool_value: false
  key: as-path-options/state/allow-own-as
  uint_value: 0
  key: as-path-options/state/replace-peer-as
  bool_value: false
  key: as-path-options/state/disable-peer-as-filter
  bool_value: false
  key: use-multiple-paths/state/enabled
  bool_value: false
  key: use-multiple-paths/ebgp/state/allow-multiple-as
  bool_value: false
  key: __prefix__
  str_value: /network-instances/network-instance[name='master']/protocols/protocol/bgp/neighbors/neighbor[neighbor-address='27.111.229.140']/afi-safis/afi-safi[afi-safi-name='IPV4_UNICAST']/
  key: graceful-restart/state/enabled
  bool_value: true
  key: graceful-restart/state/received
  bool_value: false
  key: graceful-restart/state/advertised
  bool_value: false
  key: state/afi-safi-name
  str_value: IPV4_UNICAST
  key: state/enabled
  bool_value: true
  key: state/active
  bool_value: false
  key: state/prefixes/received
  uint_value: 0
  key: state/prefixes/sent
  uint_value: 0
  key: state/prefixes/installed
  uint_value: 0
  key: state/prefixes/accepted
  uint_value: 0
  key: state/prefix-limit-exceeded
  bool_value: false
  key: state/queues/input
  uint_value: 0
  key: state/queues/output
  uint_value: 0
  key: add-paths/state/receive
  bool_value: false
  key: add-paths/state/send
  bool_value: false
  key: add-paths/state/eligible-prefix-policy
  str_value: 
  key: ipv4-unicast/prefix-limit/state/max-prefixes
  uint_value: 0
  key: ipv4-unicast/prefix-limit/state/prevent-teardown
  bool_value: true
  key: ipv4-unicast/prefix-limit/state/shutdown-threshold-pct
  uint_value: 0
  key: ipv4-unicast/prefix-limit/state/restart-timer
  str_value: 0.00
  key: __prefix__
  str_value: /network-instances/network-instance[name='master']/protocols/protocol/bgp/neighbors/neighbor[neighbor-address='27.111.229.140']/
  key: graceful-restart/state/enabled
  bool_value: false
  key: graceful-restart/state/restart-time
  uint_value: 120
  key: graceful-restart/state/stale-routes-time
  str_value: 300.00
  key: graceful-restart/state/helper-only
  bool_value: true
  key: graceful-restart/state/peer-restarting
  bool_value: false
  key: graceful-restart/state/local-restarting
  bool_value: false
  key: graceful-restart/state/mode
  str_value: HELPER_ONLY
  key: apply-policy/state/import-policy
  leaf_list_value: element:<leaflist_str_value:"RX-FROM-ALIBABA-EQUINIX" > 
  key: apply-policy/state/export-policy
  leaf_list_value: element:<leaflist_str_value:"ADV-TO-EQUINIX" > 
  key: __prefix__
  str_value: /network-instances/network-instance[name='master']/protocols/protocol/bgp/neighbors/neighbor[neighbor-address='27.111.229.154']/
  key: snmp-peer-index
  uint_value: 220
  key: state/peer-as
  uint_value: 63631
  key: state/local-as
  uint_value: 45903
  key: state/peer-type
  str_value: EXTERNAL
  key: state/auth-password
  str_value: (null)
  key: state/route-flap-damping
  bool_value: false
  key: state/description
  str_value: Peering CloudBase via Equinix
  key: state/session-state
  str_value: IDLE
  key: state/last-established
  uint_value: 1694967381
  key: state/established-transitions
  uint_value: 0
  key: state/messages/sent/UPDATE
  uint_value: 0
  key: state/messages/sent/NOTIFICATION
  uint_value: 0
  key: state/messages/sent/last-notification-time
  uint_value: 0
  key: state/messages/sent/last-notification-error-subcode
  str_value: UNSPECIFIC
  key: state/messages/received/UPDATE
  uint_value: 0
  key: state/messages/received/NOTIFICATION
  uint_value: 0
  key: state/messages/received/last-notification-time
  uint_value: 0
  key: state/messages/received/last-notification-error-code
  str_value: NONE
  key: state/messages/received/last-notification-error-subcode
  str_value: UNSPECIFIC
  key: state/queues/input
  uint_value: 0
  key: state/queues/output
  uint_value: 0
  key: state/dynamically-configured
  bool_value: false
  key: state/session-status
  str_value: HALTED
  key: state/session-admin-status
  str_value: STOP
  key: state/interface-error
  bool_value: true
  key: state/import-eval-pending
  bool_value: false
  key: state/import-eval
  bool_value: false
  key: state/peer-group
  str_value: Equinix
  key: state/neighbor-address
  str_value: 27.111.229.154
  key: state/enabled
  bool_value: true
  key: timers/state/connect-retry
  str_value: 0.00
  key: timers/state/hold-time
  str_value: 90.00
  key: timers/state/keepalive-interval
  str_value: 30.00
  key: timers/state/minimum-advertisement-interval
  str_value: 0.00
  key: timers/state/negotiated-hold-time
  str_value: 0.00
  key: transport/state/tcp-mss
  uint_value: 0
  key: transport/state/mtu-discovery
  bool_value: false
  key: transport/state/passive-mode
  bool_value: false
  key: transport/state/local-address
  str_value: 27.111.228.152
  key: transport/state/local-port
  uint_value: 0
  key: transport/state/remote-address
  str_value: 27.111.229.154
  key: transport/state/remote-port
  uint_value: 0
  key: error-handling/state/treat-as-withdraw
  bool_value: true
  key: error-handling/state/erroneous-update-messages
  uint_value: 0
  key: logging-options/state/log-neighbor-state-changes
  bool_value: false
  key: ebgp-multihop/state/enabled
  bool_value: false
  key: ebgp-multihop/state/multihop-ttl
  uint_value: 0
  key: route-reflector/state/route-reflector-cluster-id
  str_value: zero-len
  key: route-reflector/state/route-reflector-client
  bool_value: false
  key: as-path-options/state/allow-own-as
  uint_value: 0
  key: as-path-options/state/replace-peer-as
  bool_value: false
  key: as-path-options/state/disable-peer-as-filter
  bool_value: false
  key: use-multiple-paths/state/enabled
  bool_value: false
  key: use-multiple-paths/ebgp/state/allow-multiple-as
  bool_value: false
  key: graceful-restart/state/enabled
  bool_value: false
  key: graceful-restart/state/restart-time
  uint_value: 120
  key: graceful-restart/state/stale-routes-time
  str_value: 300.00
  key: graceful-restart/state/helper-only
  bool_value: true
  key: graceful-restart/state/peer-restarting
  bool_value: false
  key: graceful-restart/state/local-restarting
  bool_value: false
  key: graceful-restart/state/mode
  str_value: HELPER_ONLY
system_id: SGP001IGR04
component_id: 65535
sub_component_id: 0
path: sensor_1004:/network-instances/network-instance/protocols/protocol/bgp/neighbors/neighbor/:/network-instances/network-instance/protocols/protocol/bgp/neighbors/neighbor/:rpd
sequence_number: 9
timestamp: 1695289070765
sync_response: false
  key: __timestamp__
  uint_value: 1695289070766
  key: __junos_re_stream_creation_timestamp__
  uint_value: 1695289069611
  key: __junos_re_payload_get_timestamp__
  uint_value: 1695289070740
  key: apply-policy/state/import-policy
  leaf_list_value: element:<leaflist_str_value:"RX-FROM-EQUINIX" > 
  key: __prefix__
  str_value: /network-instances/network-instance[name='master']/protocols/protocol/bgp/neighbors/neighbor[neighbor-address='27.111.229.154']/
  key: apply-policy/state/export-policy
  leaf_list_value: element:<leaflist_str_value:"ADV-TO-EQUINIX" > 
  key: __prefix__
  str_value: /network-instances/network-instance[name='master']/protocols/protocol/bgp/neighbors/neighbor[neighbor-address='27.111.229.160']/
  key: snmp-peer-index
  uint_value: 263
  key: state/peer-as
  uint_value: 63199
  key: state/local-as
  uint_value: 45903
  key: state/peer-type
  str_value: EXTERNAL
  key: state/auth-password
  str_value: (null)
  key: state/route-flap-damping
  bool_value: false
  key: state/description
  str_value: Capitol Online via Equinix 02
  key: state/session-state
  str_value: IDLE
  key: state/last-established
  uint_value: 1694967381
  key: state/established-transitions
  uint_value: 0
  key: state/messages/sent/UPDATE
  uint_value: 0
  key: state/messages/sent/NOTIFICATION
  uint_value: 0
  key: state/messages/sent/last-notification-time
  uint_value: 0
  key: state/messages/sent/last-notification-error-subcode
  str_value: UNSPECIFIC
  key: state/messages/received/UPDATE
  uint_value: 0
  key: state/messages/received/NOTIFICATION
  uint_value: 0
  key: state/messages/received/last-notification-time
  uint_value: 0
  key: state/messages/received/last-notification-error-code
  str_value: NONE
  key: state/messages/received/last-notification-error-subcode
  str_value: UNSPECIFIC
  key: state/queues/input
  uint_value: 0
  key: state/queues/output
  uint_value: 0
  key: state/dynamically-configured
  bool_value: false
  key: state/session-status
  str_value: HALTED
  key: state/session-admin-status
  str_value: STOP
  key: state/interface-error
  bool_value: true
  key: state/import-eval-pending
  bool_value: false
  key: state/import-eval
  bool_value: false
  key: state/peer-group
  str_value: Equinix
  key: state/neighbor-address
  str_value: 27.111.229.160
  key: state/enabled
  bool_value: true
  key: timers/state/connect-retry
  str_value: 0.00
  key: timers/state/hold-time
  str_value: 90.00
  key: timers/state/keepalive-interval
  str_value: 30.00
  key: timers/state/minimum-advertisement-interval
  str_value: 0.00
  key: timers/state/negotiated-hold-time
  str_value: 0.00
  key: transport/state/tcp-mss
  uint_value: 0
  key: transport/state/mtu-discovery
  bool_value: false
  key: transport/state/passive-mode
  bool_value: false
  key: transport/state/local-address
  str_value: 27.111.228.152
  key: transport/state/local-port
  uint_value: 0
  key: transport/state/remote-address
  str_value: 27.111.229.160
  key: transport/state/remote-port
  uint_value: 0
  key: error-handling/state/treat-as-withdraw
  bool_value: true
  key: error-handling/state/erroneous-update-messages
  uint_value: 0
  key: logging-options/state/log-neighbor-state-changes
  bool_value: false
  key: ebgp-multihop/state/enabled
  bool_value: false
  key: ebgp-multihop/state/multihop-ttl
  uint_value: 0
  key: route-reflector/state/route-reflector-cluster-id
  str_value: zero-len
  key: route-reflector/state/route-reflector-client
  bool_value: false
  key: as-path-options/state/allow-own-as
  uint_value: 0
  key: as-path-options/state/replace-peer-as
  bool_value: false
  key: as-path-options/state/disable-peer-as-filter
  bool_value: false
  key: use-multiple-paths/state/enabled
  bool_value: false
  key: use-multiple-paths/ebgp/state/allow-multiple-as
  bool_value: false
  key: graceful-restart/state/enabled
  bool_value: false
  key: graceful-restart/state/restart-time
  uint_value: 120
  key: graceful-restart/state/stale-routes-time
  str_value: 300.00
  key: graceful-restart/state/helper-only
  bool_value: true
  key: graceful-restart/state/peer-restarting
  bool_value: false
  key: graceful-restart/state/local-restarting
  bool_value: false
  key: graceful-restart/state/mode
  str_value: HELPER_ONLY
  key: apply-policy/state/import-policy
  leaf_list_value: element:<leaflist_str_value:"RX-FROM-EQUINIX" > 
  key: apply-policy/state/export-policy
  leaf_list_value: element:<leaflist_str_value:"ADV-TO-EQUINIX" > 
  key: __prefix__
  str_value: /network-instances/network-instance[name='master']/protocols/protocol/bgp/neighbors/neighbor[neighbor-address='27.111.229.163']/
  key: snmp-peer-index
  uint_value: 223
  key: state/peer-as
  uint_value: 64050
  key: state/local-as
  uint_value: 45903
  key: state/peer-type
  str_value: EXTERNAL
  key: state/auth-password
  str_value: (null)
  key: state/route-flap-damping
  bool_value: false
  key: state/description
  str_value: Peering BGPNET via Equinix
  key: state/session-state
  str_value: IDLE
  key: state/last-established
  uint_value: 1694967381
  key: state/established-transitions
  uint_value: 0
  key: state/messages/sent/UPDATE
  uint_value: 0
  key: state/messages/sent/NOTIFICATION
  uint_value: 0
  key: state/messages/sent/last-notification-time
  uint_value: 0
  key: state/messages/sent/last-notification-error-subcode
  str_value: UNSPECIFIC
  key: state/messages/received/UPDATE
  uint_value: 0
  key: state/messages/received/NOTIFICATION
  uint_value: 0
  key: state/messages/received/last-notification-time
  uint_value: 0
  key: state/messages/received/last-notification-error-code
  str_value: NONE
  key: state/messages/received/last-notification-error-subcode
  str_value: UNSPECIFIC
  key: state/queues/input
  uint_value: 0
  key: state/queues/output
  uint_value: 0
  key: state/dynamically-configured
  bool_value: false
  key: state/session-status
  str_value: HALTED
  key: state/session-admin-status
  str_value: STOP
  key: state/interface-error
  bool_value: true
  key: state/import-eval-pending
  bool_value: false
  key: state/import-eval
  bool_value: false
  key: state/peer-group
  str_value: Equinix
  key: state/neighbor-address
  str_value: 27.111.229.163
  key: state/enabled
  bool_value: true
  key: timers/state/connect-retry
  str_value: 0.00
  key: timers/state/hold-time
  str_value: 90.00
  key: timers/state/keepalive-interval
  str_value: 30.00
  key: timers/state/minimum-advertisement-interval
  str_value: 0.00
  key: timers/state/negotiated-hold-time
  str_value: 0.00
  key: transport/state/tcp-mss
  uint_value: 0
  key: transport/state/mtu-discovery
  bool_value: false
  key: transport/state/passive-mode
  bool_value: false
  key: transport/state/local-address
  str_value: 27.111.228.152
  key: transport/state/local-port
  uint_value: 0
  key: transport/state/remote-address
  str_value: 27.111.229.163
  key: transport/state/remote-port
  uint_value: 0
  key: error-handling/state/treat-as-withdraw
  bool_value: true
  key: error-handling/state/erroneous-update-messages
  uint_value: 0
  key: logging-options/state/log-neighbor-state-changes
  bool_value: false
  key: ebgp-multihop/state/enabled
  bool_value: false
  key: ebgp-multihop/state/multihop-ttl
  uint_value: 0
  key: route-reflector/state/route-reflector-cluster-id
  str_value: zero-len
  key: route-reflector/state/route-reflector-client
  bool_value: false
  key: as-path-options/state/allow-own-as
  uint_value: 0
  key: as-path-options/state/replace-peer-as
  bool_value: false
  key: as-path-options/state/disable-peer-as-filter
  bool_value: false
  key: use-multiple-paths/state/enabled
  bool_value: false
  key: use-multiple-paths/ebgp/state/allow-multiple-as
  bool_value: false
  key: graceful-restart/state/enabled
  bool_value: false
  key: graceful-restart/state/restart-time
  uint_value: 120
  key: graceful-restart/state/stale-routes-time
  str_value: 300.00
  key: graceful-restart/state/helper-only
  bool_value: true
  key: graceful-restart/state/peer-restarting
  bool_value: false
  key: graceful-restart/state/local-restarting
  bool_value: false
  key: graceful-restart/state/mode
  str_value: HELPER_ONLY
  key: apply-policy/state/import-policy
  leaf_list_value: element:<leaflist_str_value:"RX-FROM-BGPNET" > 
  key: apply-policy/state/export-policy
  leaf_list_value: element:<leaflist_str_value:"ADV-TO-BGPNET" > 
  key: __prefix__
  str_value: /network-instances/network-instance[name='master']/protocols/protocol/bgp/neighbors/neighbor[neighbor-address='27.111.229.166']/
  key: snmp-peer-index
  uint_value: 231
  key: state/peer-as
  uint_value: 136907
  key: state/local-as
  uint_value: 45903
  key: state/peer-type
  str_value: EXTERNAL
  key: state/auth-password
  str_value: (null)
  key: state/route-flap-damping
  bool_value: false
  key: state/description
  str_value: Peering Huawei via Equinix
  key: state/session-state
  str_value: IDLE
  key: state/last-established
  uint_value: 1694967381
  key: state/established-transitions
  uint_value: 0
  key: state/messages/sent/UPDATE
  uint_value: 0
  key: state/messages/sent/NOTIFICATION
  uint_value: 0
  key: state/messages/sent/last-notification-time
  uint_value: 0
  key: state/messages/sent/last-notification-error-subcode
  str_value: UNSPECIFIC
  key: state/messages/received/UPDATE
  uint_value: 0
  key: state/messages/received/NOTIFICATION
  uint_value: 0
  key: state/messages/received/last-notification-time
  uint_value: 0
  key: state/messages/received/last-notification-error-code
  str_value: NONE
  key: state/messages/received/last-notification-error-subcode
  str_value: UNSPECIFIC
  key: state/queues/input
  uint_value: 0
  key: state/queues/output
  uint_value: 0
  key: state/dynamically-configured
  bool_value: false
  key: state/session-status
  str_value: HALTED
  key: state/session-admin-status
  str_value: STOP
  key: state/interface-error
  bool_value: true
  key: state/import-eval-pending
  bool_value: false
  key: state/import-eval
  bool_value: false
  key: state/peer-group
  str_value: Equinix
  key: state/neighbor-address
  str_value: 27.111.229.166
  key: state/enabled
  bool_value: true
  key: timers/state/connect-retry
  str_value: 0.00
  key: timers/state/hold-time
  str_value: 90.00
  key: timers/state/keepalive-interval
  str_value: 30.00
  key: timers/state/minimum-advertisement-interval
  str_value: 0.00
  key: timers/state/negotiated-hold-time
  str_value: 0.00
  key: transport/state/tcp-mss
  uint_value: 0
  key: transport/state/mtu-discovery
  bool_value: false
  key: transport/state/passive-mode
  bool_value: false
  key: transport/state/local-address
  str_value: 27.111.228.152
  key: transport/state/local-port
  uint_value: 0
  key: transport/state/remote-address
  str_value: 27.111.229.166
  key: transport/state/remote-port
  uint_value: 0
  key: error-handling/state/treat-as-withdraw
  bool_value: true
  key: error-handling/state/erroneous-update-messages
  uint_value: 0
  key: logging-options/state/log-neighbor-state-changes
  bool_value: false
  key: ebgp-multihop/state/enabled
  bool_value: false
  key: ebgp-multihop/state/multihop-ttl
  uint_value: 0
  key: route-reflector/state/route-reflector-cluster-id
  str_value: zero-len
  key: route-reflector/state/route-reflector-client
  bool_value: false
  key: as-path-options/state/allow-own-as
  uint_value: 0
  key: as-path-options/state/replace-peer-as
  bool_value: false
  key: as-path-options/state/disable-peer-as-filter
  bool_value: false
  key: use-multiple-paths/state/enabled
  bool_value: false
  key: use-multiple-paths/ebgp/state/allow-multiple-as
  bool_value: false
  key: graceful-restart/state/enabled
  bool_value: false
  key: graceful-restart/state/restart-time
  uint_value: 120
  key: graceful-restart/state/stale-routes-time
  str_value: 300.00
  key: graceful-restart/state/helper-only
  bool_value: true
  key: graceful-restart/state/peer-restarting
  bool_value: false
  key: graceful-restart/state/local-restarting
  bool_value: false
  key: graceful-restart/state/mode
  str_value: HELPER_ONLY
  key: apply-policy/state/import-policy
  leaf_list_value: element:<leaflist_str_value:"RX-FROM-Huawei" > 
  key: apply-policy/state/export-policy
  leaf_list_value: element:<leaflist_str_value:"ADV-TO-Huawei_EQUINIX" > 
  key: __prefix__
  str_value: /network-instances/network-instance[name='master']/protocols/protocol/bgp/neighbors/neighbor[neighbor-address='27.111.229.167']/
  key: snmp-peer-index
  uint_value: 232
  key: state/peer-as
  uint_value: 136907
  key: state/local-as
  uint_value: 45903
  key: state/peer-type
  str_value: EXTERNAL
  key: state/auth-password
  str_value: (null)
  key: state/route-flap-damping
  bool_value: false
  key: state/description
  str_value: Peering Huawei via Equinix
  key: state/session-state
  str_value: IDLE
  key: state/last-established
  uint_value: 1694967381
  key: state/established-transitions
  uint_value: 0
  key: state/messages/sent/UPDATE
  uint_value: 0
  key: state/messages/sent/NOTIFICATION
  uint_value: 0
  key: state/messages/sent/last-notification-time
  uint_value: 0
  key: state/messages/sent/last-notification-error-subcode
  str_value: UNSPECIFIC
  key: state/messages/received/UPDATE
  uint_value: 0
  key: state/messages/received/NOTIFICATION
  uint_value: 0
  key: state/messages/received/last-notification-time
  uint_value: 0
  key: state/messages/received/last-notification-error-code
  str_value: NONE
  key: state/messages/received/last-notification-error-subcode
  str_value: UNSPECIFIC
  key: state/queues/input
  uint_value: 0
  key: state/queues/output
  uint_value: 0
  key: state/dynamically-configured
  bool_value: false
  key: state/session-status
  str_value: HALTED
  key: state/session-admin-status
  str_value: STOP
  key: state/interface-error
  bool_value: true
  key: state/import-eval-pending
  bool_value: false
  key: state/import-eval
  bool_value: false
  key: state/peer-group
  str_value: Equinix
  key: state/neighbor-address
  str_value: 27.111.229.167
  key: state/enabled
  bool_value: true
  key: timers/state/connect-retry
  str_value: 0.00
  key: timers/state/hold-time
  str_value: 90.00
  key: timers/state/keepalive-interval
  str_value: 30.00
  key: timers/state/minimum-advertisement-interval
  str_value: 0.00
  key: timers/state/negotiated-hold-time
  str_value: 0.00
  key: transport/state/tcp-mss
  uint_value: 0
  key: transport/state/mtu-discovery
  bool_value: false
  key: transport/state/passive-mode
  bool_value: false
  key: transport/state/local-address
  str_value: 27.111.228.152
  key: transport/state/local-port
  uint_value: 0
  key: transport/state/remote-address
  str_value: 27.111.229.167
  key: transport/state/remote-port
  uint_value: 0
  key: error-handling/state/treat-as-withdraw
  bool_value: true
  key: error-handling/state/erroneous-update-messages
  uint_value: 0
  key: logging-options/state/log-neighbor-state-changes
  bool_value: false
  key: ebgp-multihop/state/enabled
  bool_value: false
  key: ebgp-multihop/state/multihop-ttl
  uint_value: 0
  key: route-reflector/state/route-reflector-cluster-id
  str_value: zero-len
  key: route-reflector/state/route-reflector-client
  bool_value: false
  key: as-path-options/state/allow-own-as
  uint_value: 0
  key: as-path-options/state/replace-peer-as
  bool_value: false
  key: as-path-options/state/disable-peer-as-filter
  bool_value: false
  key: use-multiple-paths/state/enabled
  bool_value: false
  key: use-multiple-paths/ebgp/state/allow-multiple-as
  bool_value: false
  key: graceful-restart/state/enabled
  bool_value: false
  key: graceful-restart/state/restart-time
  uint_value: 120
  key: graceful-restart/state/stale-routes-time
  str_value: 300.00
  key: graceful-restart/state/helper-only
  bool_value: true
  key: graceful-restart/state/peer-restarting
  bool_value: false
  key: graceful-restart/state/local-restarting
  bool_value: false
  key: graceful-restart/state/mode
  str_value: HELPER_ONLY
  key: apply-policy/state/import-policy
  leaf_list_value: element:<leaflist_str_value:"RX-FROM-Huawei" > 
  key: apply-policy/state/export-policy
  leaf_list_value: element:<leaflist_str_value:"ADV-TO-Huawei_EQUINIX" > 
  key: __prefix__
  str_value: /network-instances/network-instance[name='master']/protocols/protocol/bgp/neighbors/neighbor[neighbor-address='27.111.229.206']/
  key: snmp-peer-index
  uint_value: 276
  key: state/peer-as
  uint_value: 4788
  key: state/local-as
  uint_value: 45903
  key: state/peer-type
  str_value: EXTERNAL
  key: state/auth-password
  str_value: (null)
  key: state/route-flap-damping
  bool_value: false
  key: state/description
  str_value: Peer-TelekomMalaysia-AS4788
  key: state/session-state
  str_value: IDLE
  key: state/last-established
  uint_value: 1694967381
  key: state/established-transitions
  uint_value: 0
  key: state/messages/sent/UPDATE
  uint_value: 0
  key: state/messages/sent/NOTIFICATION
  uint_value: 0
  key: state/messages/sent/last-notification-time
  uint_value: 0
  key: state/messages/sent/last-notification-error-subcode
  str_value: UNSPECIFIC
  key: state/messages/received/UPDATE
  uint_value: 0
  key: state/messages/received/NOTIFICATION
  uint_value: 0
  key: state/messages/received/last-notification-time
  uint_value: 0
  key: state/messages/received/last-notification-error-code
  str_value: NONE
  key: state/messages/received/last-notification-error-subcode
  str_value: UNSPECIFIC
  key: state/queues/input
  uint_value: 0
  key: state/queues/output
  uint_value: 0
  key: state/dynamically-configured
  bool_value: false
  key: state/session-status
  str_value: HALTED
  key: state/session-admin-status
  str_value: STOP
  key: state/interface-error
  bool_value: true
  key: state/import-eval-pending
  bool_value: false
  key: state/import-eval
  bool_value: false
  key: state/peer-group
  str_value: Equinix
  key: state/neighbor-address
  str_value: 27.111.229.206
  key: state/enabled
  bool_value: true
  key: timers/state/connect-retry
  str_value: 0.00
  key: timers/state/hold-time
  str_value: 90.00
  key: timers/state/keepalive-interval
  str_value: 30.00
  key: timers/state/minimum-advertisement-interval
  str_value: 0.00
  key: timers/state/negotiated-hold-time
  str_value: 0.00
  key: transport/state/tcp-mss
  uint_value: 0
  key: transport/state/mtu-discovery
  bool_value: false
  key: transport/state/passive-mode
  bool_value: false
  key: transport/state/local-address
  str_value: 27.111.228.152
  key: transport/state/local-port
  uint_value: 0
  key: transport/state/remote-address
  str_value: 27.111.229.206
  key: transport/state/remote-port
  uint_value: 0
  key: error-handling/state/treat-as-withdraw
  bool_value: true
  key: error-handling/state/erroneous-update-messages
  uint_value: 0
  key: logging-options/state/log-neighbor-state-changes
  bool_value: false
  key: ebgp-multihop/state/enabled
  bool_value: false
  key: ebgp-multihop/state/multihop-ttl
  uint_value: 0
  key: route-reflector/state/route-reflector-cluster-id
  str_value: zero-len
  key: route-reflector/state/route-reflector-client
  bool_value: false
  key: as-path-options/state/allow-own-as
  uint_value: 0
  key: as-path-options/state/replace-peer-as
  bool_value: false
  key: as-path-options/state/disable-peer-as-filter
  bool_value: false
  key: use-multiple-paths/state/enabled
  bool_value: false
  key: use-multiple-paths/ebgp/state/allow-multiple-as
  bool_value: false
  key: graceful-restart/state/enabled
  bool_value: false
  key: graceful-restart/state/restart-time
  uint_value: 120
  key: graceful-restart/state/stale-routes-time
  str_value: 300.00
  key: graceful-restart/state/helper-only
  bool_value: true
  key: graceful-restart/state/peer-restarting
  bool_value: false
  key: graceful-restart/state/local-restarting
  bool_value: false
  key: graceful-restart/state/mode
  str_value: HELPER_ONLY
  key: apply-policy/state/import-policy
  leaf_list_value: element:<leaflist_str_value:"RX-FROM-TMY_EQUNIX_SGP" > 
  key: apply-policy/state/export-policy
  leaf_list_value: element:<leaflist_str_value:"ADV-TO-TMY_EQUNIX_SGP" > 
  key: __prefix__
  str_value: /network-instances/network-instance[name='master']/protocols/protocol/bgp/neighbors/neighbor[neighbor-address='27.111.229.225']/
  key: snmp-peer-index
  uint_value: 245
  key: state/peer-as
  uint_value: 49544
  key: state/local-as
  uint_value: 45903
  key: state/peer-type
  str_value: EXTERNAL
  key: state/auth-password
  str_value: (null)
  key: state/route-flap-damping
  bool_value: false
  key: state/description
  str_value: Peering-i3D-EQUINIX-SGP
  key: state/session-state
  str_value: IDLE
  key: state/last-established
  uint_value: 1694967381
  key: state/established-transitions
  uint_value: 0
  key: state/messages/sent/UPDATE
  uint_value: 0
  key: state/messages/sent/NOTIFICATION
  uint_value: 0
  key: state/messages/sent/last-notification-time
  uint_value: 0
  key: state/messages/sent/last-notification-error-subcode
  str_value: UNSPECIFIC
  key: state/messages/received/UPDATE
  uint_value: 0
  key: state/messages/received/NOTIFICATION
  uint_value: 0
  key: state/messages/received/last-notification-time
  uint_value: 0
  key: state/messages/received/last-notification-error-code
  str_value: NONE
  key: state/messages/received/last-notification-error-subcode
  str_value: UNSPECIFIC
  key: state/queues/input
  uint_value: 0
  key: state/queues/output
  uint_value: 0
  key: state/dynamically-configured
  bool_value: false
  key: state/session-status
  str_value: HALTED
  key: state/session-admin-status
  str_value: STOP
  key: state/interface-error
  bool_value: true
  key: state/import-eval-pending
  bool_value: false
  key: state/import-eval
  bool_value: false
  key: state/peer-group
  str_value: Equinix
  key: state/neighbor-address
  str_value: 27.111.229.225
  key: state/enabled
  bool_value: true
  key: timers/state/connect-retry
  str_value: 0.00
  key: timers/state/hold-time
  str_value: 90.00
  key: timers/state/keepalive-interval
  str_value: 30.00
  key: timers/state/minimum-advertisement-interval
  str_value: 0.00
  key: timers/state/negotiated-hold-time
  str_value: 0.00
  key: transport/state/tcp-mss
  uint_value: 0
  key: transport/state/mtu-discovery
  bool_value: false
  key: transport/state/passive-mode
  bool_value: false
  key: transport/state/local-address
  str_value: 27.111.228.152
  key: transport/state/local-port
  uint_value: 0
  key: transport/state/remote-address
  str_value: 27.111.229.225
  key: transport/state/remote-port
  uint_value: 0
  key: error-handling/state/treat-as-withdraw
  bool_value: true
  key: error-handling/state/erroneous-update-messages
  uint_value: 0
  key: logging-options/state/log-neighbor-state-changes
  bool_value: false
  key: ebgp-multihop/state/enabled
  bool_value: false
  key: ebgp-multihop/state/multihop-ttl
  uint_value: 0
  key: route-reflector/state/route-reflector-cluster-id
  str_value: zero-len
  key: route-reflector/state/route-reflector-client
  bool_value: false
  key: as-path-options/state/allow-own-as
  uint_value: 0
  key: as-path-options/state/replace-peer-as
  bool_value: false
  key: as-path-options/state/disable-peer-as-filter
  bool_value: false
  key: use-multiple-paths/state/enabled
  bool_value: false
  key: use-multiple-paths/ebgp/state/allow-multiple-as
  bool_value: false
  key: graceful-restart/state/enabled
  bool_value: false
  key: graceful-restart/state/restart-time
  uint_value: 120
  key: graceful-restart/state/stale-routes-time
  str_value: 300.00
  key: graceful-restart/state/helper-only
  bool_value: true
  key: graceful-restart/state/peer-restarting
  bool_value: false
  key: graceful-restart/state/local-restarting
  bool_value: false
  key: graceful-restart/state/mode
  str_value: HELPER_ONLY
  key: apply-policy/state/import-policy
  leaf_list_value: element:<leaflist_str_value:"RX-FROM-EQUINIX" > 
  key: apply-policy/state/export-policy
  leaf_list_value: element:<leaflist_str_value:"ADV-TO-EQUINIX" > 
  key: __prefix__
  str_value: /network-instances/network-instance[name='master']/protocols/protocol/bgp/neighbors/neighbor[neighbor-address='27.111.229.234']/
  key: snmp-peer-index
  uint_value: 247
  key: state/peer-as
  uint_value: 45102
  key: state/local-as
  uint_value: 45903
  key: state/peer-type
  str_value: EXTERNAL
  key: state/auth-password
  str_value: (null)
  key: state/route-flap-damping
  bool_value: false
  key: state/description
  str_value: ALIBABA_02
  key: state/session-state
  str_value: IDLE
  key: state/last-established
  uint_value: 1694967381
  key: state/established-transitions
  uint_value: 0
  key: state/messages/sent/UPDATE
  uint_value: 0
  key: state/messages/sent/NOTIFICATION
  uint_value: 0
  key: state/messages/sent/last-notification-time
  uint_value: 0
  key: state/messages/sent/last-notification-error-subcode
  str_value: UNSPECIFIC
  key: state/messages/received/UPDATE
  uint_value: 0
  key: state/messages/received/NOTIFICATION
  uint_value: 0
  key: state/messages/received/last-notification-time
  uint_value: 0
  key: state/messages/received/last-notification-error-code
  str_value: NONE
  key: state/messages/received/last-notification-error-subcode
  str_value: UNSPECIFIC
  key: state/queues/input
  uint_value: 0
  key: state/queues/output
  uint_value: 0
  key: state/dynamically-configured
  bool_value: false
  key: state/session-status
  str_value: HALTED
  key: state/session-admin-status
  str_value: STOP
  key: state/interface-error
  bool_value: true
  key: state/import-eval-pending
  bool_value: false
  key: state/import-eval
  bool_value: false
  key: state/peer-group
  str_value: Equinix
  key: state/neighbor-address
  str_value: 27.111.229.234
  key: state/enabled
  bool_value: true
  key: timers/state/connect-retry
  str_value: 0.00
  key: timers/state/hold-time
  str_value: 90.00
  key: timers/state/keepalive-interval
  str_value: 30.00
  key: timers/state/minimum-advertisement-interval
  str_value: 0.00
  key: timers/state/negotiated-hold-time
  str_value: 0.00
  key: transport/state/tcp-mss
  uint_value: 0
  key: transport/state/mtu-discovery
  bool_value: false
  key: transport/state/passive-mode
  bool_value: false
  key: transport/state/local-address
  str_value: 27.111.228.152
  key: transport/state/local-port
  uint_value: 0
  key: transport/state/remote-address
  str_value: 27.111.229.234
  key: transport/state/remote-port
  uint_value: 0
  key: error-handling/state/treat-as-withdraw
  bool_value: true
  key: error-handling/state/erroneous-update-messages
  uint_value: 0
  key: logging-options/state/log-neighbor-state-changes
  bool_value: false
  key: ebgp-multihop/state/enabled
  bool_value: false
  key: ebgp-multihop/state/multihop-ttl
  uint_value: 0
  key: route-reflector/state/route-reflector-cluster-id
  str_value: zero-len
  key: route-reflector/state/route-reflector-client
  bool_value: false
  key: as-path-options/state/allow-own-as
  uint_value: 0
  key: as-path-options/state/replace-peer-as
  bool_value: false
  key: as-path-options/state/disable-peer-as-filter
  bool_value: false
  key: use-multiple-paths/state/enabled
  bool_value: false
  key: use-multiple-paths/ebgp/state/allow-multiple-as
  bool_value: false
  key: graceful-restart/state/enabled
  bool_value: false
  key: graceful-restart/state/restart-time
  uint_value: 120
  key: graceful-restart/state/stale-routes-time
  str_value: 300.00
  key: graceful-restart/state/helper-only
  bool_value: true
  key: graceful-restart/state/peer-restarting
  bool_value: false
  key: graceful-restart/state/local-restarting
  bool_value: false
  key: graceful-restart/state/mode
  str_value: HELPER_ONLY
system_id: SGP001IGR04
component_id: 65535
sub_component_id: 0
path: sensor_1004:/network-instances/network-instance/protocols/protocol/bgp/neighbors/neighbor/:/network-instances/network-instance/protocols/protocol/bgp/neighbors/neighbor/:rpd
sequence_number: 10
timestamp: 1695289070892
sync_response: false
  key: __timestamp__
  uint_value: 1695289070893
  key: __junos_re_stream_creation_timestamp__
  uint_value: 1695289069611
  key: __junos_re_payload_get_timestamp__
  uint_value: 1695289070865
  key: apply-policy/state/import-policy
  leaf_list_value: element:<leaflist_str_value:"RX-FROM-EQUINIX" > 
  key: __prefix__
  str_value: /network-instances/network-instance[name='master']/protocols/protocol/bgp/neighbors/neighbor[neighbor-address='27.111.229.234']/
  key: apply-policy/state/export-policy
  leaf_list_value: element:<leaflist_str_value:"ADV-TO-EQUINIX" > 
  key: __prefix__
  str_value: /network-instances/network-instance[name='master']/protocols/protocol/bgp/neighbors/neighbor[neighbor-address='27.111.229.249']/
  key: snmp-peer-index
  uint_value: 248
  key: state/peer-as
  uint_value: 10122
  key: state/local-as
  uint_value: 45903
  key: state/peer-type
  str_value: EXTERNAL
  key: state/auth-password
  str_value: (null)
  key: state/route-flap-damping
  bool_value: false
  key: state/description
  str_value: Bigo_via_EQUINIX
  key: state/session-state
  str_value: IDLE
  key: state/last-established
  uint_value: 1694967381
  key: state/established-transitions
  uint_value: 0
  key: state/messages/sent/UPDATE
  uint_value: 0
  key: state/messages/sent/NOTIFICATION
  uint_value: 0
  key: state/messages/sent/last-notification-time
  uint_value: 0
  key: state/messages/sent/last-notification-error-subcode
  str_value: UNSPECIFIC
  key: state/messages/received/UPDATE
  uint_value: 0
  key: state/messages/received/NOTIFICATION
  uint_value: 0
  key: state/messages/received/last-notification-time
  uint_value: 0
  key: state/messages/received/last-notification-error-code
  str_value: NONE
  key: state/messages/received/last-notification-error-subcode
  str_value: UNSPECIFIC
  key: state/queues/input
  uint_value: 0
  key: state/queues/output
  uint_value: 0
  key: state/dynamically-configured
  bool_value: false
  key: state/session-status
  str_value: HALTED
  key: state/session-admin-status
  str_value: STOP
  key: state/interface-error
  bool_value: true
  key: state/import-eval-pending
  bool_value: false
  key: state/import-eval
  bool_value: false
  key: state/peer-group
  str_value: Equinix
  key: state/neighbor-address
  str_value: 27.111.229.249
  key: state/enabled
  bool_value: true
  key: timers/state/connect-retry
  str_value: 0.00
  key: timers/state/hold-time
  str_value: 90.00
  key: timers/state/keepalive-interval
  str_value: 30.00
  key: timers/state/minimum-advertisement-interval
  str_value: 0.00
  key: timers/state/negotiated-hold-time
  str_value: 0.00
  key: transport/state/tcp-mss
  uint_value: 0
  key: transport/state/mtu-discovery
  bool_value: false
  key: transport/state/passive-mode
  bool_value: false
  key: transport/state/local-address
  str_value: 27.111.228.152
  key: transport/state/local-port
  uint_value: 0
  key: transport/state/remote-address
  str_value: 27.111.229.249
  key: transport/state/remote-port
  uint_value: 0
  key: error-handling/state/treat-as-withdraw
  bool_value: true
  key: error-handling/state/erroneous-update-messages
  uint_value: 0
  key: logging-options/state/log-neighbor-state-changes
  bool_value: false
  key: ebgp-multihop/state/enabled
  bool_value: false
  key: ebgp-multihop/state/multihop-ttl
  uint_value: 0
  key: route-reflector/state/route-reflector-cluster-id
  str_value: zero-len
  key: route-reflector/state/route-reflector-client
  bool_value: false
  key: as-path-options/state/allow-own-as
  uint_value: 0
  key: as-path-options/state/replace-peer-as
  bool_value: false
  key: as-path-options/state/disable-peer-as-filter
  bool_value: false
  key: use-multiple-paths/state/enabled
  bool_value: false
  key: use-multiple-paths/ebgp/state/allow-multiple-as
  bool_value: false
  key: __prefix__
  str_value: /network-instances/network-instance[name='master']/protocols/protocol/bgp/neighbors/neighbor[neighbor-address='27.111.229.249']/afi-safis/afi-safi[afi-safi-name='IPV4_UNICAST']/
  key: graceful-restart/state/enabled
  bool_value: true
  key: graceful-restart/state/received
  bool_value: false
  key: graceful-restart/state/advertised
  bool_value: false
  key: state/afi-safi-name
  str_value: IPV4_UNICAST
  key: state/enabled
  bool_value: true
  key: state/active
  bool_value: false
  key: state/prefixes/received
  uint_value: 0
  key: state/prefixes/sent
  uint_value: 0
  key: state/prefixes/installed
  uint_value: 0
  key: state/prefixes/accepted
  uint_value: 0
  key: state/prefix-limit-exceeded
  bool_value: false
  key: state/queues/input
  uint_value: 0
  key: state/queues/output
  uint_value: 0
  key: add-paths/state/receive
  bool_value: false
  key: add-paths/state/send
  bool_value: false
  key: add-paths/state/eligible-prefix-policy
  str_value: 
  key: ipv4-unicast/prefix-limit/state/max-prefixes
  uint_value: 0
  key: ipv4-unicast/prefix-limit/state/prevent-teardown
  bool_value: true
  key: ipv4-unicast/prefix-limit/state/shutdown-threshold-pct
  uint_value: 0
  key: ipv4-unicast/prefix-limit/state/restart-timer
  str_value: 0.00
  key: __prefix__
  str_value: /network-instances/network-instance[name='master']/protocols/protocol/bgp/neighbors/neighbor[neighbor-address='27.111.229.249']/
  key: graceful-restart/state/enabled
  bool_value: false
  key: graceful-restart/state/restart-time
  uint_value: 120
  key: graceful-restart/state/stale-routes-time
  str_value: 300.00
  key: graceful-restart/state/helper-only
  bool_value: true
  key: graceful-restart/state/peer-restarting
  bool_value: false
  key: graceful-restart/state/local-restarting
  bool_value: false
  key: graceful-restart/state/mode
  str_value: HELPER_ONLY
  key: apply-policy/state/import-policy
  leaf_list_value: element:<leaflist_str_value:"RX-FROM-Bigo_EQUINIX" > 
  key: apply-policy/state/export-policy
  leaf_list_value: element:<leaflist_str_value:"ADV-TO-Bigo_EQUINIX" > 
  key: __prefix__
  str_value: /network-instances/network-instance[name='master']/protocols/protocol/bgp/neighbors/neighbor[neighbor-address='27.111.230.1']/
  key: snmp-peer-index
  uint_value: 241
  key: state/peer-as
  uint_value: 133865
  key: state/local-as
  uint_value: 45903
  key: state/peer-type
  str_value: EXTERNAL
  key: state/auth-password
  str_value: (null)
  key: state/route-flap-damping
  bool_value: false
  key: state/description
  str_value: Peering-iQIYI-EQUINIX-SGP
  key: state/session-state
  str_value: IDLE
  key: state/last-established
  uint_value: 1694967381
  key: state/established-transitions
  uint_value: 0
  key: state/messages/sent/UPDATE
  uint_value: 0
  key: state/messages/sent/NOTIFICATION
  uint_value: 0
  key: state/messages/sent/last-notification-time
  uint_value: 0
  key: state/messages/sent/last-notification-error-subcode
  str_value: UNSPECIFIC
  key: state/messages/received/UPDATE
  uint_value: 0
  key: state/messages/received/NOTIFICATION
  uint_value: 0
  key: state/messages/received/last-notification-time
  uint_value: 0
  key: state/messages/received/last-notification-error-code
  str_value: NONE
  key: state/messages/received/last-notification-error-subcode
  str_value: UNSPECIFIC
  key: state/queues/input
  uint_value: 0
  key: state/queues/output
  uint_value: 0
  key: state/dynamically-configured
  bool_value: false
  key: state/session-status
  str_value: HALTED
  key: state/session-admin-status
  str_value: STOP
  key: state/interface-error
  bool_value: true
  key: state/import-eval-pending
  bool_value: false
  key: state/import-eval
  bool_value: false
  key: state/peer-group
  str_value: Equinix
  key: state/neighbor-address
  str_value: 27.111.230.1
  key: state/enabled
  bool_value: true
  key: timers/state/connect-retry
  str_value: 0.00
  key: timers/state/hold-time
  str_value: 90.00
  key: timers/state/keepalive-interval
  str_value: 30.00
  key: timers/state/minimum-advertisement-interval
  str_value: 0.00
  key: timers/state/negotiated-hold-time
  str_value: 0.00
  key: transport/state/tcp-mss
  uint_value: 0
  key: transport/state/mtu-discovery
  bool_value: false
  key: transport/state/passive-mode
  bool_value: false
  key: transport/state/local-address
  str_value: 27.111.228.152
  key: transport/state/local-port
  uint_value: 0
  key: transport/state/remote-address
  str_value: 27.111.230.1
  key: transport/state/remote-port
  uint_value: 0
  key: error-handling/state/treat-as-withdraw
  bool_value: true
  key: error-handling/state/erroneous-update-messages
  uint_value: 0
  key: logging-options/state/log-neighbor-state-changes
  bool_value: false
  key: ebgp-multihop/state/enabled
  bool_value: false
  key: ebgp-multihop/state/multihop-ttl
  uint_value: 0
  key: route-reflector/state/route-reflector-cluster-id
  str_value: zero-len
  key: route-reflector/state/route-reflector-client
  bool_value: false
  key: as-path-options/state/allow-own-as
  uint_value: 0
  key: as-path-options/state/replace-peer-as
  bool_value: false
  key: as-path-options/state/disable-peer-as-filter
  bool_value: false
  key: use-multiple-paths/state/enabled
  bool_value: false
  key: use-multiple-paths/ebgp/state/allow-multiple-as
  bool_value: false
  key: graceful-restart/state/enabled
  bool_value: false
  key: graceful-restart/state/restart-time
  uint_value: 120
  key: graceful-restart/state/stale-routes-time
  str_value: 300.00
  key: graceful-restart/state/helper-only
  bool_value: true
  key: graceful-restart/state/peer-restarting
  bool_value: false
  key: graceful-restart/state/local-restarting
  bool_value: false
  key: graceful-restart/state/mode
  str_value: HELPER_ONLY
  key: apply-policy/state/import-policy
  leaf_list_value: element:<leaflist_str_value:"RX-FROM-EQUINIX" > 
  key: apply-policy/state/export-policy
  leaf_list_value: element:<leaflist_str_value:"ADV-TO-EQUINIX" > 
  key: __prefix__
  str_value: /network-instances/network-instance[name='master']/protocols/protocol/bgp/neighbors/neighbor[neighbor-address='27.111.230.5']/
  key: snmp-peer-index
  uint_value: 242
  key: state/peer-as
  uint_value: 133865
  key: state/local-as
  uint_value: 45903
  key: state/peer-type
  str_value: EXTERNAL
  key: state/auth-password
  str_value: (null)
  key: state/route-flap-damping
  bool_value: false
  key: state/description
  str_value: Peering-iQIYI-EQUINIX-SGP
  key: state/session-state
  str_value: IDLE
  key: state/last-established
  uint_value: 1694967381
  key: state/established-transitions
  uint_value: 0
  key: state/messages/sent/UPDATE
  uint_value: 0
  key: state/messages/sent/NOTIFICATION
  uint_value: 0
  key: state/messages/sent/last-notification-time
  uint_value: 0
  key: state/messages/sent/last-notification-error-subcode
  str_value: UNSPECIFIC
  key: state/messages/received/UPDATE
  uint_value: 0
  key: state/messages/received/NOTIFICATION
  uint_value: 0
  key: state/messages/received/last-notification-time
  uint_value: 0
  key: state/messages/received/last-notification-error-code
  str_value: NONE
  key: state/messages/received/last-notification-error-subcode
  str_value: UNSPECIFIC
  key: state/queues/input
  uint_value: 0
  key: state/queues/output
  uint_value: 0
  key: state/dynamically-configured
  bool_value: false
  key: state/session-status
  str_value: HALTED
  key: state/session-admin-status
  str_value: STOP
  key: state/interface-error
  bool_value: true
  key: state/import-eval-pending
  bool_value: false
  key: state/import-eval
  bool_value: false
  key: state/peer-group
  str_value: Equinix
  key: state/neighbor-address
  str_value: 27.111.230.5
  key: state/enabled
  bool_value: true
  key: timers/state/connect-retry
  str_value: 0.00
  key: timers/state/hold-time
  str_value: 90.00
  key: timers/state/keepalive-interval
  str_value: 30.00
  key: timers/state/minimum-advertisement-interval
  str_value: 0.00
  key: timers/state/negotiated-hold-time
  str_value: 0.00
  key: transport/state/tcp-mss
  uint_value: 0
  key: transport/state/mtu-discovery
  bool_value: false
  key: transport/state/passive-mode
  bool_value: false
  key: transport/state/local-address
  str_value: 27.111.228.152
  key: transport/state/local-port
  uint_value: 0
  key: transport/state/remote-address
  str_value: 27.111.230.5
  key: transport/state/remote-port
  uint_value: 0
  key: error-handling/state/treat-as-withdraw
  bool_value: true
  key: error-handling/state/erroneous-update-messages
  uint_value: 0
  key: logging-options/state/log-neighbor-state-changes
  bool_value: false
  key: ebgp-multihop/state/enabled
  bool_value: false
  key: ebgp-multihop/state/multihop-ttl
  uint_value: 0
  key: route-reflector/state/route-reflector-cluster-id
  str_value: zero-len
  key: route-reflector/state/route-reflector-client
  bool_value: false
  key: as-path-options/state/allow-own-as
  uint_value: 0
  key: as-path-options/state/replace-peer-as
  bool_value: false
  key: as-path-options/state/disable-peer-as-filter
  bool_value: false
  key: use-multiple-paths/state/enabled
  bool_value: false
  key: use-multiple-paths/ebgp/state/allow-multiple-as
  bool_value: false
  key: graceful-restart/state/enabled
  bool_value: false
  key: graceful-restart/state/restart-time
  uint_value: 120
  key: graceful-restart/state/stale-routes-time
  str_value: 300.00
  key: graceful-restart/state/helper-only
  bool_value: true
  key: graceful-restart/state/peer-restarting
  bool_value: false
  key: graceful-restart/state/local-restarting
  bool_value: false
  key: graceful-restart/state/mode
  str_value: HELPER_ONLY
  key: apply-policy/state/import-policy
  leaf_list_value: element:<leaflist_str_value:"RX-FROM-EQUINIX" > 
  key: apply-policy/state/export-policy
  leaf_list_value: element:<leaflist_str_value:"ADV-TO-EQUINIX" > 
  key: __prefix__
  str_value: /network-instances/network-instance[name='master']/protocols/protocol/bgp/neighbors/neighbor[neighbor-address='27.111.230.14']/
  key: snmp-peer-index
  uint_value: 259
  key: state/peer-as
  uint_value: 24429
  key: state/local-as
  uint_value: 45903
  key: state/peer-type
  str_value: EXTERNAL
  key: state/auth-password
  str_value: (null)
  key: state/route-flap-damping
  bool_value: false
  key: state/description
  str_value: Peering Taobao02 via Equinix
  key: state/session-state
  str_value: IDLE
  key: state/last-established
  uint_value: 1694967381
  key: state/established-transitions
  uint_value: 0
  key: state/messages/sent/UPDATE
  uint_value: 0
  key: state/messages/sent/NOTIFICATION
  uint_value: 0
  key: state/messages/sent/last-notification-time
  uint_value: 0
  key: state/messages/sent/last-notification-error-subcode
  str_value: UNSPECIFIC
  key: state/messages/received/UPDATE
  uint_value: 0
  key: state/messages/received/NOTIFICATION
  uint_value: 0
  key: state/messages/received/last-notification-time
  uint_value: 0
  key: state/messages/received/last-notification-error-code
  str_value: NONE
  key: state/messages/received/last-notification-error-subcode
  str_value: UNSPECIFIC
  key: state/queues/input
  uint_value: 0
  key: state/queues/output
  uint_value: 0
  key: state/dynamically-configured
  bool_value: false
  key: state/session-status
  str_value: HALTED
  key: state/session-admin-status
  str_value: STOP
  key: state/interface-error
  bool_value: true
  key: state/import-eval-pending
  bool_value: false
  key: state/import-eval
  bool_value: false
  key: state/peer-group
  str_value: Equinix
  key: state/neighbor-address
  str_value: 27.111.230.14
  key: state/enabled
  bool_value: true
  key: timers/state/connect-retry
  str_value: 0.00
  key: timers/state/hold-time
  str_value: 90.00
  key: timers/state/keepalive-interval
  str_value: 30.00
  key: timers/state/minimum-advertisement-interval
  str_value: 0.00
  key: timers/state/negotiated-hold-time
  str_value: 0.00
  key: transport/state/tcp-mss
  uint_value: 0
  key: transport/state/mtu-discovery
  bool_value: false
  key: transport/state/passive-mode
  bool_value: false
  key: transport/state/local-address
  str_value: 27.111.228.152
  key: transport/state/local-port
  uint_value: 0
  key: transport/state/remote-address
  str_value: 27.111.230.14
  key: transport/state/remote-port
  uint_value: 0
  key: error-handling/state/treat-as-withdraw
  bool_value: true
  key: error-handling/state/erroneous-update-messages
  uint_value: 0
  key: logging-options/state/log-neighbor-state-changes
  bool_value: false
  key: ebgp-multihop/state/enabled
  bool_value: false
  key: ebgp-multihop/state/multihop-ttl
  uint_value: 0
  key: route-reflector/state/route-reflector-cluster-id
  str_value: zero-len
  key: route-reflector/state/route-reflector-client
  bool_value: false
  key: as-path-options/state/allow-own-as
  uint_value: 0
  key: as-path-options/state/replace-peer-as
  bool_value: false
  key: as-path-options/state/disable-peer-as-filter
  bool_value: false
  key: use-multiple-paths/state/enabled
  bool_value: false
  key: use-multiple-paths/ebgp/state/allow-multiple-as
  bool_value: false
  key: __prefix__
  str_value: /network-instances/network-instance[name='master']/protocols/protocol/bgp/neighbors/neighbor[neighbor-address='27.111.230.14']/afi-safis/afi-safi[afi-safi-name='IPV4_UNICAST']/
  key: graceful-restart/state/enabled
  bool_value: true
  key: graceful-restart/state/received
  bool_value: false
  key: graceful-restart/state/advertised
  bool_value: false
  key: state/afi-safi-name
  str_value: IPV4_UNICAST
  key: state/enabled
  bool_value: true
  key: state/active
  bool_value: false
  key: state/prefixes/received
  uint_value: 0
  key: state/prefixes/sent
  uint_value: 0
  key: state/prefixes/installed
  uint_value: 0
  key: state/prefixes/accepted
  uint_value: 0
  key: state/prefix-limit-exceeded
  bool_value: false
  key: state/queues/input
  uint_value: 0
  key: state/queues/output
  uint_value: 0
  key: add-paths/state/receive
  bool_value: false
  key: add-paths/state/send
  bool_value: false
  key: add-paths/state/eligible-prefix-policy
  str_value: 
  key: ipv4-unicast/prefix-limit/state/max-prefixes
  uint_value: 0
  key: ipv4-unicast/prefix-limit/state/prevent-teardown
  bool_value: true
  key: ipv4-unicast/prefix-limit/state/shutdown-threshold-pct
  uint_value: 0
  key: ipv4-unicast/prefix-limit/state/restart-timer
  str_value: 0.00
  key: __prefix__
  str_value: /network-instances/network-instance[name='master']/protocols/protocol/bgp/neighbors/neighbor[neighbor-address='27.111.230.14']/
  key: graceful-restart/state/enabled
  bool_value: false
  key: graceful-restart/state/restart-time
  uint_value: 120
  key: graceful-restart/state/stale-routes-time
  str_value: 300.00
  key: graceful-restart/state/helper-only
  bool_value: true
  key: graceful-restart/state/peer-restarting
  bool_value: false
  key: graceful-restart/state/local-restarting
  bool_value: false
  key: graceful-restart/state/mode
  str_value: HELPER_ONLY
  key: apply-policy/state/import-policy
  leaf_list_value: element:<leaflist_str_value:"RX-FROM-EQUINIX" > 
  key: apply-policy/state/export-policy
  leaf_list_value: element:<leaflist_str_value:"ADV-TO-EQUINIX" > 
  key: __prefix__
  str_value: /network-instances/network-instance[name='master']/protocols/protocol/bgp/neighbors/neighbor[neighbor-address='27.111.230.67']/
  key: snmp-peer-index
  uint_value: 270
  key: state/peer-as
  uint_value: 139836
  key: state/local-as
  uint_value: 45903
  key: state/peer-type
  str_value: EXTERNAL
  key: state/auth-password
  str_value: (null)
  key: state/route-flap-damping
  bool_value: false
  key: state/description
  str_value: COMMRUN Peer V4
  key: state/session-state
  str_value: IDLE
  key: state/last-established
  uint_value: 1694967381
  key: state/established-transitions
  uint_value: 0
  key: state/messages/sent/UPDATE
  uint_value: 0
  key: state/messages/sent/NOTIFICATION
  uint_value: 0
  key: state/messages/sent/last-notification-time
  uint_value: 0
  key: state/messages/sent/last-notification-error-subcode
  str_value: UNSPECIFIC
  key: state/messages/received/UPDATE
  uint_value: 0
  key: state/messages/received/NOTIFICATION
  uint_value: 0
  key: state/messages/received/last-notification-time
  uint_value: 0
  key: state/messages/received/last-notification-error-code
  str_value: NONE
  key: state/messages/received/last-notification-error-subcode
  str_value: UNSPECIFIC
  key: state/queues/input
  uint_value: 0
  key: state/queues/output
  uint_value: 0
  key: state/dynamically-configured
  bool_value: false
  key: state/session-status
  str_value: HALTED
  key: state/session-admin-status
  str_value: STOP
  key: state/interface-error
  bool_value: true
  key: state/import-eval-pending
  bool_value: false
  key: state/import-eval
  bool_value: false
  key: state/peer-group
  str_value: Equinix
  key: state/neighbor-address
  str_value: 27.111.230.67
  key: state/enabled
  bool_value: true
  key: timers/state/connect-retry
  str_value: 0.00
  key: timers/state/hold-time
  str_value: 90.00
  key: timers/state/keepalive-interval
  str_value: 30.00
  key: timers/state/minimum-advertisement-interval
  str_value: 0.00
  key: timers/state/negotiated-hold-time
  str_value: 0.00
  key: transport/state/tcp-mss
  uint_value: 0
  key: transport/state/mtu-discovery
  bool_value: false
  key: transport/state/passive-mode
  bool_value: false
  key: transport/state/local-address
  str_value: 27.111.228.152
  key: transport/state/local-port
  uint_value: 0
  key: transport/state/remote-address
  str_value: 27.111.230.67
  key: transport/state/remote-port
  uint_value: 0
  key: error-handling/state/treat-as-withdraw
  bool_value: true
  key: error-handling/state/erroneous-update-messages
  uint_value: 0
  key: logging-options/state/log-neighbor-state-changes
  bool_value: false
  key: ebgp-multihop/state/enabled
  bool_value: false
  key: ebgp-multihop/state/multihop-ttl
  uint_value: 0
  key: route-reflector/state/route-reflector-cluster-id
  str_value: zero-len
  key: route-reflector/state/route-reflector-client
  bool_value: false
  key: as-path-options/state/allow-own-as
  uint_value: 0
  key: as-path-options/state/replace-peer-as
  bool_value: false
  key: as-path-options/state/disable-peer-as-filter
  bool_value: false
  key: use-multiple-paths/state/enabled
  bool_value: false
  key: use-multiple-paths/ebgp/state/allow-multiple-as
  bool_value: false
  key: graceful-restart/state/enabled
  bool_value: false
  key: graceful-restart/state/restart-time
  uint_value: 120
  key: graceful-restart/state/stale-routes-time
  str_value: 300.00
  key: graceful-restart/state/helper-only
  bool_value: true
  key: graceful-restart/state/peer-restarting
  bool_value: false
  key: graceful-restart/state/local-restarting
  bool_value: false
  key: graceful-restart/state/mode
  str_value: HELPER_ONLY
  key: apply-policy/state/import-policy
  leaf_list_value: element:<leaflist_str_value:"RX-FROM-EQUINIX" > 
  key: apply-policy/state/export-policy
  leaf_list_value: element:<leaflist_str_value:"ADV-TO-EQUINIX" > 
  key: __prefix__
  str_value: /network-instances/network-instance[name='master']/protocols/protocol/bgp/neighbors/neighbor[neighbor-address='72.14.215.153']/
  key: snmp-peer-index
  uint_value: 156
  key: state/peer-as
  uint_value: 15169
  key: state/local-as
  uint_value: 45903
  key: state/peer-type
  str_value: EXTERNAL
  key: state/auth-password
  str_value: (null)
  key: state/remove-private-as
  str_value: PRIVATE_AS_REMOVE_ALL
  key: state/route-flap-damping
  bool_value: false
  key: state/description
  str_value: Peering GGP
  key: state/session-state
  str_value: IDLE
  key: state/last-established
  uint_value: 1694967381
  key: state/established-transitions
  uint_value: 0
  key: state/messages/sent/UPDATE
  uint_value: 0
  key: state/messages/sent/NOTIFICATION
  uint_value: 0
  key: state/messages/sent/last-notification-time
  uint_value: 0
  key: state/messages/sent/last-notification-error-subcode
  str_value: UNSPECIFIC
  key: state/messages/received/UPDATE
  uint_value: 0
  key: state/messages/received/NOTIFICATION
  uint_value: 0
  key: state/messages/received/last-notification-time
  uint_value: 0
  key: state/messages/received/last-notification-error-code
  str_value: NONE
  key: state/messages/received/last-notification-error-subcode
  str_value: UNSPECIFIC
  key: state/queues/input
  uint_value: 0
  key: state/queues/output
  uint_value: 0
  key: state/dynamically-configured
  bool_value: false
  key: state/session-status
  str_value: HALTED
  key: state/session-admin-status
  str_value: STOP
  key: state/interface-error
  bool_value: true
  key: state/import-eval-pending
  bool_value: false
  key: state/import-eval
  bool_value: false
  key: state/peer-group
  str_value: GooglePeer
  key: state/neighbor-address
  str_value: 72.14.215.153
  key: state/enabled
  bool_value: true
  key: timers/state/connect-retry
  str_value: 0.00
  key: timers/state/hold-time
  str_value: 90.00
  key: timers/state/keepalive-interval
  str_value: 30.00
  key: timers/state/minimum-advertisement-interval
  str_value: 0.00
  key: timers/state/negotiated-hold-time
  str_value: 0.00
  key: transport/state/tcp-mss
  uint_value: 0
  key: transport/state/mtu-discovery
  bool_value: false
  key: transport/state/passive-mode
  bool_value: true
  key: transport/state/local-address
  str_value: 72.14.215.154
  key: transport/state/local-port
  uint_value: 0
  key: transport/state/remote-address
  str_value: 72.14.215.153
  key: transport/state/remote-port
  uint_value: 0
  key: error-handling/state/treat-as-withdraw
  bool_value: true
  key: error-handling/state/erroneous-update-messages
  uint_value: 0
  key: logging-options/state/log-neighbor-state-changes
  bool_value: true
  key: ebgp-multihop/state/enabled
  bool_value: false
  key: ebgp-multihop/state/multihop-ttl
  uint_value: 0
  key: route-reflector/state/route-reflector-cluster-id
  str_value: zero-len
  key: route-reflector/state/route-reflector-client
  bool_value: false
  key: as-path-options/state/allow-own-as
  uint_value: 0
  key: as-path-options/state/replace-peer-as
  bool_value: false
  key: as-path-options/state/disable-peer-as-filter
  bool_value: false
  key: use-multiple-paths/state/enabled
  bool_value: false
  key: use-multiple-paths/ebgp/state/allow-multiple-as
  bool_value: false
  key: graceful-restart/state/enabled
  bool_value: false
  key: graceful-restart/state/restart-time
  uint_value: 120
  key: graceful-restart/state/stale-routes-time
  str_value: 300.00
  key: graceful-restart/state/helper-only
  bool_value: true
  key: graceful-restart/state/peer-restarting
  bool_value: false
  key: graceful-restart/state/local-restarting
  bool_value: false
  key: graceful-restart/state/mode
  str_value: HELPER_ONLY
system_id: SGP001IGR04
component_id: 65535
sub_component_id: 0
path: sensor_1004:/network-instances/network-instance/protocols/protocol/bgp/neighbors/neighbor/:/network-instances/network-instance/protocols/protocol/bgp/neighbors/neighbor/:rpd
sequence_number: 11
timestamp: 1695289071034
sync_response: false
  key: __timestamp__
  uint_value: 1695289071034
  key: __junos_re_stream_creation_timestamp__
  uint_value: 1695289069611
  key: __junos_re_payload_get_timestamp__
  uint_value: 1695289070992
  key: apply-policy/state/import-policy
  leaf_list_value: element:<leaflist_str_value:"RX-FROM-GGP" > 
  key: __prefix__
  str_value: /network-instances/network-instance[name='master']/protocols/protocol/bgp/neighbors/neighbor[neighbor-address='72.14.215.153']/
  key: apply-policy/state/export-policy
  leaf_list_value: element:<leaflist_str_value:"ADV-TO-GOOGLE-PEER01" > 
  key: __prefix__
  str_value: /network-instances/network-instance[name='master']/protocols/protocol/bgp/neighbors/neighbor[neighbor-address='183.91.0.161']/
  key: snmp-peer-index
  uint_value: 149
  key: state/peer-as
  uint_value: 45903
  key: state/local-as
  uint_value: 45903
  key: state/peer-type
  str_value: INTERNAL
  key: state/auth-password
  str_value: (null)
  key: state/route-flap-damping
  bool_value: false
  key: state/description
  str_value: (null)
  key: state/session-state
  str_value: ACTIVE
  key: state/last-established
  uint_value: 1694967380
  key: state/established-transitions
  uint_value: 0
  key: state/messages/sent/UPDATE
  uint_value: 0
  key: state/messages/sent/NOTIFICATION
  uint_value: 0
  key: state/messages/sent/last-notification-time
  uint_value: 0
  key: state/messages/sent/last-notification-error-subcode
  str_value: UNSPECIFIC
  key: state/messages/received/UPDATE
  uint_value: 0
  key: state/messages/received/NOTIFICATION
  uint_value: 0
  key: state/messages/received/last-notification-time
  uint_value: 0
  key: state/messages/received/last-notification-error-code
  str_value: NONE
  key: state/messages/received/last-notification-error-subcode
  str_value: UNSPECIFIC
  key: state/queues/input
  uint_value: 0
  key: state/queues/output
  uint_value: 0
  key: state/dynamically-configured
  bool_value: false
  key: state/session-status
  str_value: RUNNING
  key: state/session-admin-status
  str_value: START
  key: state/interface-error
  bool_value: false
  key: state/import-eval-pending
  bool_value: false
  key: state/import-eval
  bool_value: false
  key: state/peer-group
  str_value: RR-Public
  key: state/neighbor-address
  str_value: 183.91.0.161
  key: state/enabled
  bool_value: true
  key: timers/state/connect-retry
  str_value: 0.00
  key: timers/state/hold-time
  str_value: 90.00
  key: timers/state/keepalive-interval
  str_value: 30.00
  key: timers/state/minimum-advertisement-interval
  str_value: 0.00
  key: timers/state/negotiated-hold-time
  str_value: 0.00
  key: transport/state/tcp-mss
  uint_value: 0
  key: transport/state/mtu-discovery
  bool_value: false
  key: transport/state/passive-mode
  bool_value: false
  key: transport/state/local-address
  str_value: 183.91.0.171
  key: transport/state/local-port
  uint_value: 0
  key: transport/state/remote-address
  str_value: 183.91.0.161
  key: transport/state/remote-port
  uint_value: 0
  key: error-handling/state/treat-as-withdraw
  bool_value: true
  key: error-handling/state/erroneous-update-messages
  uint_value: 0
  key: logging-options/state/log-neighbor-state-changes
  bool_value: false
  key: ebgp-multihop/state/enabled
  bool_value: false
  key: ebgp-multihop/state/multihop-ttl
  uint_value: 0
  key: route-reflector/state/route-reflector-cluster-id
  str_value: zero-len
  key: route-reflector/state/route-reflector-client
  bool_value: false
  key: as-path-options/state/allow-own-as
  uint_value: 0
  key: as-path-options/state/replace-peer-as
  bool_value: false
  key: as-path-options/state/disable-peer-as-filter
  bool_value: false
  key: use-multiple-paths/state/enabled
  bool_value: false
  key: use-multiple-paths/ebgp/state/allow-multiple-as
  bool_value: false
  key: __prefix__
  str_value: /network-instances/network-instance[name='master']/protocols/protocol/bgp/neighbors/neighbor[neighbor-address='183.91.0.161']/afi-safis/afi-safi[afi-safi-name='IPV4_UNICAST']/
  key: graceful-restart/state/enabled
  bool_value: true
  key: graceful-restart/state/received
  bool_value: false
  key: graceful-restart/state/advertised
  bool_value: false
  key: state/afi-safi-name
  str_value: IPV4_UNICAST
  key: state/enabled
  bool_value: true
  key: state/active
  bool_value: false
  key: state/prefixes/received
  uint_value: 0
  key: state/prefixes/sent
  uint_value: 0
  key: state/prefixes/installed
  uint_value: 0
  key: state/prefixes/accepted
  uint_value: 0
  key: state/prefix-limit-exceeded
  bool_value: false
  key: state/queues/input
  uint_value: 0
  key: state/queues/output
  uint_value: 0
  key: add-paths/state/receive
  bool_value: false
  key: add-paths/state/send
  bool_value: false
  key: add-paths/state/eligible-prefix-policy
  str_value: 
  key: ipv4-unicast/prefix-limit/state/max-prefixes
  uint_value: 0
  key: ipv4-unicast/prefix-limit/state/prevent-teardown
  bool_value: true
  key: ipv4-unicast/prefix-limit/state/shutdown-threshold-pct
  uint_value: 0
  key: ipv4-unicast/prefix-limit/state/restart-timer
  str_value: 0.00
  key: __prefix__
  str_value: /network-instances/network-instance[name='master']/protocols/protocol/bgp/neighbors/neighbor[neighbor-address='183.91.0.161']/afi-safis/afi-safi[afi-safi-name='IPV6_LABELED_UNICAST']/
  key: graceful-restart/state/enabled
  bool_value: true
  key: graceful-restart/state/received
  bool_value: false
  key: graceful-restart/state/advertised
  bool_value: false
  key: state/afi-safi-name
  str_value: IPV6_LABELED_UNICAST
  key: state/enabled
  bool_value: true
  key: state/active
  bool_value: false
  key: state/prefixes/received
  uint_value: 0
  key: state/prefixes/sent
  uint_value: 0
  key: state/prefixes/installed
  uint_value: 0
  key: state/prefixes/accepted
  uint_value: 0
  key: state/prefix-limit-exceeded
  bool_value: false
  key: state/queues/input
  uint_value: 0
  key: state/queues/output
  uint_value: 0
  key: add-paths/state/receive
  bool_value: false
  key: add-paths/state/send
  bool_value: false
  key: add-paths/state/eligible-prefix-policy
  str_value: 
  key: ipv6-labeled-unicast/prefix-limit/state/max-prefixes
  uint_value: 0
  key: ipv6-labeled-unicast/prefix-limit/state/prevent-teardown
  bool_value: true
  key: ipv6-labeled-unicast/prefix-limit/state/shutdown-threshold-pct
  uint_value: 0
  key: ipv6-labeled-unicast/prefix-limit/state/restart-timer
  str_value: 0.00
  key: __prefix__
  str_value: /network-instances/network-instance[name='master']/protocols/protocol/bgp/neighbors/neighbor[neighbor-address='183.91.0.161']/
  key: graceful-restart/state/enabled
  bool_value: false
  key: graceful-restart/state/restart-time
  uint_value: 120
  key: graceful-restart/state/stale-routes-time
  str_value: 300.00
  key: graceful-restart/state/helper-only
  bool_value: true
  key: graceful-restart/state/peer-restarting
  bool_value: false
  key: graceful-restart/state/local-restarting
  bool_value: false
  key: graceful-restart/state/mode
  str_value: HELPER_ONLY
  key: apply-policy/state/import-policy
  leaf_list_value: element:<leaflist_str_value:"RX-FROM-HNI-RR02" > 
  key: apply-policy/state/export-policy
  leaf_list_value: element:<leaflist_str_value:"ADV-TO-HNI-RR02" > 
  key: __prefix__
  str_value: /network-instances/network-instance[name='master']/protocols/protocol/bgp/neighbors/neighbor[neighbor-address='183.91.0.164']/
  key: snmp-peer-index
  uint_value: 155
  key: state/peer-as
  uint_value: 45903
  key: state/local-as
  uint_value: 45903
  key: state/peer-type
  str_value: INTERNAL
  key: state/auth-password
  str_value: (null)
  key: state/route-flap-damping
  bool_value: false
  key: state/description
  str_value: (null)
  key: state/session-state
  str_value: ACTIVE
  key: state/last-established
  uint_value: 1694967381
  key: state/established-transitions
  uint_value: 0
  key: state/messages/sent/UPDATE
  uint_value: 0
  key: state/messages/sent/NOTIFICATION
  uint_value: 0
  key: state/messages/sent/last-notification-time
  uint_value: 0
  key: state/messages/sent/last-notification-error-subcode
  str_value: UNSPECIFIC
  key: state/messages/received/UPDATE
  uint_value: 0
  key: state/messages/received/NOTIFICATION
  uint_value: 0
  key: state/messages/received/last-notification-time
  uint_value: 0
  key: state/messages/received/last-notification-error-code
  str_value: NONE
  key: state/messages/received/last-notification-error-subcode
  str_value: UNSPECIFIC
  key: state/queues/input
  uint_value: 0
  key: state/queues/output
  uint_value: 0
  key: state/dynamically-configured
  bool_value: false
  key: state/session-status
  str_value: RUNNING
  key: state/session-admin-status
  str_value: START
  key: state/interface-error
  bool_value: false
  key: state/import-eval-pending
  bool_value: false
  key: state/import-eval
  bool_value: false
  key: state/peer-group
  str_value: RR-Private
  key: state/neighbor-address
  str_value: 183.91.0.164
  key: state/enabled
  bool_value: true
  key: timers/state/connect-retry
  str_value: 0.00
  key: timers/state/hold-time
  str_value: 90.00
  key: timers/state/keepalive-interval
  str_value: 30.00
  key: timers/state/minimum-advertisement-interval
  str_value: 0.00
  key: timers/state/negotiated-hold-time
  str_value: 0.00
  key: transport/state/tcp-mss
  uint_value: 0
  key: transport/state/mtu-discovery
  bool_value: false
  key: transport/state/passive-mode
  bool_value: false
  key: transport/state/local-address
  str_value: 183.91.0.171
  key: transport/state/local-port
  uint_value: 0
  key: transport/state/remote-address
  str_value: 183.91.0.164
  key: transport/state/remote-port
  uint_value: 0
  key: error-handling/state/treat-as-withdraw
  bool_value: true
  key: error-handling/state/erroneous-update-messages
  uint_value: 0
  key: logging-options/state/log-neighbor-state-changes
  bool_value: false
  key: ebgp-multihop/state/enabled
  bool_value: false
  key: ebgp-multihop/state/multihop-ttl
  uint_value: 0
  key: route-reflector/state/route-reflector-cluster-id
  str_value: zero-len
  key: route-reflector/state/route-reflector-client
  bool_value: false
  key: as-path-options/state/allow-own-as
  uint_value: 0
  key: as-path-options/state/replace-peer-as
  bool_value: false
  key: as-path-options/state/disable-peer-as-filter
  bool_value: false
  key: use-multiple-paths/state/enabled
  bool_value: false
  key: use-multiple-paths/ebgp/state/allow-multiple-as
  bool_value: false
  key: __prefix__
  str_value: /network-instances/network-instance[name='master']/protocols/protocol/bgp/neighbors/neighbor[neighbor-address='183.91.0.164']/afi-safis/afi-safi[afi-safi-name='L3VPN_IPV4_UNICAST']/
  key: graceful-restart/state/enabled
  bool_value: true
  key: graceful-restart/state/received
  bool_value: false
  key: graceful-restart/state/advertised
  bool_value: false
  key: state/afi-safi-name
  str_value: L3VPN_IPV4_UNICAST
  key: state/enabled
  bool_value: true
  key: state/active
  bool_value: false
  key: state/prefixes/received
  uint_value: 0
  key: state/prefixes/sent
  uint_value: 0
  key: state/prefixes/installed
  uint_value: 0
  key: state/prefixes/accepted
  uint_value: 0
  key: state/prefix-limit-exceeded
  bool_value: false
  key: state/queues/input
  uint_value: 0
  key: state/queues/output
  uint_value: 0
  key: add-paths/state/receive
  bool_value: false
  key: add-paths/state/send
  bool_value: false
  key: add-paths/state/eligible-prefix-policy
  str_value: 
  key: l3vpn-ipv4-unicast/prefix-limit/state/max-prefixes
  uint_value: 0
  key: l3vpn-ipv4-unicast/prefix-limit/state/prevent-teardown
  bool_value: true
  key: l3vpn-ipv4-unicast/prefix-limit/state/shutdown-threshold-pct
  uint_value: 0
  key: l3vpn-ipv4-unicast/prefix-limit/state/restart-timer
  str_value: 0.00
  key: __prefix__
  str_value: /network-instances/network-instance[name='master']/protocols/protocol/bgp/neighbors/neighbor[neighbor-address='183.91.0.164']/afi-safis/afi-safi[afi-safi-name='L3VPN_IPV4_MULTICAST']/
  key: graceful-restart/state/enabled
  bool_value: true
  key: graceful-restart/state/received
  bool_value: false
  key: graceful-restart/state/advertised
  bool_value: false
  key: state/afi-safi-name
  str_value: L3VPN_IPV4_MULTICAST
  key: state/enabled
  bool_value: true
  key: state/active
  bool_value: false
  key: state/prefixes/received
  uint_value: 0
  key: state/prefixes/sent
  uint_value: 0
  key: state/prefixes/installed
  uint_value: 0
  key: state/prefixes/accepted
  uint_value: 0
  key: state/prefix-limit-exceeded
  bool_value: false
  key: state/queues/input
  uint_value: 0
  key: state/queues/output
  uint_value: 0
  key: add-paths/state/receive
  bool_value: false
  key: add-paths/state/send
  bool_value: false
  key: add-paths/state/eligible-prefix-policy
  str_value: 
  key: l3vpn-ipv4-multicast/prefix-limit/state/max-prefixes
  uint_value: 0
  key: l3vpn-ipv4-multicast/prefix-limit/state/prevent-teardown
  bool_value: true
  key: l3vpn-ipv4-multicast/prefix-limit/state/shutdown-threshold-pct
  uint_value: 0
  key: l3vpn-ipv4-multicast/prefix-limit/state/restart-timer
  str_value: 0.00
  key: __prefix__
  str_value: /network-instances/network-instance[name='master']/protocols/protocol/bgp/neighbors/neighbor[neighbor-address='183.91.0.164']/afi-safis/afi-safi[afi-safi-name='L2VPN_VPLS']/
  key: graceful-restart/state/enabled
  bool_value: true
  key: graceful-restart/state/received
  bool_value: false
  key: graceful-restart/state/advertised
  bool_value: false
  key: state/afi-safi-name
  str_value: L2VPN_VPLS
  key: state/enabled
  bool_value: true
  key: state/active
  bool_value: false
  key: state/prefixes/received
  uint_value: 0
  key: state/prefixes/sent
  uint_value: 0
  key: state/prefixes/installed
  uint_value: 0
  key: state/prefixes/accepted
  uint_value: 0
  key: state/prefix-limit-exceeded
  bool_value: false
  key: state/queues/input
  uint_value: 0
  key: state/queues/output
  uint_value: 0
  key: add-paths/state/receive
  bool_value: false
  key: add-paths/state/send
  bool_value: false
  key: add-paths/state/eligible-prefix-policy
  str_value: 
  key: l2vpn-vpls/prefix-limit/state/max-prefixes
  uint_value: 0
  key: l2vpn-vpls/prefix-limit/state/prevent-teardown
  bool_value: true
  key: l2vpn-vpls/prefix-limit/state/shutdown-threshold-pct
  uint_value: 0
  key: l2vpn-vpls/prefix-limit/state/restart-timer
  str_value: 0.00
  key: __prefix__
  str_value: /network-instances/network-instance[name='master']/protocols/protocol/bgp/neighbors/neighbor[neighbor-address='183.91.0.164']/afi-safis/afi-safi[afi-safi-name='L3VPN_IPV6_UNICAST']/
  key: graceful-restart/state/enabled
  bool_value: true
  key: graceful-restart/state/received
  bool_value: false
  key: graceful-restart/state/advertised
  bool_value: false
  key: state/afi-safi-name
  str_value: L3VPN_IPV6_UNICAST
  key: state/enabled
  bool_value: true
  key: state/active
  bool_value: false
  key: state/prefixes/received
  uint_value: 0
  key: state/prefixes/sent
  uint_value: 0
  key: state/prefixes/installed
  uint_value: 0
  key: state/prefixes/accepted
  uint_value: 0
  key: state/prefix-limit-exceeded
  bool_value: false
  key: state/queues/input
  uint_value: 0
  key: state/queues/output
  uint_value: 0
  key: add-paths/state/receive
  bool_value: false
  key: add-paths/state/send
  bool_value: false
  key: add-paths/state/eligible-prefix-policy
  str_value: 
  key: l3vpn-ipv6-unicast/prefix-limit/state/max-prefixes
  uint_value: 0
  key: l3vpn-ipv6-unicast/prefix-limit/state/prevent-teardown
  bool_value: true
  key: l3vpn-ipv6-unicast/prefix-limit/state/shutdown-threshold-pct
  uint_value: 0
  key: l3vpn-ipv6-unicast/prefix-limit/state/restart-timer
  str_value: 0.00
  key: __prefix__
  str_value: /network-instances/network-instance[name='master']/protocols/protocol/bgp/neighbors/neighbor[neighbor-address='183.91.0.164']/
  key: graceful-restart/state/enabled
  bool_value: false
  key: graceful-restart/state/restart-time
  uint_value: 120
  key: graceful-restart/state/stale-routes-time
  str_value: 300.00
  key: graceful-restart/state/helper-only
  bool_value: true
  key: graceful-restart/state/peer-restarting
  bool_value: false
  key: graceful-restart/state/local-restarting
  bool_value: false
  key: graceful-restart/state/mode
  str_value: HELPER_ONLY
  key: apply-policy/state/import-policy
  leaf_list_value: element:<leaflist_str_value:"RX-FROM-HNI.RR03" > 
  key: apply-policy/state/export-policy
  leaf_list_value: element:<leaflist_str_value:"ADV-TO-HNI.RR03" > 
  key: __prefix__
  str_value: /network-instances/network-instance[name='master']/protocols/protocol/bgp/neighbors/neighbor[neighbor-address='183.91.0.166']/
  key: snmp-peer-index
  uint_value: 154
  key: state/peer-as
  uint_value: 45903
  key: state/local-as
  uint_value: 45903
  key: state/peer-type
  str_value: INTERNAL
  key: state/auth-password
  str_value: (null)
  key: state/route-flap-damping
  bool_value: false
  key: state/description
  str_value: (null)
  key: state/session-state
  str_value: ACTIVE
  key: state/last-established
  uint_value: 1694967381
  key: state/established-transitions
  uint_value: 0
  key: state/messages/sent/UPDATE
  uint_value: 0
  key: state/messages/sent/NOTIFICATION
  uint_value: 0
  key: state/messages/sent/last-notification-time
  uint_value: 0
  key: state/messages/sent/last-notification-error-subcode
  str_value: UNSPECIFIC
  key: state/messages/received/UPDATE
  uint_value: 0
  key: state/messages/received/NOTIFICATION
  uint_value: 0
  key: state/messages/received/last-notification-time
  uint_value: 0
  key: state/messages/received/last-notification-error-code
  str_value: NONE
  key: state/messages/received/last-notification-error-subcode
  str_value: UNSPECIFIC
  key: state/queues/input
  uint_value: 0
  key: state/queues/output
  uint_value: 0
  key: state/dynamically-configured
  bool_value: false
  key: state/session-status
  str_value: RUNNING
  key: state/session-admin-status
  str_value: START
  key: state/interface-error
  bool_value: false
  key: state/import-eval-pending
  bool_value: false
  key: state/import-eval
  bool_value: false
  key: state/peer-group
  str_value: RR-Private
  key: state/neighbor-address
  str_value: 183.91.0.166
  key: state/enabled
  bool_value: true
  key: timers/state/connect-retry
  str_value: 0.00
  key: timers/state/hold-time
  str_value: 90.00
  key: timers/state/keepalive-interval
  str_value: 30.00
  key: timers/state/minimum-advertisement-interval
  str_value: 0.00
  key: timers/state/negotiated-hold-time
  str_value: 0.00
  key: transport/state/tcp-mss
  uint_value: 0
  key: transport/state/mtu-discovery
  bool_value: false
  key: transport/state/passive-mode
  bool_value: false
  key: transport/state/local-address
  str_value: 183.91.0.171
  key: transport/state/local-port
  uint_value: 0
  key: transport/state/remote-address
  str_value: 183.91.0.166
  key: transport/state/remote-port
  uint_value: 0
  key: error-handling/state/treat-as-withdraw
  bool_value: true
  key: error-handling/state/erroneous-update-messages
  uint_value: 0
  key: logging-options/state/log-neighbor-state-changes
  bool_value: false
  key: ebgp-multihop/state/enabled
  bool_value: false
  key: ebgp-multihop/state/multihop-ttl
  uint_value: 0
  key: route-reflector/state/route-reflector-cluster-id
  str_value: zero-len
  key: route-reflector/state/route-reflector-client
  bool_value: false
  key: as-path-options/state/allow-own-as
  uint_value: 0
  key: as-path-options/state/replace-peer-as
  bool_value: false
  key: as-path-options/state/disable-peer-as-filter
  bool_value: false
  key: use-multiple-paths/state/enabled
  bool_value: false
  key: use-multiple-paths/ebgp/state/allow-multiple-as
  bool_value: false
  key: __prefix__
  str_value: /network-instances/network-instance[name='master']/protocols/protocol/bgp/neighbors/neighbor[neighbor-address='183.91.0.166']/afi-safis/afi-safi[afi-safi-name='L3VPN_IPV4_UNICAST']/
  key: graceful-restart/state/enabled
  bool_value: true
  key: graceful-restart/state/received
  bool_value: false
  key: graceful-restart/state/advertised
  bool_value: false
  key: state/afi-safi-name
  str_value: L3VPN_IPV4_UNICAST
  key: state/enabled
  bool_value: true
  key: state/active
  bool_value: false
  key: state/prefixes/received
  uint_value: 0
  key: state/prefixes/sent
  uint_value: 0
  key: state/prefixes/installed
  uint_value: 0
  key: state/prefixes/accepted
  uint_value: 0
  key: state/prefix-limit-exceeded
  bool_value: false
  key: state/queues/input
  uint_value: 0
  key: state/queues/output
  uint_value: 0
  key: add-paths/state/receive
  bool_value: false
  key: add-paths/state/send
  bool_value: false
  key: add-paths/state/eligible-prefix-policy
  str_value: 
  key: l3vpn-ipv4-unicast/prefix-limit/state/max-prefixes
  uint_value: 0
  key: l3vpn-ipv4-unicast/prefix-limit/state/prevent-teardown
  bool_value: true
  key: l3vpn-ipv4-unicast/prefix-limit/state/shutdown-threshold-pct
  uint_value: 0
  key: l3vpn-ipv4-unicast/prefix-limit/state/restart-timer
  str_value: 0.00
  key: __prefix__
  str_value: /network-instances/network-instance[name='master']/protocols/protocol/bgp/neighbors/neighbor[neighbor-address='183.91.0.166']/afi-safis/afi-safi[afi-safi-name='L3VPN_IPV4_MULTICAST']/
  key: graceful-restart/state/enabled
  bool_value: true
  key: graceful-restart/state/received
  bool_value: false
  key: graceful-restart/state/advertised
  bool_value: false
  key: state/afi-safi-name
  str_value: L3VPN_IPV4_MULTICAST
  key: state/enabled
  bool_value: true
  key: state/active
  bool_value: false
  key: state/prefixes/received
  uint_value: 0
  key: state/prefixes/sent
  uint_value: 0
  key: state/prefixes/installed
  uint_value: 0
  key: state/prefixes/accepted
  uint_value: 0
  key: state/prefix-limit-exceeded
  bool_value: false
  key: state/queues/input
  uint_value: 0
  key: state/queues/output
  uint_value: 0
  key: add-paths/state/receive
  bool_value: false
  key: add-paths/state/send
  bool_value: false
  key: add-paths/state/eligible-prefix-policy
  str_value: 
  key: l3vpn-ipv4-multicast/prefix-limit/state/max-prefixes
  uint_value: 0
  key: l3vpn-ipv4-multicast/prefix-limit/state/prevent-teardown
  bool_value: true
  key: l3vpn-ipv4-multicast/prefix-limit/state/shutdown-threshold-pct
  uint_value: 0
  key: l3vpn-ipv4-multicast/prefix-limit/state/restart-timer
  str_value: 0.00
  key: __prefix__
  str_value: /network-instances/network-instance[name='master']/protocols/protocol/bgp/neighbors/neighbor[neighbor-address='183.91.0.166']/afi-safis/afi-safi[afi-safi-name='L2VPN_VPLS']/
  key: graceful-restart/state/enabled
  bool_value: true
  key: graceful-restart/state/received
  bool_value: false
  key: graceful-restart/state/advertised
  bool_value: false
  key: state/afi-safi-name
  str_value: L2VPN_VPLS
  key: state/enabled
  bool_value: true
  key: state/active
  bool_value: false
  key: state/prefixes/received
  uint_value: 0
  key: state/prefixes/sent
  uint_value: 0
  key: state/prefixes/installed
  uint_value: 0
  key: state/prefixes/accepted
  uint_value: 0
  key: state/prefix-limit-exceeded
  bool_value: false
  key: state/queues/input
  uint_value: 0
  key: state/queues/output
  uint_value: 0
  key: add-paths/state/receive
  bool_value: false
  key: add-paths/state/send
  bool_value: false
  key: add-paths/state/eligible-prefix-policy
  str_value: 
  key: l2vpn-vpls/prefix-limit/state/max-prefixes
  uint_value: 0
  key: l2vpn-vpls/prefix-limit/state/prevent-teardown
  bool_value: true
  key: l2vpn-vpls/prefix-limit/state/shutdown-threshold-pct
  uint_value: 0
  key: l2vpn-vpls/prefix-limit/state/restart-timer
  str_value: 0.00
  key: __prefix__
  str_value: /network-instances/network-instance[name='master']/protocols/protocol/bgp/neighbors/neighbor[neighbor-address='183.91.0.166']/afi-safis/afi-safi[afi-safi-name='L3VPN_IPV6_UNICAST']/
  key: graceful-restart/state/enabled
  bool_value: true
  key: graceful-restart/state/received
  bool_value: false
  key: graceful-restart/state/advertised
  bool_value: false
  key: state/afi-safi-name
  str_value: L3VPN_IPV6_UNICAST
  key: state/enabled
  bool_value: true
  key: state/active
  bool_value: false
  key: state/prefixes/received
  uint_value: 0
  key: state/prefixes/sent
  uint_value: 0
  key: state/prefixes/installed
  uint_value: 0
  key: state/prefixes/accepted
  uint_value: 0
  key: state/prefix-limit-exceeded
  bool_value: false
  key: state/queues/input
  uint_value: 0
  key: state/queues/output
  uint_value: 0
  key: add-paths/state/receive
  bool_value: false
  key: add-paths/state/send
  bool_value: false
  key: add-paths/state/eligible-prefix-policy
  str_value: 
  key: l3vpn-ipv6-unicast/prefix-limit/state/max-prefixes
  uint_value: 0
  key: l3vpn-ipv6-unicast/prefix-limit/state/prevent-teardown
  bool_value: true
  key: l3vpn-ipv6-unicast/prefix-limit/state/shutdown-threshold-pct
  uint_value: 0
  key: l3vpn-ipv6-unicast/prefix-limit/state/restart-timer
  str_value: 0.00
system_id: SGP001IGR04
component_id: 65535
sub_component_id: 0
path: sensor_1004:/network-instances/network-instance/protocols/protocol/bgp/neighbors/neighbor/:/network-instances/network-instance/protocols/protocol/bgp/neighbors/neighbor/:rpd
sequence_number: 12
timestamp: 1695289071170
sync_response: false
  key: __timestamp__
  uint_value: 1695289071171
  key: __junos_re_stream_creation_timestamp__
  uint_value: 1695289069611
  key: __junos_re_payload_get_timestamp__
  uint_value: 1695289071131
  key: __prefix__
  str_value: /network-instances/network-instance[name='master']/protocols/protocol/bgp/neighbors/neighbor[neighbor-address='183.91.0.166']/
  key: graceful-restart/state/enabled
  bool_value: false
  key: graceful-restart/state/restart-time
  uint_value: 120
  key: graceful-restart/state/stale-routes-time
  str_value: 300.00
  key: graceful-restart/state/helper-only
  bool_value: true
  key: graceful-restart/state/peer-restarting
  bool_value: false
  key: graceful-restart/state/local-restarting
  bool_value: false
  key: graceful-restart/state/mode
  str_value: HELPER_ONLY
  key: apply-policy/state/import-policy
  leaf_list_value: element:<leaflist_str_value:"RX-FROM-HNI-vRR-PRIVATE" > 
  key: apply-policy/state/export-policy
  leaf_list_value: element:<leaflist_str_value:"ADV-TO-HNI-vRR-PRIVATE" > 
  key: __prefix__
  str_value: /network-instances/network-instance[name='master']/protocols/protocol/bgp/neighbors/neighbor[neighbor-address='183.91.0.172']/
  key: snmp-peer-index
  uint_value: 151
  key: state/peer-as
  uint_value: 45903
  key: state/local-as
  uint_value: 45903
  key: state/peer-type
  str_value: INTERNAL
  key: state/auth-password
  str_value: (null)
  key: state/route-flap-damping
  bool_value: false
  key: state/description
  str_value: (null)
  key: state/session-state
  str_value: ACTIVE
  key: state/last-established
  uint_value: 1694967381
  key: state/established-transitions
  uint_value: 0
  key: state/messages/sent/UPDATE
  uint_value: 0
  key: state/messages/sent/NOTIFICATION
  uint_value: 0
  key: state/messages/sent/last-notification-time
  uint_value: 0
  key: state/messages/sent/last-notification-error-subcode
  str_value: UNSPECIFIC
  key: state/messages/received/UPDATE
  uint_value: 0
  key: state/messages/received/NOTIFICATION
  uint_value: 0
  key: state/messages/received/last-notification-time
  uint_value: 0
  key: state/messages/received/last-notification-error-code
  str_value: NONE
  key: state/messages/received/last-notification-error-subcode
  str_value: UNSPECIFIC
  key: state/queues/input
  uint_value: 0
  key: state/queues/output
  uint_value: 0
  key: state/dynamically-configured
  bool_value: false
  key: state/session-status
  str_value: RUNNING
  key: state/session-admin-status
  str_value: START
  key: state/interface-error
  bool_value: false
  key: state/import-eval-pending
  bool_value: false
  key: state/import-eval
  bool_value: false
  key: state/peer-group
  str_value: RR-Public
  key: state/neighbor-address
  str_value: 183.91.0.172
  key: state/enabled
  bool_value: true
  key: timers/state/connect-retry
  str_value: 0.00
  key: timers/state/hold-time
  str_value: 90.00
  key: timers/state/keepalive-interval
  str_value: 30.00
  key: timers/state/minimum-advertisement-interval
  str_value: 0.00
  key: timers/state/negotiated-hold-time
  str_value: 0.00
  key: transport/state/tcp-mss
  uint_value: 0
  key: transport/state/mtu-discovery
  bool_value: false
  key: transport/state/passive-mode
  bool_value: false
  key: transport/state/local-address
  str_value: 183.91.0.171
  key: transport/state/local-port
  uint_value: 0
  key: transport/state/remote-address
  str_value: 183.91.0.172
  key: transport/state/remote-port
  uint_value: 0
  key: error-handling/state/treat-as-withdraw
  bool_value: true
  key: error-handling/state/erroneous-update-messages
  uint_value: 0
  key: logging-options/state/log-neighbor-state-changes
  bool_value: false
  key: ebgp-multihop/state/enabled
  bool_value: false
  key: ebgp-multihop/state/multihop-ttl
  uint_value: 0
  key: route-reflector/state/route-reflector-cluster-id
  str_value: zero-len
  key: route-reflector/state/route-reflector-client
  bool_value: false
  key: as-path-options/state/allow-own-as
  uint_value: 0
  key: as-path-options/state/replace-peer-as
  bool_value: false
  key: as-path-options/state/disable-peer-as-filter
  bool_value: false
  key: use-multiple-paths/state/enabled
  bool_value: false
  key: use-multiple-paths/ebgp/state/allow-multiple-as
  bool_value: false
  key: __prefix__
  str_value: /network-instances/network-instance[name='master']/protocols/protocol/bgp/neighbors/neighbor[neighbor-address='183.91.0.172']/afi-safis/afi-safi[afi-safi-name='IPV4_UNICAST']/
  key: graceful-restart/state/enabled
  bool_value: true
  key: graceful-restart/state/received
  bool_value: false
  key: graceful-restart/state/advertised
  bool_value: false
  key: state/afi-safi-name
  str_value: IPV4_UNICAST
  key: state/enabled
  bool_value: true
  key: state/active
  bool_value: false
  key: state/prefixes/received
  uint_value: 0
  key: state/prefixes/sent
  uint_value: 0
  key: state/prefixes/installed
  uint_value: 0
  key: state/prefixes/accepted
  uint_value: 0
  key: state/prefix-limit-exceeded
  bool_value: false
  key: state/queues/input
  uint_value: 0
  key: state/queues/output
  uint_value: 0
  key: add-paths/state/receive
  bool_value: false
  key: add-paths/state/send
  bool_value: false
  key: add-paths/state/eligible-prefix-policy
  str_value: 
  key: ipv4-unicast/prefix-limit/state/max-prefixes
  uint_value: 0
  key: ipv4-unicast/prefix-limit/state/prevent-teardown
  bool_value: true
  key: ipv4-unicast/prefix-limit/state/shutdown-threshold-pct
  uint_value: 0
  key: ipv4-unicast/prefix-limit/state/restart-timer
  str_value: 0.00
  key: __prefix__
  str_value: /network-instances/network-instance[name='master']/protocols/protocol/bgp/neighbors/neighbor[neighbor-address='183.91.0.172']/afi-safis/afi-safi[afi-safi-name='IPV6_LABELED_UNICAST']/
  key: graceful-restart/state/enabled
  bool_value: true
  key: graceful-restart/state/received
  bool_value: false
  key: graceful-restart/state/advertised
  bool_value: false
  key: state/afi-safi-name
  str_value: IPV6_LABELED_UNICAST
  key: state/enabled
  bool_value: true
  key: state/active
  bool_value: false
  key: state/prefixes/received
  uint_value: 0
  key: state/prefixes/sent
  uint_value: 0
  key: state/prefixes/installed
  uint_value: 0
  key: state/prefixes/accepted
  uint_value: 0
  key: state/prefix-limit-exceeded
  bool_value: false
  key: state/queues/input
  uint_value: 0
  key: state/queues/output
  uint_value: 0
  key: add-paths/state/receive
  bool_value: false
  key: add-paths/state/send
  bool_value: false
  key: add-paths/state/eligible-prefix-policy
  str_value: 
  key: ipv6-labeled-unicast/prefix-limit/state/max-prefixes
  uint_value: 0
  key: ipv6-labeled-unicast/prefix-limit/state/prevent-teardown
  bool_value: true
  key: ipv6-labeled-unicast/prefix-limit/state/shutdown-threshold-pct
  uint_value: 0
  key: ipv6-labeled-unicast/prefix-limit/state/restart-timer
  str_value: 0.00
  key: __prefix__
  str_value: /network-instances/network-instance[name='master']/protocols/protocol/bgp/neighbors/neighbor[neighbor-address='183.91.0.172']/
  key: graceful-restart/state/enabled
  bool_value: false
  key: graceful-restart/state/restart-time
  uint_value: 120
  key: graceful-restart/state/stale-routes-time
  str_value: 300.00
  key: graceful-restart/state/helper-only
  bool_value: true
  key: graceful-restart/state/peer-restarting
  bool_value: false
  key: graceful-restart/state/local-restarting
  bool_value: false
  key: graceful-restart/state/mode
  str_value: HELPER_ONLY
  key: apply-policy/state/import-policy
  leaf_list_value: element:<leaflist_str_value:"RX-FROM-HNI-VRR-PUBLIC" > 
  key: apply-policy/state/export-policy
  leaf_list_value: element:<leaflist_str_value:"ADV-HNI-VRR-PUBLIC" > 
  key: __prefix__
  str_value: /network-instances/network-instance[name='master']/protocols/protocol/bgp/neighbors/neighbor[neighbor-address='203.171.27.50']/
  key: snmp-peer-index
  uint_value: 279
  key: state/peer-as
  uint_value: 45903
  key: state/local-as
  uint_value: 45903
  key: state/peer-type
  str_value: INTERNAL
  key: state/auth-password
  str_value: (null)
  key: state/route-flap-damping
  bool_value: false
  key: state/description
  str_value: (null)
  key: state/session-state
  str_value: ACTIVE
  key: state/last-established
  uint_value: 1694967381
  key: state/established-transitions
  uint_value: 0
  key: state/messages/sent/UPDATE
  uint_value: 0
  key: state/messages/sent/NOTIFICATION
  uint_value: 0
  key: state/messages/sent/last-notification-time
  uint_value: 0
  key: state/messages/sent/last-notification-error-subcode
  str_value: UNSPECIFIC
  key: state/messages/received/UPDATE
  uint_value: 0
  key: state/messages/received/NOTIFICATION
  uint_value: 0
  key: state/messages/received/last-notification-time
  uint_value: 0
  key: state/messages/received/last-notification-error-code
  str_value: NONE
  key: state/messages/received/last-notification-error-subcode
  str_value: UNSPECIFIC
  key: state/queues/input
  uint_value: 0
  key: state/queues/output
  uint_value: 0
  key: state/dynamically-configured
  bool_value: false
  key: state/session-status
  str_value: RUNNING
  key: state/session-admin-status
  str_value: START
  key: state/interface-error
  bool_value: false
  key: state/import-eval-pending
  bool_value: false
  key: state/import-eval
  bool_value: false
  key: state/peer-group
  str_value: FLOWSPEC
  key: state/neighbor-address
  str_value: 203.171.27.50
  key: state/enabled
  bool_value: true
  key: timers/state/connect-retry
  str_value: 0.00
  key: timers/state/hold-time
  str_value: 90.00
  key: timers/state/keepalive-interval
  str_value: 30.00
  key: timers/state/minimum-advertisement-interval
  str_value: 0.00
  key: timers/state/negotiated-hold-time
  str_value: 0.00
  key: transport/state/tcp-mss
  uint_value: 0
  key: transport/state/mtu-discovery
  bool_value: false
  key: transport/state/passive-mode
  bool_value: false
  key: transport/state/local-address
  str_value: 183.91.0.171
  key: transport/state/local-port
  uint_value: 0
  key: transport/state/remote-address
  str_value: 203.171.27.50
  key: transport/state/remote-port
  uint_value: 0
  key: error-handling/state/treat-as-withdraw
  bool_value: true
  key: error-handling/state/erroneous-update-messages
  uint_value: 0
  key: logging-options/state/log-neighbor-state-changes
  bool_value: false
  key: ebgp-multihop/state/enabled
  bool_value: false
  key: ebgp-multihop/state/multihop-ttl
  uint_value: 0
  key: route-reflector/state/route-reflector-cluster-id
  str_value: zero-len
  key: route-reflector/state/route-reflector-client
  bool_value: false
  key: as-path-options/state/allow-own-as
  uint_value: 0
  key: as-path-options/state/replace-peer-as
  bool_value: false
  key: as-path-options/state/disable-peer-as-filter
  bool_value: false
  key: use-multiple-paths/state/enabled
  bool_value: false
  key: use-multiple-paths/ebgp/state/allow-multiple-as
  bool_value: false
  key: __prefix__
  str_value: /network-instances/network-instance[name='master']/protocols/protocol/bgp/neighbors/neighbor[neighbor-address='203.171.27.50']/afi-safis/afi-safi[afi-safi-name='IPV4_FLOW']/
  key: graceful-restart/state/enabled
  bool_value: true
  key: graceful-restart/state/received
  bool_value: false
  key: graceful-restart/state/advertised
  bool_value: false
  key: state/afi-safi-name
  str_value: IPV4_FLOW
  key: state/enabled
  bool_value: true
  key: state/active
  bool_value: false
  key: state/prefixes/received
  uint_value: 0
  key: state/prefixes/sent
  uint_value: 0
  key: state/prefixes/installed
  uint_value: 0
  key: state/prefixes/accepted
  uint_value: 0
  key: state/prefix-limit-exceeded
  bool_value: false
  key: state/queues/input
  uint_value: 0
  key: state/queues/output
  uint_value: 0
  key: add-paths/state/receive
  bool_value: false
  key: add-paths/state/send
  bool_value: false
  key: add-paths/state/eligible-prefix-policy
  str_value: 
  key: __prefix__
  str_value: /network-instances/network-instance[name='master']/protocols/protocol/bgp/neighbors/neighbor[neighbor-address='203.171.27.50']/
  key: graceful-restart/state/enabled
  bool_value: false
  key: graceful-restart/state/restart-time
  uint_value: 120
  key: graceful-restart/state/stale-routes-time
  str_value: 300.00
  key: graceful-restart/state/helper-only
  bool_value: true
  key: graceful-restart/state/peer-restarting
  bool_value: false
  key: graceful-restart/state/local-restarting
  bool_value: false
  key: graceful-restart/state/mode
  str_value: HELPER_ONLY
  key: apply-policy/state/export-policy
  leaf_list_value: element:<leaflist_str_value:"ADV-TO-FLOWMON" > 
  key: __prefix__
  str_value: /network-instances/network-instance[name='master']/protocols/protocol/bgp/neighbors/neighbor[neighbor-address='203.205.21.73']/
  key: snmp-peer-index
  uint_value: 278
  key: state/peer-as
  uint_value: 45903
  key: state/local-as
  uint_value: 45903
  key: state/peer-type
  str_value: INTERNAL
  key: state/auth-password
  str_value: (null)
  key: state/route-flap-damping
  bool_value: false
  key: state/description
  str_value: (null)
  key: state/session-state
  str_value: ACTIVE
  key: state/last-established
  uint_value: 1694967381
  key: state/established-transitions
  uint_value: 0
  key: state/messages/sent/UPDATE
  uint_value: 0
  key: state/messages/sent/NOTIFICATION
  uint_value: 0
  key: state/messages/sent/last-notification-time
  uint_value: 0
  key: state/messages/sent/last-notification-error-subcode
  str_value: UNSPECIFIC
  key: state/messages/received/UPDATE
  uint_value: 0
  key: state/messages/received/NOTIFICATION
  uint_value: 0
  key: state/messages/received/last-notification-time
  uint_value: 0
  key: state/messages/received/last-notification-error-code
  str_value: NONE
  key: state/messages/received/last-notification-error-subcode
  str_value: UNSPECIFIC
  key: state/queues/input
  uint_value: 0
  key: state/queues/output
  uint_value: 0
  key: state/dynamically-configured
  bool_value: false
  key: state/session-status
  str_value: RUNNING
  key: state/session-admin-status
  str_value: START
  key: state/interface-error
  bool_value: false
  key: state/import-eval-pending
  bool_value: false
  key: state/import-eval
  bool_value: false
  key: state/peer-group
  str_value: FLOWSPEC
  key: state/neighbor-address
  str_value: 203.205.21.73
  key: state/enabled
  bool_value: true
  key: timers/state/connect-retry
  str_value: 0.00
  key: timers/state/hold-time
  str_value: 90.00
  key: timers/state/keepalive-interval
  str_value: 30.00
  key: timers/state/minimum-advertisement-interval
  str_value: 0.00
  key: timers/state/negotiated-hold-time
  str_value: 0.00
  key: transport/state/tcp-mss
  uint_value: 0
  key: transport/state/mtu-discovery
  bool_value: false
  key: transport/state/passive-mode
  bool_value: false
  key: transport/state/local-address
  str_value: 183.91.0.171
  key: transport/state/local-port
  uint_value: 0
  key: transport/state/remote-address
  str_value: 203.205.21.73
  key: transport/state/remote-port
  uint_value: 0
  key: error-handling/state/treat-as-withdraw
  bool_value: true
  key: error-handling/state/erroneous-update-messages
  uint_value: 0
  key: logging-options/state/log-neighbor-state-changes
  bool_value: false
  key: ebgp-multihop/state/enabled
  bool_value: false
  key: ebgp-multihop/state/multihop-ttl
  uint_value: 0
  key: route-reflector/state/route-reflector-cluster-id
  str_value: zero-len
  key: route-reflector/state/route-reflector-client
  bool_value: false
  key: as-path-options/state/allow-own-as
  uint_value: 0
  key: as-path-options/state/replace-peer-as
  bool_value: false
  key: as-path-options/state/disable-peer-as-filter
  bool_value: false
  key: use-multiple-paths/state/enabled
  bool_value: false
  key: use-multiple-paths/ebgp/state/allow-multiple-as
  bool_value: false
  key: __prefix__
  str_value: /network-instances/network-instance[name='master']/protocols/protocol/bgp/neighbors/neighbor[neighbor-address='203.205.21.73']/afi-safis/afi-safi[afi-safi-name='IPV4_FLOW']/
  key: graceful-restart/state/enabled
  bool_value: true
  key: graceful-restart/state/received
  bool_value: false
  key: graceful-restart/state/advertised
  bool_value: false
  key: state/afi-safi-name
  str_value: IPV4_FLOW
  key: state/enabled
  bool_value: true
  key: state/active
  bool_value: false
  key: state/prefixes/received
  uint_value: 0
  key: state/prefixes/sent
  uint_value: 0
  key: state/prefixes/installed
  uint_value: 0
  key: state/prefixes/accepted
  uint_value: 0
  key: state/prefix-limit-exceeded
  bool_value: false
  key: state/queues/input
  uint_value: 0
  key: state/queues/output
  uint_value: 0
  key: add-paths/state/receive
  bool_value: false
  key: add-paths/state/send
  bool_value: false
  key: add-paths/state/eligible-prefix-policy
  str_value: 
  key: __prefix__
  str_value: /network-instances/network-instance[name='master']/protocols/protocol/bgp/neighbors/neighbor[neighbor-address='203.205.21.73']/
  key: graceful-restart/state/enabled
  bool_value: false
  key: graceful-restart/state/restart-time
  uint_value: 120
  key: graceful-restart/state/stale-routes-time
  str_value: 300.00
  key: graceful-restart/state/helper-only
  bool_value: true
  key: graceful-restart/state/peer-restarting
  bool_value: false
  key: graceful-restart/state/local-restarting
  bool_value: false
  key: graceful-restart/state/mode
  str_value: HELPER_ONLY
  key: apply-policy/state/export-policy
  leaf_list_value: element:<leaflist_str_value:"ADV-TO-FLOWMON" > 
  key: __prefix__
  str_value: /network-instances/network-instance[name='master']/protocols/protocol/bgp/neighbors/neighbor[neighbor-address='203.205.56.12']/
  key: snmp-peer-index
  uint_value: 150
  key: state/peer-as
  uint_value: 45903
  key: state/local-as
  uint_value: 45903
  key: state/peer-type
  str_value: INTERNAL
  key: state/auth-password
  str_value: (null)
  key: state/route-flap-damping
  bool_value: false
  key: state/description
  str_value: (null)
  key: state/session-state
  str_value: ACTIVE
  key: state/last-established
  uint_value: 1694967381
  key: state/established-transitions
  uint_value: 0
  key: state/messages/sent/UPDATE
  uint_value: 0
  key: state/messages/sent/NOTIFICATION
  uint_value: 0
  key: state/messages/sent/last-notification-time
  uint_value: 0
  key: state/messages/sent/last-notification-error-subcode
  str_value: UNSPECIFIC
  key: state/messages/received/UPDATE
  uint_value: 0
  key: state/messages/received/NOTIFICATION
  uint_value: 0
  key: state/messages/received/last-notification-time
  uint_value: 0
  key: state/messages/received/last-notification-error-code
  str_value: NONE
  key: state/messages/received/last-notification-error-subcode
  str_value: UNSPECIFIC
  key: state/queues/input
  uint_value: 0
  key: state/queues/output
  uint_value: 0
  key: state/dynamically-configured
  bool_value: false
  key: state/session-status
  str_value: RUNNING
  key: state/session-admin-status
  str_value: START
  key: state/interface-error
  bool_value: false
  key: state/import-eval-pending
  bool_value: false
  key: state/import-eval
  bool_value: false
  key: state/peer-group
  str_value: RR-Public
  key: state/neighbor-address
  str_value: 203.205.56.12
  key: state/enabled
  bool_value: true
  key: timers/state/connect-retry
  str_value: 0.00
  key: timers/state/hold-time
  str_value: 90.00
  key: timers/state/keepalive-interval
  str_value: 30.00
  key: timers/state/minimum-advertisement-interval
  str_value: 0.00
  key: timers/state/negotiated-hold-time
  str_value: 0.00
  key: transport/state/tcp-mss
  uint_value: 0
  key: transport/state/mtu-discovery
  bool_value: false
  key: transport/state/passive-mode
  bool_value: false
  key: transport/state/local-address
  str_value: 183.91.0.171
  key: transport/state/local-port
  uint_value: 0
  key: transport/state/remote-address
  str_value: 203.205.56.12
  key: transport/state/remote-port
  uint_value: 0
  key: error-handling/state/treat-as-withdraw
  bool_value: true
  key: error-handling/state/erroneous-update-messages
  uint_value: 0
  key: logging-options/state/log-neighbor-state-changes
  bool_value: false
  key: ebgp-multihop/state/enabled
  bool_value: false
  key: ebgp-multihop/state/multihop-ttl
  uint_value: 0
  key: route-reflector/state/route-reflector-cluster-id
  str_value: zero-len
  key: route-reflector/state/route-reflector-client
  bool_value: false
  key: as-path-options/state/allow-own-as
  uint_value: 0
  key: as-path-options/state/replace-peer-as
  bool_value: false
  key: as-path-options/state/disable-peer-as-filter
  bool_value: false
  key: use-multiple-paths/state/enabled
  bool_value: false
  key: use-multiple-paths/ebgp/state/allow-multiple-as
  bool_value: false
  key: __prefix__
  str_value: /network-instances/network-instance[name='master']/protocols/protocol/bgp/neighbors/neighbor[neighbor-address='203.205.56.12']/afi-safis/afi-safi[afi-safi-name='IPV4_UNICAST']/
  key: graceful-restart/state/enabled
  bool_value: true
  key: graceful-restart/state/received
  bool_value: false
  key: graceful-restart/state/advertised
  bool_value: false
  key: state/afi-safi-name
  str_value: IPV4_UNICAST
  key: state/enabled
  bool_value: true
  key: state/active
  bool_value: false
  key: state/prefixes/received
  uint_value: 0
  key: state/prefixes/sent
  uint_value: 0
  key: state/prefixes/installed
  uint_value: 0
  key: state/prefixes/accepted
  uint_value: 0
  key: state/prefix-limit-exceeded
  bool_value: false
  key: state/queues/input
  uint_value: 0
  key: state/queues/output
  uint_value: 0
  key: add-paths/state/receive
  bool_value: false
  key: add-paths/state/send
  bool_value: false
  key: add-paths/state/eligible-prefix-policy
  str_value: 
  key: ipv4-unicast/prefix-limit/state/max-prefixes
  uint_value: 0
  key: ipv4-unicast/prefix-limit/state/prevent-teardown
  bool_value: true
  key: ipv4-unicast/prefix-limit/state/shutdown-threshold-pct
  uint_value: 0
  key: ipv4-unicast/prefix-limit/state/restart-timer
  str_value: 0.00
  key: __prefix__
  str_value: /network-instances/network-instance[name='master']/protocols/protocol/bgp/neighbors/neighbor[neighbor-address='203.205.56.12']/afi-safis/afi-safi[afi-safi-name='IPV6_LABELED_UNICAST']/
  key: graceful-restart/state/enabled
  bool_value: true
  key: graceful-restart/state/received
  bool_value: false
  key: graceful-restart/state/advertised
  bool_value: false
  key: state/afi-safi-name
  str_value: IPV6_LABELED_UNICAST
  key: state/enabled
  bool_value: true
  key: state/active
  bool_value: false
  key: state/prefixes/received
  uint_value: 0
  key: state/prefixes/sent
  uint_value: 0
  key: state/prefixes/installed
  uint_value: 0
  key: state/prefixes/accepted
  uint_value: 0
  key: state/prefix-limit-exceeded
  bool_value: false
  key: state/queues/input
  uint_value: 0
  key: state/queues/output
  uint_value: 0
  key: add-paths/state/receive
  bool_value: false
  key: add-paths/state/send
  bool_value: false
  key: add-paths/state/eligible-prefix-policy
  str_value: 
  key: ipv6-labeled-unicast/prefix-limit/state/max-prefixes
  uint_value: 0
  key: ipv6-labeled-unicast/prefix-limit/state/prevent-teardown
  bool_value: true
  key: ipv6-labeled-unicast/prefix-limit/state/shutdown-threshold-pct
  uint_value: 0
  key: ipv6-labeled-unicast/prefix-limit/state/restart-timer
  str_value: 0.00
  key: __prefix__
  str_value: /network-instances/network-instance[name='master']/protocols/protocol/bgp/neighbors/neighbor[neighbor-address='203.205.56.12']/
  key: graceful-restart/state/enabled
  bool_value: false
  key: graceful-restart/state/restart-time
  uint_value: 120
  key: graceful-restart/state/stale-routes-time
  str_value: 300.00
  key: graceful-restart/state/helper-only
  bool_value: true
  key: graceful-restart/state/peer-restarting
  bool_value: false
  key: graceful-restart/state/local-restarting
  bool_value: false
  key: graceful-restart/state/mode
  str_value: HELPER_ONLY
  key: apply-policy/state/import-policy
  leaf_list_value: element:<leaflist_str_value:"RX-FROM-HCM-RR02" > 
  key: apply-policy/state/export-policy
  leaf_list_value: element:<leaflist_str_value:"ADV-TO-HCM-RR02" > 
  key: __prefix__
  str_value: /network-instances/network-instance[name='master']/protocols/protocol/bgp/neighbors/neighbor[neighbor-address='203.205.56.18']/
  key: snmp-peer-index
  uint_value: 153
  key: state/peer-as
  uint_value: 45903
  key: state/local-as
  uint_value: 45903
  key: state/peer-type
  str_value: INTERNAL
  key: state/auth-password
  str_value: (null)
  key: state/route-flap-damping
  bool_value: false
  key: state/description
  str_value: (null)
  key: state/session-state
  str_value: ACTIVE
  key: state/last-established
  uint_value: 1694967381
  key: state/established-transitions
  uint_value: 0
  key: state/messages/sent/UPDATE
  uint_value: 0
  key: state/messages/sent/NOTIFICATION
  uint_value: 0
  key: state/messages/sent/last-notification-time
  uint_value: 0
  key: state/messages/sent/last-notification-error-subcode
  str_value: UNSPECIFIC
  key: state/messages/received/UPDATE
  uint_value: 0
  key: state/messages/received/NOTIFICATION
  uint_value: 0
  key: state/messages/received/last-notification-time
  uint_value: 0
  key: state/messages/received/last-notification-error-code
  str_value: NONE
  key: state/messages/received/last-notification-error-subcode
  str_value: UNSPECIFIC
  key: state/queues/input
  uint_value: 0
  key: state/queues/output
  uint_value: 0
  key: state/dynamically-configured
  bool_value: false
  key: state/session-status
  str_value: RUNNING
  key: state/session-admin-status
  str_value: START
  key: state/interface-error
  bool_value: false
  key: state/import-eval-pending
  bool_value: false
  key: state/import-eval
  bool_value: false
  key: state/peer-group
  str_value: RR-Private
  key: state/neighbor-address
  str_value: 203.205.56.18
  key: state/enabled
  bool_value: true
  key: timers/state/connect-retry
  str_value: 0.00
  key: timers/state/hold-time
  str_value: 90.00
  key: timers/state/keepalive-interval
  str_value: 30.00
  key: timers/state/minimum-advertisement-interval
  str_value: 0.00
  key: timers/state/negotiated-hold-time
  str_value: 0.00
  key: transport/state/tcp-mss
  uint_value: 0
  key: transport/state/mtu-discovery
  bool_value: false
  key: transport/state/passive-mode
  bool_value: false
  key: transport/state/local-address
  str_value: 183.91.0.171
  key: transport/state/local-port
  uint_value: 0
  key: transport/state/remote-address
  str_value: 203.205.56.18
  key: transport/state/remote-port
  uint_value: 0
  key: error-handling/state/treat-as-withdraw
  bool_value: true
  key: error-handling/state/erroneous-update-messages
  uint_value: 0
  key: logging-options/state/log-neighbor-state-changes
  bool_value: false
  key: ebgp-multihop/state/enabled
  bool_value: false
  key: ebgp-multihop/state/multihop-ttl
  uint_value: 0
  key: route-reflector/state/route-reflector-cluster-id
  str_value: zero-len
  key: route-reflector/state/route-reflector-client
  bool_value: false
  key: as-path-options/state/allow-own-as
  uint_value: 0
  key: as-path-options/state/replace-peer-as
  bool_value: false
  key: as-path-options/state/disable-peer-as-filter
  bool_value: false
  key: use-multiple-paths/state/enabled
  bool_value: false
  key: use-multiple-paths/ebgp/state/allow-multiple-as
  bool_value: false
  key: __prefix__
  str_value: /network-instances/network-instance[name='master']/protocols/protocol/bgp/neighbors/neighbor[neighbor-address='203.205.56.18']/afi-safis/afi-safi[afi-safi-name='L3VPN_IPV4_UNICAST']/
  key: graceful-restart/state/enabled
  bool_value: true
  key: graceful-restart/state/received
  bool_value: false
  key: graceful-restart/state/advertised
  bool_value: false
  key: state/afi-safi-name
  str_value: L3VPN_IPV4_UNICAST
  key: state/enabled
  bool_value: true
  key: state/active
  bool_value: false
  key: state/prefixes/received
  uint_value: 0
  key: state/prefixes/sent
  uint_value: 0
  key: state/prefixes/installed
  uint_value: 0
  key: state/prefixes/accepted
  uint_value: 0
  key: state/prefix-limit-exceeded
  bool_value: false
  key: state/queues/input
  uint_value: 0
  key: state/queues/output
  uint_value: 0
  key: add-paths/state/receive
  bool_value: false
  key: add-paths/state/send
  bool_value: false
  key: add-paths/state/eligible-prefix-policy
  str_value: 
  key: l3vpn-ipv4-unicast/prefix-limit/state/max-prefixes
  uint_value: 0
  key: l3vpn-ipv4-unicast/prefix-limit/state/prevent-teardown
  bool_value: true
  key: l3vpn-ipv4-unicast/prefix-limit/state/shutdown-threshold-pct
  uint_value: 0
  key: l3vpn-ipv4-unicast/prefix-limit/state/restart-timer
  str_value: 0.00
system_id: SGP001IGR04
component_id: 65535
sub_component_id: 0
path: sensor_1004:/network-instances/network-instance/protocols/protocol/bgp/neighbors/neighbor/:/network-instances/network-instance/protocols/protocol/bgp/neighbors/neighbor/:rpd
sequence_number: 13
timestamp: 1695289071306
sync_response: false
  key: __timestamp__
  uint_value: 1695289071307
  key: __junos_re_stream_creation_timestamp__
  uint_value: 1695289069611
  key: __junos_re_payload_get_timestamp__
  uint_value: 1695289071267
  key: __prefix__
  str_value: /network-instances/network-instance[name='master']/protocols/protocol/bgp/neighbors/neighbor[neighbor-address='203.205.56.18']/afi-safis/afi-safi[afi-safi-name='L3VPN_IPV4_MULTICAST']/
  key: graceful-restart/state/enabled
  bool_value: true
  key: graceful-restart/state/received
  bool_value: false
  key: graceful-restart/state/advertised
  bool_value: false
  key: state/afi-safi-name
  str_value: L3VPN_IPV4_MULTICAST
  key: state/enabled
  bool_value: true
  key: state/active
  bool_value: false
  key: state/prefixes/received
  uint_value: 0
  key: state/prefixes/sent
  uint_value: 0
  key: state/prefixes/installed
  uint_value: 0
  key: state/prefixes/accepted
  uint_value: 0
  key: state/prefix-limit-exceeded
  bool_value: false
  key: state/queues/input
  uint_value: 0
  key: state/queues/output
  uint_value: 0
  key: add-paths/state/receive
  bool_value: false
  key: add-paths/state/send
  bool_value: false
  key: add-paths/state/eligible-prefix-policy
  str_value: 
  key: l3vpn-ipv4-multicast/prefix-limit/state/max-prefixes
  uint_value: 0
  key: l3vpn-ipv4-multicast/prefix-limit/state/prevent-teardown
  bool_value: true
  key: l3vpn-ipv4-multicast/prefix-limit/state/shutdown-threshold-pct
  uint_value: 0
  key: l3vpn-ipv4-multicast/prefix-limit/state/restart-timer
  str_value: 0.00
  key: __prefix__
  str_value: /network-instances/network-instance[name='master']/protocols/protocol/bgp/neighbors/neighbor[neighbor-address='203.205.56.18']/afi-safis/afi-safi[afi-safi-name='L2VPN_VPLS']/
  key: graceful-restart/state/enabled
  bool_value: true
  key: graceful-restart/state/received
  bool_value: false
  key: graceful-restart/state/advertised
  bool_value: false
  key: state/afi-safi-name
  str_value: L2VPN_VPLS
  key: state/enabled
  bool_value: true
  key: state/active
  bool_value: false
  key: state/prefixes/received
  uint_value: 0
  key: state/prefixes/sent
  uint_value: 0
  key: state/prefixes/installed
  uint_value: 0
  key: state/prefixes/accepted
  uint_value: 0
  key: state/prefix-limit-exceeded
  bool_value: false
  key: state/queues/input
  uint_value: 0
  key: state/queues/output
  uint_value: 0
  key: add-paths/state/receive
  bool_value: false
  key: add-paths/state/send
  bool_value: false
  key: add-paths/state/eligible-prefix-policy
  str_value: 
  key: l2vpn-vpls/prefix-limit/state/max-prefixes
  uint_value: 0
  key: l2vpn-vpls/prefix-limit/state/prevent-teardown
  bool_value: true
  key: l2vpn-vpls/prefix-limit/state/shutdown-threshold-pct
  uint_value: 0
  key: l2vpn-vpls/prefix-limit/state/restart-timer
  str_value: 0.00
  key: __prefix__
  str_value: /network-instances/network-instance[name='master']/protocols/protocol/bgp/neighbors/neighbor[neighbor-address='203.205.56.18']/afi-safis/afi-safi[afi-safi-name='L3VPN_IPV6_UNICAST']/
  key: graceful-restart/state/enabled
  bool_value: true
  key: graceful-restart/state/received
  bool_value: false
  key: graceful-restart/state/advertised
  bool_value: false
  key: state/afi-safi-name
  str_value: L3VPN_IPV6_UNICAST
  key: state/enabled
  bool_value: true
  key: state/active
  bool_value: false
  key: state/prefixes/received
  uint_value: 0
  key: state/prefixes/sent
  uint_value: 0
  key: state/prefixes/installed
  uint_value: 0
  key: state/prefixes/accepted
  uint_value: 0
  key: state/prefix-limit-exceeded
  bool_value: false
  key: state/queues/input
  uint_value: 0
  key: state/queues/output
  uint_value: 0
  key: add-paths/state/receive
  bool_value: false
  key: add-paths/state/send
  bool_value: false
  key: add-paths/state/eligible-prefix-policy
  str_value: 
  key: l3vpn-ipv6-unicast/prefix-limit/state/max-prefixes
  uint_value: 0
  key: l3vpn-ipv6-unicast/prefix-limit/state/prevent-teardown
  bool_value: true
  key: l3vpn-ipv6-unicast/prefix-limit/state/shutdown-threshold-pct
  uint_value: 0
  key: l3vpn-ipv6-unicast/prefix-limit/state/restart-timer
  str_value: 0.00
  key: __prefix__
  str_value: /network-instances/network-instance[name='master']/protocols/protocol/bgp/neighbors/neighbor[neighbor-address='203.205.56.18']/
  key: graceful-restart/state/enabled
  bool_value: false
  key: graceful-restart/state/restart-time
  uint_value: 120
  key: graceful-restart/state/stale-routes-time
  str_value: 300.00
  key: graceful-restart/state/helper-only
  bool_value: true
  key: graceful-restart/state/peer-restarting
  bool_value: false
  key: graceful-restart/state/local-restarting
  bool_value: false
  key: graceful-restart/state/mode
  str_value: HELPER_ONLY
  key: apply-policy/state/import-policy
  leaf_list_value: element:<leaflist_str_value:"RX-FROM-HCM-RR03" > 
  key: apply-policy/state/export-policy
  leaf_list_value: element:<leaflist_str_value:"ADV-TO-HCM-RR03" > 
  key: __prefix__
  str_value: /network-instances/network-instance[name='master']/protocols/protocol/bgp/neighbors/neighbor[neighbor-address='203.205.56.48']/
  key: snmp-peer-index
  uint_value: 152
  key: state/peer-as
  uint_value: 45903
  key: state/local-as
  uint_value: 45903
  key: state/peer-type
  str_value: INTERNAL
  key: state/auth-password
  str_value: (null)
  key: state/route-flap-damping
  bool_value: false
  key: state/description
  str_value: (null)
  key: state/session-state
  str_value: ACTIVE
  key: state/last-established
  uint_value: 1694967381
  key: state/established-transitions
  uint_value: 0
  key: state/messages/sent/UPDATE
  uint_value: 0
  key: state/messages/sent/NOTIFICATION
  uint_value: 0
  key: state/messages/sent/last-notification-time
  uint_value: 0
  key: state/messages/sent/last-notification-error-subcode
  str_value: UNSPECIFIC
  key: state/messages/received/UPDATE
  uint_value: 0
  key: state/messages/received/NOTIFICATION
  uint_value: 0
  key: state/messages/received/last-notification-time
  uint_value: 0
  key: state/messages/received/last-notification-error-code
  str_value: NONE
  key: state/messages/received/last-notification-error-subcode
  str_value: UNSPECIFIC
  key: state/queues/input
  uint_value: 0
  key: state/queues/output
  uint_value: 0
  key: state/dynamically-configured
  bool_value: false
  key: state/session-status
  str_value: RUNNING
  key: state/session-admin-status
  str_value: START
  key: state/interface-error
  bool_value: false
  key: state/import-eval-pending
  bool_value: false
  key: state/import-eval
  bool_value: false
  key: state/peer-group
  str_value: RR-Private
  key: state/neighbor-address
  str_value: 203.205.56.48
  key: state/enabled
  bool_value: true
  key: timers/state/connect-retry
  str_value: 0.00
  key: timers/state/hold-time
  str_value: 90.00
  key: timers/state/keepalive-interval
  str_value: 30.00
  key: timers/state/minimum-advertisement-interval
  str_value: 0.00
  key: timers/state/negotiated-hold-time
  str_value: 0.00
  key: transport/state/tcp-mss
  uint_value: 0
  key: transport/state/mtu-discovery
  bool_value: false
  key: transport/state/passive-mode
  bool_value: false
  key: transport/state/local-address
  str_value: 183.91.0.171
  key: transport/state/local-port
  uint_value: 0
  key: transport/state/remote-address
  str_value: 203.205.56.48
  key: transport/state/remote-port
  uint_value: 0
  key: error-handling/state/treat-as-withdraw
  bool_value: true
  key: error-handling/state/erroneous-update-messages
  uint_value: 0
  key: logging-options/state/log-neighbor-state-changes
  bool_value: false
  key: ebgp-multihop/state/enabled
  bool_value: false
  key: ebgp-multihop/state/multihop-ttl
  uint_value: 0
  key: route-reflector/state/route-reflector-cluster-id
  str_value: zero-len
  key: route-reflector/state/route-reflector-client
  bool_value: false
  key: as-path-options/state/allow-own-as
  uint_value: 0
  key: as-path-options/state/replace-peer-as
  bool_value: false
  key: as-path-options/state/disable-peer-as-filter
  bool_value: false
  key: use-multiple-paths/state/enabled
  bool_value: false
  key: use-multiple-paths/ebgp/state/allow-multiple-as
  bool_value: false
  key: __prefix__
  str_value: /network-instances/network-instance[name='master']/protocols/protocol/bgp/neighbors/neighbor[neighbor-address='203.205.56.48']/afi-safis/afi-safi[afi-safi-name='L3VPN_IPV4_UNICAST']/
  key: graceful-restart/state/enabled
  bool_value: true
  key: graceful-restart/state/received
  bool_value: false
  key: graceful-restart/state/advertised
  bool_value: false
  key: state/afi-safi-name
  str_value: L3VPN_IPV4_UNICAST
  key: state/enabled
  bool_value: true
  key: state/active
  bool_value: false
  key: state/prefixes/received
  uint_value: 0
  key: state/prefixes/sent
  uint_value: 0
  key: state/prefixes/installed
  uint_value: 0
  key: state/prefixes/accepted
  uint_value: 0
  key: state/prefix-limit-exceeded
  bool_value: false
  key: state/queues/input
  uint_value: 0
  key: state/queues/output
  uint_value: 0
  key: add-paths/state/receive
  bool_value: false
  key: add-paths/state/send
  bool_value: false
  key: add-paths/state/eligible-prefix-policy
  str_value: 
  key: l3vpn-ipv4-unicast/prefix-limit/state/max-prefixes
  uint_value: 0
  key: l3vpn-ipv4-unicast/prefix-limit/state/prevent-teardown
  bool_value: true
  key: l3vpn-ipv4-unicast/prefix-limit/state/shutdown-threshold-pct
  uint_value: 0
  key: l3vpn-ipv4-unicast/prefix-limit/state/restart-timer
  str_value: 0.00
  key: __prefix__
  str_value: /network-instances/network-instance[name='master']/protocols/protocol/bgp/neighbors/neighbor[neighbor-address='203.205.56.48']/afi-safis/afi-safi[afi-safi-name='L3VPN_IPV4_MULTICAST']/
  key: graceful-restart/state/enabled
  bool_value: true
  key: graceful-restart/state/received
  bool_value: false
  key: graceful-restart/state/advertised
  bool_value: false
  key: state/afi-safi-name
  str_value: L3VPN_IPV4_MULTICAST
  key: state/enabled
  bool_value: true
  key: state/active
  bool_value: false
  key: state/prefixes/received
  uint_value: 0
  key: state/prefixes/sent
  uint_value: 0
  key: state/prefixes/installed
  uint_value: 0
  key: state/prefixes/accepted
  uint_value: 0
  key: state/prefix-limit-exceeded
  bool_value: false
  key: state/queues/input
  uint_value: 0
  key: state/queues/output
  uint_value: 0
  key: add-paths/state/receive
  bool_value: false
  key: add-paths/state/send
  bool_value: false
  key: add-paths/state/eligible-prefix-policy
  str_value: 
  key: l3vpn-ipv4-multicast/prefix-limit/state/max-prefixes
  uint_value: 0
  key: l3vpn-ipv4-multicast/prefix-limit/state/prevent-teardown
  bool_value: true
  key: l3vpn-ipv4-multicast/prefix-limit/state/shutdown-threshold-pct
  uint_value: 0
  key: l3vpn-ipv4-multicast/prefix-limit/state/restart-timer
  str_value: 0.00
  key: __prefix__
  str_value: /network-instances/network-instance[name='master']/protocols/protocol/bgp/neighbors/neighbor[neighbor-address='203.205.56.48']/afi-safis/afi-safi[afi-safi-name='L2VPN_VPLS']/
  key: graceful-restart/state/enabled
  bool_value: true
  key: graceful-restart/state/received
  bool_value: false
  key: graceful-restart/state/advertised
  bool_value: false
  key: state/afi-safi-name
  str_value: L2VPN_VPLS
  key: state/enabled
  bool_value: true
  key: state/active
  bool_value: false
  key: state/prefixes/received
  uint_value: 0
  key: state/prefixes/sent
  uint_value: 0
  key: state/prefixes/installed
  uint_value: 0
  key: state/prefixes/accepted
  uint_value: 0
  key: state/prefix-limit-exceeded
  bool_value: false
  key: state/queues/input
  uint_value: 0
  key: state/queues/output
  uint_value: 0
  key: add-paths/state/receive
  bool_value: false
  key: add-paths/state/send
  bool_value: false
  key: add-paths/state/eligible-prefix-policy
  str_value: 
  key: l2vpn-vpls/prefix-limit/state/max-prefixes
  uint_value: 0
  key: l2vpn-vpls/prefix-limit/state/prevent-teardown
  bool_value: true
  key: l2vpn-vpls/prefix-limit/state/shutdown-threshold-pct
  uint_value: 0
  key: l2vpn-vpls/prefix-limit/state/restart-timer
  str_value: 0.00
  key: __prefix__
  str_value: /network-instances/network-instance[name='master']/protocols/protocol/bgp/neighbors/neighbor[neighbor-address='203.205.56.48']/afi-safis/afi-safi[afi-safi-name='L3VPN_IPV6_UNICAST']/
  key: graceful-restart/state/enabled
  bool_value: true
  key: graceful-restart/state/received
  bool_value: false
  key: graceful-restart/state/advertised
  bool_value: false
  key: state/afi-safi-name
  str_value: L3VPN_IPV6_UNICAST
  key: state/enabled
  bool_value: true
  key: state/active
  bool_value: false
  key: state/prefixes/received
  uint_value: 0
  key: state/prefixes/sent
  uint_value: 0
  key: state/prefixes/installed
  uint_value: 0
  key: state/prefixes/accepted
  uint_value: 0
  key: state/prefix-limit-exceeded
  bool_value: false
  key: state/queues/input
  uint_value: 0
  key: state/queues/output
  uint_value: 0
  key: add-paths/state/receive
  bool_value: false
  key: add-paths/state/send
  bool_value: false
  key: add-paths/state/eligible-prefix-policy
  str_value: 
  key: l3vpn-ipv6-unicast/prefix-limit/state/max-prefixes
  uint_value: 0
  key: l3vpn-ipv6-unicast/prefix-limit/state/prevent-teardown
  bool_value: true
  key: l3vpn-ipv6-unicast/prefix-limit/state/shutdown-threshold-pct
  uint_value: 0
  key: l3vpn-ipv6-unicast/prefix-limit/state/restart-timer
  str_value: 0.00
  key: __prefix__
  str_value: /network-instances/network-instance[name='master']/protocols/protocol/bgp/neighbors/neighbor[neighbor-address='203.205.56.48']/
  key: graceful-restart/state/enabled
  bool_value: false
  key: graceful-restart/state/restart-time
  uint_value: 120
  key: graceful-restart/state/stale-routes-time
  str_value: 300.00
  key: graceful-restart/state/helper-only
  bool_value: true
  key: graceful-restart/state/peer-restarting
  bool_value: false
  key: graceful-restart/state/local-restarting
  bool_value: false
  key: graceful-restart/state/mode
  str_value: HELPER_ONLY
  key: apply-policy/state/import-policy
  leaf_list_value: element:<leaflist_str_value:"RX-FROM-HCM-vRR-PRIVATE" > 
  key: apply-policy/state/export-policy
  leaf_list_value: element:<leaflist_str_value:"ADV-TO-HCM-vRR-PRIVATE" > 
  key: __prefix__
  str_value: /network-instances/network-instance[name='master']/protocols/protocol/bgp/neighbors/neighbor[neighbor-address='203.205.56.49']/
  key: snmp-peer-index
  uint_value: 148
  key: state/peer-as
  uint_value: 45903
  key: state/local-as
  uint_value: 45903
  key: state/peer-type
  str_value: INTERNAL
  key: state/auth-password
  str_value: (null)
  key: state/route-flap-damping
  bool_value: false
  key: state/description
  str_value: (null)
  key: state/session-state
  str_value: ACTIVE
  key: state/last-established
  uint_value: 1694967381
  key: state/established-transitions
  uint_value: 0
  key: state/messages/sent/UPDATE
  uint_value: 0
  key: state/messages/sent/NOTIFICATION
  uint_value: 0
  key: state/messages/sent/last-notification-time
  uint_value: 0
  key: state/messages/sent/last-notification-error-subcode
  str_value: UNSPECIFIC
  key: state/messages/received/UPDATE
  uint_value: 0
  key: state/messages/received/NOTIFICATION
  uint_value: 0
  key: state/messages/received/last-notification-time
  uint_value: 0
  key: state/messages/received/last-notification-error-code
  str_value: NONE
  key: state/messages/received/last-notification-error-subcode
  str_value: UNSPECIFIC
  key: state/queues/input
  uint_value: 0
  key: state/queues/output
  uint_value: 0
  key: state/dynamically-configured
  bool_value: false
  key: state/session-status
  str_value: RUNNING
  key: state/session-admin-status
  str_value: START
  key: state/interface-error
  bool_value: false
  key: state/import-eval-pending
  bool_value: false
  key: state/import-eval
  bool_value: false
  key: state/peer-group
  str_value: RR-Public
  key: state/neighbor-address
  str_value: 203.205.56.49
  key: state/enabled
  bool_value: true
  key: timers/state/connect-retry
  str_value: 0.00
  key: timers/state/hold-time
  str_value: 90.00
  key: timers/state/keepalive-interval
  str_value: 30.00
  key: timers/state/minimum-advertisement-interval
  str_value: 0.00
  key: timers/state/negotiated-hold-time
  str_value: 0.00
  key: transport/state/tcp-mss
  uint_value: 0
  key: transport/state/mtu-discovery
  bool_value: false
  key: transport/state/passive-mode
  bool_value: false
  key: transport/state/local-address
  str_value: 183.91.0.171
  key: transport/state/local-port
  uint_value: 0
  key: transport/state/remote-address
  str_value: 203.205.56.49
  key: transport/state/remote-port
  uint_value: 0
  key: error-handling/state/treat-as-withdraw
  bool_value: true
  key: error-handling/state/erroneous-update-messages
  uint_value: 0
  key: logging-options/state/log-neighbor-state-changes
  bool_value: false
  key: ebgp-multihop/state/enabled
  bool_value: false
  key: ebgp-multihop/state/multihop-ttl
  uint_value: 0
  key: route-reflector/state/route-reflector-cluster-id
  str_value: zero-len
  key: route-reflector/state/route-reflector-client
  bool_value: false
  key: as-path-options/state/allow-own-as
  uint_value: 0
  key: as-path-options/state/replace-peer-as
  bool_value: false
  key: as-path-options/state/disable-peer-as-filter
  bool_value: false
  key: use-multiple-paths/state/enabled
  bool_value: false
  key: use-multiple-paths/ebgp/state/allow-multiple-as
  bool_value: false
  key: __prefix__
  str_value: /network-instances/network-instance[name='master']/protocols/protocol/bgp/neighbors/neighbor[neighbor-address='203.205.56.49']/afi-safis/afi-safi[afi-safi-name='IPV4_UNICAST']/
  key: graceful-restart/state/enabled
  bool_value: true
  key: graceful-restart/state/received
  bool_value: false
  key: graceful-restart/state/advertised
  bool_value: false
  key: state/afi-safi-name
  str_value: IPV4_UNICAST
  key: state/enabled
  bool_value: true
  key: state/active
  bool_value: false
  key: state/prefixes/received
  uint_value: 0
  key: state/prefixes/sent
  uint_value: 0
  key: state/prefixes/installed
  uint_value: 0
  key: state/prefixes/accepted
  uint_value: 0
  key: state/prefix-limit-exceeded
  bool_value: false
  key: state/queues/input
  uint_value: 0
  key: state/queues/output
  uint_value: 0
  key: add-paths/state/receive
  bool_value: false
  key: add-paths/state/send
  bool_value: false
  key: add-paths/state/eligible-prefix-policy
  str_value: 
  key: ipv4-unicast/prefix-limit/state/max-prefixes
  uint_value: 0
  key: ipv4-unicast/prefix-limit/state/prevent-teardown
  bool_value: true
  key: ipv4-unicast/prefix-limit/state/shutdown-threshold-pct
  uint_value: 0
  key: ipv4-unicast/prefix-limit/state/restart-timer
  str_value: 0.00
  key: __prefix__
  str_value: /network-instances/network-instance[name='master']/protocols/protocol/bgp/neighbors/neighbor[neighbor-address='203.205.56.49']/afi-safis/afi-safi[afi-safi-name='IPV6_LABELED_UNICAST']/
  key: graceful-restart/state/enabled
  bool_value: true
  key: graceful-restart/state/received
  bool_value: false
  key: graceful-restart/state/advertised
  bool_value: false
  key: state/afi-safi-name
  str_value: IPV6_LABELED_UNICAST
  key: state/enabled
  bool_value: true
  key: state/active
  bool_value: false
  key: state/prefixes/received
  uint_value: 0
  key: state/prefixes/sent
  uint_value: 0
  key: state/prefixes/installed
  uint_value: 0
  key: state/prefixes/accepted
  uint_value: 0
  key: state/prefix-limit-exceeded
  bool_value: false
  key: state/queues/input
  uint_value: 0
  key: state/queues/output
  uint_value: 0
  key: add-paths/state/receive
  bool_value: false
  key: add-paths/state/send
  bool_value: false
  key: add-paths/state/eligible-prefix-policy
  str_value: 
  key: ipv6-labeled-unicast/prefix-limit/state/max-prefixes
  uint_value: 0
  key: ipv6-labeled-unicast/prefix-limit/state/prevent-teardown
  bool_value: true
  key: ipv6-labeled-unicast/prefix-limit/state/shutdown-threshold-pct
  uint_value: 0
  key: ipv6-labeled-unicast/prefix-limit/state/restart-timer
  str_value: 0.00
  key: __prefix__
  str_value: /network-instances/network-instance[name='master']/protocols/protocol/bgp/neighbors/neighbor[neighbor-address='203.205.56.49']/
  key: graceful-restart/state/enabled
  bool_value: false
  key: graceful-restart/state/restart-time
  uint_value: 120
  key: graceful-restart/state/stale-routes-time
  str_value: 300.00
  key: graceful-restart/state/helper-only
  bool_value: true
  key: graceful-restart/state/peer-restarting
  bool_value: false
  key: graceful-restart/state/local-restarting
  bool_value: false
  key: graceful-restart/state/mode
  str_value: HELPER_ONLY
  key: apply-policy/state/import-policy
  leaf_list_value: element:<leaflist_str_value:"RX-FROM-HCM-vRR-PUBLIC" > 
  key: apply-policy/state/export-policy
  leaf_list_value: element:<leaflist_str_value:"ADV-TO-HCM-vRR-PUBLIC" > 
  key: __prefix__
  str_value: /network-instances/network-instance[name='master']/protocols/protocol/bgp/neighbors/neighbor[neighbor-address='203.208.148.49']/
  key: snmp-peer-index
  uint_value: 281
  key: state/peer-as
  uint_value: 7473
  key: state/local-as
  uint_value: 45903
  key: state/peer-type
  str_value: EXTERNAL
  key: state/auth-password
  str_value: (null)
  key: state/route-flap-damping
  bool_value: false
  key: state/description
  str_value: SINGTEL
  key: state/session-state
  str_value: IDLE
  key: state/last-established
  uint_value: 1694967381
  key: state/established-transitions
  uint_value: 0
  key: state/messages/sent/UPDATE
  uint_value: 0
  key: state/messages/sent/NOTIFICATION
  uint_value: 0
  key: state/messages/sent/last-notification-time
  uint_value: 0
  key: state/messages/sent/last-notification-error-subcode
  str_value: UNSPECIFIC
  key: state/messages/received/UPDATE
  uint_value: 0
  key: state/messages/received/NOTIFICATION
  uint_value: 0
  key: state/messages/received/last-notification-time
  uint_value: 0
  key: state/messages/received/last-notification-error-code
  str_value: NONE
  key: state/messages/received/last-notification-error-subcode
  str_value: UNSPECIFIC
  key: state/queues/input
  uint_value: 0
  key: state/queues/output
  uint_value: 0
  key: state/dynamically-configured
  bool_value: false
  key: state/session-status
  str_value: HALTED
  key: state/session-admin-status
  str_value: STOP
  key: state/interface-error
  bool_value: true
  key: state/import-eval-pending
  bool_value: false
  key: state/import-eval
  bool_value: false
  key: state/peer-group
  str_value: SINGTEL
  key: state/neighbor-address
  str_value: 203.208.148.49
  key: state/enabled
  bool_value: true
  key: timers/state/connect-retry
  str_value: 0.00
  key: timers/state/hold-time
  str_value: 90.00
  key: timers/state/keepalive-interval
  str_value: 30.00
  key: timers/state/minimum-advertisement-interval
  str_value: 0.00
  key: timers/state/negotiated-hold-time
  str_value: 0.00
  key: transport/state/tcp-mss
  uint_value: 0
  key: transport/state/mtu-discovery
  bool_value: false
  key: transport/state/passive-mode
  bool_value: false
  key: transport/state/local-address
  str_value: 203.208.148.50
  key: transport/state/local-port
  uint_value: 0
  key: transport/state/remote-address
  str_value: 203.208.148.49
  key: transport/state/remote-port
  uint_value: 0
  key: error-handling/state/treat-as-withdraw
  bool_value: true
  key: error-handling/state/erroneous-update-messages
  uint_value: 0
  key: logging-options/state/log-neighbor-state-changes
  bool_value: false
  key: ebgp-multihop/state/enabled
  bool_value: false
  key: ebgp-multihop/state/multihop-ttl
  uint_value: 0
  key: route-reflector/state/route-reflector-cluster-id
  str_value: zero-len
  key: route-reflector/state/route-reflector-client
  bool_value: false
  key: as-path-options/state/allow-own-as
  uint_value: 0
  key: as-path-options/state/replace-peer-as
  bool_value: false
  key: as-path-options/state/disable-peer-as-filter
  bool_value: false
  key: use-multiple-paths/state/enabled
  bool_value: false
  key: use-multiple-paths/ebgp/state/allow-multiple-as
  bool_value: false
  key: graceful-restart/state/enabled
  bool_value: false
  key: graceful-restart/state/restart-time
  uint_value: 120
  key: graceful-restart/state/stale-routes-time
  str_value: 300.00
  key: graceful-restart/state/helper-only
  bool_value: true
  key: graceful-restart/state/peer-restarting
  bool_value: false
  key: graceful-restart/state/local-restarting
  bool_value: false
  key: graceful-restart/state/mode
  str_value: HELPER_ONLY
system_id: SGP001IGR04
component_id: 65535
sub_component_id: 0
path: sensor_1004:/network-instances/network-instance/protocols/protocol/bgp/neighbors/neighbor/:/network-instances/network-instance/protocols/protocol/bgp/neighbors/neighbor/:rpd
sequence_number: 14
timestamp: 1695289071430
sync_response: false
  key: __timestamp__
  uint_value: 1695289071431
  key: __junos_re_stream_creation_timestamp__
  uint_value: 1695289069611
  key: __junos_re_payload_get_timestamp__
  uint_value: 1695289071406
  key: apply-policy/state/import-policy
  leaf_list_value: element:<leaflist_str_value:"RX-FROM-SINGTEL-SG" > 
  key: __prefix__
  str_value: /network-instances/network-instance[name='master']/protocols/protocol/bgp/neighbors/neighbor[neighbor-address='203.208.148.49']/
  key: apply-policy/state/export-policy
  leaf_list_value: element:<leaflist_str_value:"ADV-TO-SINGTEL-SG" > 
  key: __prefix__
  str_value: /network-instances/network-instance[name='master']/protocols/protocol/bgp/neighbors/neighbor[neighbor-address='2001:c10:80:2::865']/
  key: snmp-peer-index
  uint_value: 282
  key: state/peer-as
  uint_value: 7473
  key: state/local-as
  uint_value: 45903
  key: state/peer-type
  str_value: EXTERNAL
  key: state/auth-password
  str_value: (null)
  key: state/route-flap-damping
  bool_value: false
  key: state/description
  str_value: SINGTEL-IPV6
  key: state/session-state
  str_value: IDLE
  key: state/last-established
  uint_value: 1694967381
  key: state/established-transitions
  uint_value: 0
  key: state/messages/sent/UPDATE
  uint_value: 0
  key: state/messages/sent/NOTIFICATION
  uint_value: 0
  key: state/messages/sent/last-notification-time
  uint_value: 0
  key: state/messages/sent/last-notification-error-subcode
  str_value: UNSPECIFIC
  key: state/messages/received/UPDATE
  uint_value: 0
  key: state/messages/received/NOTIFICATION
  uint_value: 0
  key: state/messages/received/last-notification-time
  uint_value: 0
  key: state/messages/received/last-notification-error-code
  str_value: NONE
  key: state/messages/received/last-notification-error-subcode
  str_value: UNSPECIFIC
  key: state/queues/input
  uint_value: 0
  key: state/queues/output
  uint_value: 0
  key: state/dynamically-configured
  bool_value: false
  key: state/session-status
  str_value: HALTED
  key: state/session-admin-status
  str_value: STOP
  key: state/interface-error
  bool_value: true
  key: state/import-eval-pending
  bool_value: false
  key: state/import-eval
  bool_value: false
  key: state/peer-group
  str_value: SINGTEL
  key: state/neighbor-address
  str_value: 2001:c10:80:2::865
  key: state/enabled
  bool_value: true
  key: timers/state/connect-retry
  str_value: 0.00
  key: timers/state/hold-time
  str_value: 90.00
  key: timers/state/keepalive-interval
  str_value: 30.00
  key: timers/state/minimum-advertisement-interval
  str_value: 0.00
  key: timers/state/negotiated-hold-time
  str_value: 0.00
  key: transport/state/tcp-mss
  uint_value: 0
  key: transport/state/mtu-discovery
  bool_value: false
  key: transport/state/passive-mode
  bool_value: false
  key: transport/state/local-address
  str_value: 2001:c10:80:2::866
  key: transport/state/local-port
  uint_value: 0
  key: transport/state/remote-address
  str_value: 2001:c10:80:2::865
  key: transport/state/remote-port
  uint_value: 0
  key: error-handling/state/treat-as-withdraw
  bool_value: true
  key: error-handling/state/erroneous-update-messages
  uint_value: 0
  key: logging-options/state/log-neighbor-state-changes
  bool_value: false
  key: ebgp-multihop/state/enabled
  bool_value: false
  key: ebgp-multihop/state/multihop-ttl
  uint_value: 0
  key: route-reflector/state/route-reflector-cluster-id
  str_value: zero-len
  key: route-reflector/state/route-reflector-client
  bool_value: false
  key: as-path-options/state/allow-own-as
  uint_value: 0
  key: as-path-options/state/replace-peer-as
  bool_value: false
  key: as-path-options/state/disable-peer-as-filter
  bool_value: false
  key: use-multiple-paths/state/enabled
  bool_value: false
  key: use-multiple-paths/ebgp/state/allow-multiple-as
  bool_value: false
  key: graceful-restart/state/enabled
  bool_value: false
  key: graceful-restart/state/restart-time
  uint_value: 120
  key: graceful-restart/state/stale-routes-time
  str_value: 300.00
  key: graceful-restart/state/helper-only
  bool_value: true
  key: graceful-restart/state/peer-restarting
  bool_value: false
  key: graceful-restart/state/local-restarting
  bool_value: false
  key: graceful-restart/state/mode
  str_value: HELPER_ONLY
  key: apply-policy/state/import-policy
  leaf_list_value: element:<leaflist_str_value:"RX-FROM-SINGTEL-SG-IPV6" > 
  key: apply-policy/state/export-policy
  leaf_list_value: element:<leaflist_str_value:"ADV-TO-SINGTEL-SG-IPV6" > 
  key: __prefix__
  str_value: /network-instances/network-instance[name='master']/protocols/protocol/bgp/neighbors/neighbor[neighbor-address='2001:de8:4::42:1']/
  key: snmp-peer-index
  uint_value: 174
  key: state/peer-as
  uint_value: 42
  key: state/local-as
  uint_value: 45903
  key: state/peer-type
  str_value: EXTERNAL
  key: state/auth-password
  str_value: (null)
  key: state/route-flap-damping
  bool_value: false
  key: state/description
  str_value: Peer-PCH-AS42-IPv6
  key: state/session-state
  str_value: IDLE
  key: state/last-established
  uint_value: 1694967381
  key: state/established-transitions
  uint_value: 0
  key: state/messages/sent/UPDATE
  uint_value: 0
  key: state/messages/sent/NOTIFICATION
  uint_value: 0
  key: state/messages/sent/last-notification-time
  uint_value: 0
  key: state/messages/sent/last-notification-error-subcode
  str_value: UNSPECIFIC
  key: state/messages/received/UPDATE
  uint_value: 0
  key: state/messages/received/NOTIFICATION
  uint_value: 0
  key: state/messages/received/last-notification-time
  uint_value: 0
  key: state/messages/received/last-notification-error-code
  str_value: NONE
  key: state/messages/received/last-notification-error-subcode
  str_value: UNSPECIFIC
  key: state/queues/input
  uint_value: 0
  key: state/queues/output
  uint_value: 0
  key: state/dynamically-configured
  bool_value: false
  key: state/session-status
  str_value: HALTED
  key: state/session-admin-status
  str_value: STOP
  key: state/interface-error
  bool_value: true
  key: state/import-eval-pending
  bool_value: false
  key: state/import-eval
  bool_value: false
  key: state/peer-group
  str_value: Equinix
  key: state/neighbor-address
  str_value: 2001:de8:4::42:1
  key: state/enabled
  bool_value: true
  key: timers/state/connect-retry
  str_value: 0.00
  key: timers/state/hold-time
  str_value: 90.00
  key: timers/state/keepalive-interval
  str_value: 30.00
  key: timers/state/minimum-advertisement-interval
  str_value: 0.00
  key: timers/state/negotiated-hold-time
  str_value: 0.00
  key: transport/state/tcp-mss
  uint_value: 0
  key: transport/state/mtu-discovery
  bool_value: false
  key: transport/state/passive-mode
  bool_value: false
  key: transport/state/local-address
  str_value: 2001:de8:4::4:5903:1
  key: transport/state/local-port
  uint_value: 0
  key: transport/state/remote-address
  str_value: 2001:de8:4::42:1
  key: transport/state/remote-port
  uint_value: 0
  key: error-handling/state/treat-as-withdraw
  bool_value: true
  key: error-handling/state/erroneous-update-messages
  uint_value: 0
  key: logging-options/state/log-neighbor-state-changes
  bool_value: false
  key: ebgp-multihop/state/enabled
  bool_value: false
  key: ebgp-multihop/state/multihop-ttl
  uint_value: 0
  key: route-reflector/state/route-reflector-cluster-id
  str_value: zero-len
  key: route-reflector/state/route-reflector-client
  bool_value: false
  key: as-path-options/state/allow-own-as
  uint_value: 0
  key: as-path-options/state/replace-peer-as
  bool_value: false
  key: as-path-options/state/disable-peer-as-filter
  bool_value: false
  key: use-multiple-paths/state/enabled
  bool_value: false
  key: use-multiple-paths/ebgp/state/allow-multiple-as
  bool_value: false
  key: graceful-restart/state/enabled
  bool_value: false
  key: graceful-restart/state/restart-time
  uint_value: 120
  key: graceful-restart/state/stale-routes-time
  str_value: 300.00
  key: graceful-restart/state/helper-only
  bool_value: true
  key: graceful-restart/state/peer-restarting
  bool_value: false
  key: graceful-restart/state/local-restarting
  bool_value: false
  key: graceful-restart/state/mode
  str_value: HELPER_ONLY
  key: apply-policy/state/import-policy
  leaf_list_value: element:<leaflist_str_value:"RX-FROM-EQUINIX-IPV6" > 
  key: apply-policy/state/export-policy
  leaf_list_value: element:<leaflist_str_value:"ADV-TO-EQUINIX-IPV6" > 
  key: __prefix__
  str_value: /network-instances/network-instance[name='master']/protocols/protocol/bgp/neighbors/neighbor[neighbor-address='2001:de8:4::703:1']/
  key: snmp-peer-index
  uint_value: 255
  key: state/peer-as
  uint_value: 703
  key: state/local-as
  uint_value: 45903
  key: state/peer-type
  str_value: EXTERNAL
  key: state/auth-password
  str_value: (null)
  key: state/route-flap-damping
  bool_value: false
  key: state/description
  str_value: Peering Verizon AS703 via Equinix_IPv6
  key: state/session-state
  str_value: IDLE
  key: state/last-established
  uint_value: 1694967381
  key: state/established-transitions
  uint_value: 0
  key: state/messages/sent/UPDATE
  uint_value: 0
  key: state/messages/sent/NOTIFICATION
  uint_value: 0
  key: state/messages/sent/last-notification-time
  uint_value: 0
  key: state/messages/sent/last-notification-error-subcode
  str_value: UNSPECIFIC
  key: state/messages/received/UPDATE
  uint_value: 0
  key: state/messages/received/NOTIFICATION
  uint_value: 0
  key: state/messages/received/last-notification-time
  uint_value: 0
  key: state/messages/received/last-notification-error-code
  str_value: NONE
  key: state/messages/received/last-notification-error-subcode
  str_value: UNSPECIFIC
  key: state/queues/input
  uint_value: 0
  key: state/queues/output
  uint_value: 0
  key: state/dynamically-configured
  bool_value: false
  key: state/session-status
  str_value: HALTED
  key: state/session-admin-status
  str_value: STOP
  key: state/interface-error
  bool_value: true
  key: state/import-eval-pending
  bool_value: false
  key: state/import-eval
  bool_value: false
  key: state/peer-group
  str_value: Equinix
  key: state/neighbor-address
  str_value: 2001:de8:4::703:1
  key: state/enabled
  bool_value: true
  key: timers/state/connect-retry
  str_value: 0.00
  key: timers/state/hold-time
  str_value: 90.00
  key: timers/state/keepalive-interval
  str_value: 30.00
  key: timers/state/minimum-advertisement-interval
  str_value: 0.00
  key: timers/state/negotiated-hold-time
  str_value: 0.00
  key: transport/state/tcp-mss
  uint_value: 0
  key: transport/state/mtu-discovery
  bool_value: false
  key: transport/state/passive-mode
  bool_value: false
  key: transport/state/local-address
  str_value: 2001:de8:4::4:5903:1
  key: transport/state/local-port
  uint_value: 0
  key: transport/state/remote-address
  str_value: 2001:de8:4::703:1
  key: transport/state/remote-port
  uint_value: 0
  key: error-handling/state/treat-as-withdraw
  bool_value: true
  key: error-handling/state/erroneous-update-messages
  uint_value: 0
  key: logging-options/state/log-neighbor-state-changes
  bool_value: false
  key: ebgp-multihop/state/enabled
  bool_value: false
  key: ebgp-multihop/state/multihop-ttl
  uint_value: 0
  key: route-reflector/state/route-reflector-cluster-id
  str_value: zero-len
  key: route-reflector/state/route-reflector-client
  bool_value: false
  key: as-path-options/state/allow-own-as
  uint_value: 0
  key: as-path-options/state/replace-peer-as
  bool_value: false
  key: as-path-options/state/disable-peer-as-filter
  bool_value: false
  key: use-multiple-paths/state/enabled
  bool_value: false
  key: use-multiple-paths/ebgp/state/allow-multiple-as
  bool_value: false
  key: __prefix__
  str_value: /network-instances/network-instance[name='master']/protocols/protocol/bgp/neighbors/neighbor[neighbor-address='2001:de8:4::703:1']/afi-safis/afi-safi[afi-safi-name='IPV6_UNICAST']/
  key: graceful-restart/state/enabled
  bool_value: true
  key: graceful-restart/state/received
  bool_value: false
  key: graceful-restart/state/advertised
  bool_value: false
  key: state/afi-safi-name
  str_value: IPV6_UNICAST
  key: state/enabled
  bool_value: true
  key: state/active
  bool_value: false
  key: state/prefixes/received
  uint_value: 0
  key: state/prefixes/sent
  uint_value: 0
  key: state/prefixes/installed
  uint_value: 0
  key: state/prefixes/accepted
  uint_value: 0
  key: state/prefix-limit-exceeded
  bool_value: false
  key: state/queues/input
  uint_value: 0
  key: state/queues/output
  uint_value: 0
  key: add-paths/state/receive
  bool_value: false
  key: add-paths/state/send
  bool_value: false
  key: add-paths/state/eligible-prefix-policy
  str_value: 
  key: ipv6-unicast/prefix-limit/state/max-prefixes
  uint_value: 0
  key: ipv6-unicast/prefix-limit/state/prevent-teardown
  bool_value: true
  key: ipv6-unicast/prefix-limit/state/shutdown-threshold-pct
  uint_value: 0
  key: ipv6-unicast/prefix-limit/state/restart-timer
  str_value: 0.00
  key: __prefix__
  str_value: /network-instances/network-instance[name='master']/protocols/protocol/bgp/neighbors/neighbor[neighbor-address='2001:de8:4::703:1']/
  key: graceful-restart/state/enabled
  bool_value: false
  key: graceful-restart/state/restart-time
  uint_value: 120
  key: graceful-restart/state/stale-routes-time
  str_value: 300.00
  key: graceful-restart/state/helper-only
  bool_value: true
  key: graceful-restart/state/peer-restarting
  bool_value: false
  key: graceful-restart/state/local-restarting
  bool_value: false
  key: graceful-restart/state/mode
  str_value: HELPER_ONLY
  key: apply-policy/state/import-policy
  leaf_list_value: element:<leaflist_str_value:"RX-FROM-EQUINIX-IPV6" > 
  key: apply-policy/state/export-policy
  leaf_list_value: element:<leaflist_str_value:"ADV-TO-EQUINIX-IPV6" > 
  key: __prefix__
  str_value: /network-instances/network-instance[name='master']/protocols/protocol/bgp/neighbors/neighbor[neighbor-address='2001:de8:4::714:1']/
  key: snmp-peer-index
  uint_value: 256
  key: state/peer-as
  uint_value: 714
  key: state/local-as
  uint_value: 45903
  key: state/peer-type
  str_value: EXTERNAL
  key: state/auth-password
  str_value: (null)
  key: state/route-flap-damping
  bool_value: false
  key: state/description
  str_value: Peering APPLE via Equinix
  key: state/session-state
  str_value: IDLE
  key: state/last-established
  uint_value: 1694967381
  key: state/established-transitions
  uint_value: 0
  key: state/messages/sent/UPDATE
  uint_value: 0
  key: state/messages/sent/NOTIFICATION
  uint_value: 0
  key: state/messages/sent/last-notification-time
  uint_value: 0
  key: state/messages/sent/last-notification-error-subcode
  str_value: UNSPECIFIC
  key: state/messages/received/UPDATE
  uint_value: 0
  key: state/messages/received/NOTIFICATION
  uint_value: 0
  key: state/messages/received/last-notification-time
  uint_value: 0
  key: state/messages/received/last-notification-error-code
  str_value: NONE
  key: state/messages/received/last-notification-error-subcode
  str_value: UNSPECIFIC
  key: state/queues/input
  uint_value: 0
  key: state/queues/output
  uint_value: 0
  key: state/dynamically-configured
  bool_value: false
  key: state/session-status
  str_value: HALTED
  key: state/session-admin-status
  str_value: STOP
  key: state/interface-error
  bool_value: true
  key: state/import-eval-pending
  bool_value: false
  key: state/import-eval
  bool_value: false
  key: state/peer-group
  str_value: Equinix
  key: state/neighbor-address
  str_value: 2001:de8:4::714:1
  key: state/enabled
  bool_value: true
  key: timers/state/connect-retry
  str_value: 0.00
  key: timers/state/hold-time
  str_value: 90.00
  key: timers/state/keepalive-interval
  str_value: 30.00
  key: timers/state/minimum-advertisement-interval
  str_value: 0.00
  key: timers/state/negotiated-hold-time
  str_value: 0.00
  key: transport/state/tcp-mss
  uint_value: 0
  key: transport/state/mtu-discovery
  bool_value: false
  key: transport/state/passive-mode
  bool_value: false
  key: transport/state/local-address
  str_value: 2001:de8:4::4:5903:1
  key: transport/state/local-port
  uint_value: 0
  key: transport/state/remote-address
  str_value: 2001:de8:4::714:1
  key: transport/state/remote-port
  uint_value: 0
  key: error-handling/state/treat-as-withdraw
  bool_value: true
  key: error-handling/state/erroneous-update-messages
  uint_value: 0
  key: logging-options/state/log-neighbor-state-changes
  bool_value: false
  key: ebgp-multihop/state/enabled
  bool_value: false
  key: ebgp-multihop/state/multihop-ttl
  uint_value: 0
  key: route-reflector/state/route-reflector-cluster-id
  str_value: zero-len
  key: route-reflector/state/route-reflector-client
  bool_value: false
  key: as-path-options/state/allow-own-as
  uint_value: 0
  key: as-path-options/state/replace-peer-as
  bool_value: false
  key: as-path-options/state/disable-peer-as-filter
  bool_value: false
  key: use-multiple-paths/state/enabled
  bool_value: false
  key: use-multiple-paths/ebgp/state/allow-multiple-as
  bool_value: false
  key: graceful-restart/state/enabled
  bool_value: false
  key: graceful-restart/state/restart-time
  uint_value: 120
  key: graceful-restart/state/stale-routes-time
  str_value: 300.00
  key: graceful-restart/state/helper-only
  bool_value: true
  key: graceful-restart/state/peer-restarting
  bool_value: false
  key: graceful-restart/state/local-restarting
  bool_value: false
  key: graceful-restart/state/mode
  str_value: HELPER_ONLY
  key: apply-policy/state/import-policy
  leaf_list_value: element:<leaflist_str_value:"RX-FROM-APPLE-EQUINIX-IPV6" > 
  key: apply-policy/state/export-policy
  leaf_list_value: element:<leaflist_str_value:"ADV-TO-APPLE-EQUINIX-IPV6" > 
  key: __prefix__
  str_value: /network-instances/network-instance[name='master']/protocols/protocol/bgp/neighbors/neighbor[neighbor-address='2001:de8:4::714:2']/
  key: snmp-peer-index
  uint_value: 257
  key: state/peer-as
  uint_value: 714
  key: state/local-as
  uint_value: 45903
  key: state/peer-type
  str_value: EXTERNAL
  key: state/auth-password
  str_value: (null)
  key: state/route-flap-damping
  bool_value: false
  key: state/description
  str_value: Peering APPLE via Equinix
  key: state/session-state
  str_value: IDLE
  key: state/last-established
  uint_value: 1694967381
  key: state/established-transitions
  uint_value: 0
  key: state/messages/sent/UPDATE
  uint_value: 0
  key: state/messages/sent/NOTIFICATION
  uint_value: 0
  key: state/messages/sent/last-notification-time
  uint_value: 0
  key: state/messages/sent/last-notification-error-subcode
  str_value: UNSPECIFIC
  key: state/messages/received/UPDATE
  uint_value: 0
  key: state/messages/received/NOTIFICATION
  uint_value: 0
  key: state/messages/received/last-notification-time
  uint_value: 0
  key: state/messages/received/last-notification-error-code
  str_value: NONE
  key: state/messages/received/last-notification-error-subcode
  str_value: UNSPECIFIC
  key: state/queues/input
  uint_value: 0
  key: state/queues/output
  uint_value: 0
  key: state/dynamically-configured
  bool_value: false
  key: state/session-status
  str_value: HALTED
  key: state/session-admin-status
  str_value: STOP
  key: state/interface-error
  bool_value: true
  key: state/import-eval-pending
  bool_value: false
  key: state/import-eval
  bool_value: false
  key: state/peer-group
  str_value: Equinix
  key: state/neighbor-address
  str_value: 2001:de8:4::714:2
  key: state/enabled
  bool_value: true
  key: timers/state/connect-retry
  str_value: 0.00
  key: timers/state/hold-time
  str_value: 90.00
  key: timers/state/keepalive-interval
  str_value: 30.00
  key: timers/state/minimum-advertisement-interval
  str_value: 0.00
  key: timers/state/negotiated-hold-time
  str_value: 0.00
  key: transport/state/tcp-mss
  uint_value: 0
  key: transport/state/mtu-discovery
  bool_value: false
  key: transport/state/passive-mode
  bool_value: false
  key: transport/state/local-address
  str_value: 2001:de8:4::4:5903:1
  key: transport/state/local-port
  uint_value: 0
  key: transport/state/remote-address
  str_value: 2001:de8:4::714:2
  key: transport/state/remote-port
  uint_value: 0
  key: error-handling/state/treat-as-withdraw
  bool_value: true
  key: error-handling/state/erroneous-update-messages
  uint_value: 0
  key: logging-options/state/log-neighbor-state-changes
  bool_value: false
  key: ebgp-multihop/state/enabled
  bool_value: false
  key: ebgp-multihop/state/multihop-ttl
  uint_value: 0
  key: route-reflector/state/route-reflector-cluster-id
  str_value: zero-len
  key: route-reflector/state/route-reflector-client
  bool_value: false
  key: as-path-options/state/allow-own-as
  uint_value: 0
  key: as-path-options/state/replace-peer-as
  bool_value: false
  key: as-path-options/state/disable-peer-as-filter
  bool_value: false
  key: use-multiple-paths/state/enabled
  bool_value: false
  key: use-multiple-paths/ebgp/state/allow-multiple-as
  bool_value: false
  key: graceful-restart/state/enabled
  bool_value: false
  key: graceful-restart/state/restart-time
  uint_value: 120
  key: graceful-restart/state/stale-routes-time
  str_value: 300.00
  key: graceful-restart/state/helper-only
  bool_value: true
  key: graceful-restart/state/peer-restarting
  bool_value: false
  key: graceful-restart/state/local-restarting
  bool_value: false
  key: graceful-restart/state/mode
  str_value: HELPER_ONLY
  key: apply-policy/state/import-policy
  leaf_list_value: element:<leaflist_str_value:"RX-FROM-APPLE-EQUINIX-IPV6" > 
  key: apply-policy/state/export-policy
  leaf_list_value: element:<leaflist_str_value:"ADV-TO-APPLE-EQUINIX-IPV6" > 
  key: __prefix__
  str_value: /network-instances/network-instance[name='master']/protocols/protocol/bgp/neighbors/neighbor[neighbor-address='2001:de8:4::2635:1']/
  key: snmp-peer-index
  uint_value: 213
  key: state/peer-as
  uint_value: 2635
  key: state/local-as
  uint_value: 45903
  key: state/peer-type
  str_value: EXTERNAL
  key: state/auth-password
  str_value: (null)
  key: state/route-flap-damping
  bool_value: false
  key: state/description
  str_value: Peering AUTOMATIC IPv6 via Equinix
  key: state/session-state
  str_value: IDLE
  key: state/last-established
  uint_value: 1694967381
  key: state/established-transitions
  uint_value: 0
  key: state/messages/sent/UPDATE
  uint_value: 0
  key: state/messages/sent/NOTIFICATION
  uint_value: 0
  key: state/messages/sent/last-notification-time
  uint_value: 0
  key: state/messages/sent/last-notification-error-subcode
  str_value: UNSPECIFIC
  key: state/messages/received/UPDATE
  uint_value: 0
  key: state/messages/received/NOTIFICATION
  uint_value: 0
  key: state/messages/received/last-notification-time
  uint_value: 0
  key: state/messages/received/last-notification-error-code
  str_value: NONE
  key: state/messages/received/last-notification-error-subcode
  str_value: UNSPECIFIC
  key: state/queues/input
  uint_value: 0
  key: state/queues/output
  uint_value: 0
  key: state/dynamically-configured
  bool_value: false
  key: state/session-status
  str_value: HALTED
  key: state/session-admin-status
  str_value: STOP
  key: state/interface-error
  bool_value: true
  key: state/import-eval-pending
  bool_value: false
  key: state/import-eval
  bool_value: false
  key: state/peer-group
  str_value: Equinix
  key: state/neighbor-address
  str_value: 2001:de8:4::2635:1
  key: state/enabled
  bool_value: true
  key: timers/state/connect-retry
  str_value: 0.00
  key: timers/state/hold-time
  str_value: 90.00
  key: timers/state/keepalive-interval
  str_value: 30.00
  key: timers/state/minimum-advertisement-interval
  str_value: 0.00
  key: timers/state/negotiated-hold-time
  str_value: 0.00
  key: transport/state/tcp-mss
  uint_value: 0
  key: transport/state/mtu-discovery
  bool_value: false
  key: transport/state/passive-mode
  bool_value: false
  key: transport/state/local-address
  str_value: 2001:de8:4::4:5903:1
  key: transport/state/local-port
  uint_value: 0
  key: transport/state/remote-address
  str_value: 2001:de8:4::2635:1
  key: transport/state/remote-port
  uint_value: 0
  key: error-handling/state/treat-as-withdraw
  bool_value: true
  key: error-handling/state/erroneous-update-messages
  uint_value: 0
  key: logging-options/state/log-neighbor-state-changes
  bool_value: false
  key: ebgp-multihop/state/enabled
  bool_value: false
  key: ebgp-multihop/state/multihop-ttl
  uint_value: 0
  key: route-reflector/state/route-reflector-cluster-id
  str_value: zero-len
  key: route-reflector/state/route-reflector-client
  bool_value: false
  key: as-path-options/state/allow-own-as
  uint_value: 0
  key: as-path-options/state/replace-peer-as
  bool_value: false
  key: as-path-options/state/disable-peer-as-filter
  bool_value: false
  key: use-multiple-paths/state/enabled
  bool_value: false
  key: use-multiple-paths/ebgp/state/allow-multiple-as
  bool_value: false
  key: graceful-restart/state/enabled
  bool_value: false
  key: graceful-restart/state/restart-time
  uint_value: 120
  key: graceful-restart/state/stale-routes-time
  str_value: 300.00
  key: graceful-restart/state/helper-only
  bool_value: true
  key: graceful-restart/state/peer-restarting
  bool_value: false
  key: graceful-restart/state/local-restarting
  bool_value: false
  key: graceful-restart/state/mode
  str_value: HELPER_ONLY
system_id: SGP001IGR04
component_id: 65535
sub_component_id: 0
path: sensor_1004:/network-instances/network-instance/protocols/protocol/bgp/neighbors/neighbor/:/network-instances/network-instance/protocols/protocol/bgp/neighbors/neighbor/:rpd
sequence_number: 15
timestamp: 1695289071555
sync_response: false
  key: __timestamp__
  uint_value: 1695289071556
  key: __junos_re_stream_creation_timestamp__
  uint_value: 1695289069611
  key: __junos_re_payload_get_timestamp__
  uint_value: 1695289071531
  key: apply-policy/state/import-policy
  leaf_list_value: element:<leaflist_str_value:"RX-FROM-EQUINIX-IPV6" > 
  key: __prefix__
  str_value: /network-instances/network-instance[name='master']/protocols/protocol/bgp/neighbors/neighbor[neighbor-address='2001:de8:4::2635:1']/
  key: apply-policy/state/export-policy
  leaf_list_value: element:<leaflist_str_value:"ADV-TO-EQUINIX-IPV6" > 
  key: __prefix__
  str_value: /network-instances/network-instance[name='master']/protocols/protocol/bgp/neighbors/neighbor[neighbor-address='2001:de8:4::2906:1']/
  key: snmp-peer-index
  uint_value: 183
  key: state/peer-as
  uint_value: 2906
  key: state/local-as
  uint_value: 45903
  key: state/peer-type
  str_value: EXTERNAL
  key: state/auth-password
  str_value: (null)
  key: state/route-flap-damping
  bool_value: false
  key: state/description
  str_value: Peering Netflix IPv6 via Equinix
  key: state/session-state
  str_value: IDLE
  key: state/last-established
  uint_value: 1694967381
  key: state/established-transitions
  uint_value: 0
  key: state/messages/sent/UPDATE
  uint_value: 0
  key: state/messages/sent/NOTIFICATION
  uint_value: 0
  key: state/messages/sent/last-notification-time
  uint_value: 0
  key: state/messages/sent/last-notification-error-subcode
  str_value: UNSPECIFIC
  key: state/messages/received/UPDATE
  uint_value: 0
  key: state/messages/received/NOTIFICATION
  uint_value: 0
  key: state/messages/received/last-notification-time
  uint_value: 0
  key: state/messages/received/last-notification-error-code
  str_value: NONE
  key: state/messages/received/last-notification-error-subcode
  str_value: UNSPECIFIC
  key: state/queues/input
  uint_value: 0
  key: state/queues/output
  uint_value: 0
  key: state/dynamically-configured
  bool_value: false
  key: state/session-status
  str_value: HALTED
  key: state/session-admin-status
  str_value: STOP
  key: state/interface-error
  bool_value: true
  key: state/import-eval-pending
  bool_value: false
  key: state/import-eval
  bool_value: false
  key: state/peer-group
  str_value: Equinix
  key: state/neighbor-address
  str_value: 2001:de8:4::2906:1
  key: state/enabled
  bool_value: true
  key: timers/state/connect-retry
  str_value: 0.00
  key: timers/state/hold-time
  str_value: 90.00
  key: timers/state/keepalive-interval
  str_value: 30.00
  key: timers/state/minimum-advertisement-interval
  str_value: 0.00
  key: timers/state/negotiated-hold-time
  str_value: 0.00
  key: transport/state/tcp-mss
  uint_value: 0
  key: transport/state/mtu-discovery
  bool_value: false
  key: transport/state/passive-mode
  bool_value: false
  key: transport/state/local-address
  str_value: 2001:de8:4::4:5903:1
  key: transport/state/local-port
  uint_value: 0
  key: transport/state/remote-address
  str_value: 2001:de8:4::2906:1
  key: transport/state/remote-port
  uint_value: 0
  key: error-handling/state/treat-as-withdraw
  bool_value: true
  key: error-handling/state/erroneous-update-messages
  uint_value: 0
  key: logging-options/state/log-neighbor-state-changes
  bool_value: false
  key: ebgp-multihop/state/enabled
  bool_value: false
  key: ebgp-multihop/state/multihop-ttl
  uint_value: 0
  key: route-reflector/state/route-reflector-cluster-id
  str_value: zero-len
  key: route-reflector/state/route-reflector-client
  bool_value: false
  key: as-path-options/state/allow-own-as
  uint_value: 0
  key: as-path-options/state/replace-peer-as
  bool_value: false
  key: as-path-options/state/disable-peer-as-filter
  bool_value: false
  key: use-multiple-paths/state/enabled
  bool_value: false
  key: use-multiple-paths/ebgp/state/allow-multiple-as
  bool_value: false
  key: graceful-restart/state/enabled
  bool_value: false
  key: graceful-restart/state/restart-time
  uint_value: 120
  key: graceful-restart/state/stale-routes-time
  str_value: 300.00
  key: graceful-restart/state/helper-only
  bool_value: true
  key: graceful-restart/state/peer-restarting
  bool_value: false
  key: graceful-restart/state/local-restarting
  bool_value: false
  key: graceful-restart/state/mode
  str_value: HELPER_ONLY
  key: apply-policy/state/import-policy
  leaf_list_value: element:<leaflist_str_value:"RX-FROM-EQUINIX-IPV6" > 
  key: apply-policy/state/export-policy
  leaf_list_value: element:<leaflist_str_value:"ADV-TO-EQUINIX-IPV6" > 
  key: __prefix__
  str_value: /network-instances/network-instance[name='master']/protocols/protocol/bgp/neighbors/neighbor[neighbor-address='2001:de8:4::2906:2']/
  key: snmp-peer-index
  uint_value: 185
  key: state/peer-as
  uint_value: 2906
  key: state/local-as
  uint_value: 45903
  key: state/peer-type
  str_value: EXTERNAL
  key: state/auth-password
  str_value: (null)
  key: state/route-flap-damping
  bool_value: false
  key: state/description
  str_value: Peering Netflix IPv6 via Equinix
  key: state/session-state
  str_value: IDLE
  key: state/last-established
  uint_value: 1694967381
  key: state/established-transitions
  uint_value: 0
  key: state/messages/sent/UPDATE
  uint_value: 0
  key: state/messages/sent/NOTIFICATION
  uint_value: 0
  key: state/messages/sent/last-notification-time
  uint_value: 0
  key: state/messages/sent/last-notification-error-subcode
  str_value: UNSPECIFIC
  key: state/messages/received/UPDATE
  uint_value: 0
  key: state/messages/received/NOTIFICATION
  uint_value: 0
  key: state/messages/received/last-notification-time
  uint_value: 0
  key: state/messages/received/last-notification-error-code
  str_value: NONE
  key: state/messages/received/last-notification-error-subcode
  str_value: UNSPECIFIC
  key: state/queues/input
  uint_value: 0
  key: state/queues/output
  uint_value: 0
  key: state/dynamically-configured
  bool_value: false
  key: state/session-status
  str_value: HALTED
  key: state/session-admin-status
  str_value: STOP
  key: state/interface-error
  bool_value: true
  key: state/import-eval-pending
  bool_value: false
  key: state/import-eval
  bool_value: false
  key: state/peer-group
  str_value: Equinix
  key: state/neighbor-address
  str_value: 2001:de8:4::2906:2
  key: state/enabled
  bool_value: true
  key: timers/state/connect-retry
  str_value: 0.00
  key: timers/state/hold-time
  str_value: 90.00
  key: timers/state/keepalive-interval
  str_value: 30.00
  key: timers/state/minimum-advertisement-interval
  str_value: 0.00
  key: timers/state/negotiated-hold-time
  str_value: 0.00
  key: transport/state/tcp-mss
  uint_value: 0
  key: transport/state/mtu-discovery
  bool_value: false
  key: transport/state/passive-mode
  bool_value: false
  key: transport/state/local-address
  str_value: 2001:de8:4::4:5903:1
  key: transport/state/local-port
  uint_value: 0
  key: transport/state/remote-address
  str_value: 2001:de8:4::2906:2
  key: transport/state/remote-port
  uint_value: 0
  key: error-handling/state/treat-as-withdraw
  bool_value: true
  key: error-handling/state/erroneous-update-messages
  uint_value: 0
  key: logging-options/state/log-neighbor-state-changes
  bool_value: false
  key: ebgp-multihop/state/enabled
  bool_value: false
  key: ebgp-multihop/state/multihop-ttl
  uint_value: 0
  key: route-reflector/state/route-reflector-cluster-id
  str_value: zero-len
  key: route-reflector/state/route-reflector-client
  bool_value: false
  key: as-path-options/state/allow-own-as
  uint_value: 0
  key: as-path-options/state/replace-peer-as
  bool_value: false
  key: as-path-options/state/disable-peer-as-filter
  bool_value: false
  key: use-multiple-paths/state/enabled
  bool_value: false
  key: use-multiple-paths/ebgp/state/allow-multiple-as
  bool_value: false
  key: graceful-restart/state/enabled
  bool_value: false
  key: graceful-restart/state/restart-time
  uint_value: 120
  key: graceful-restart/state/stale-routes-time
  str_value: 300.00
  key: graceful-restart/state/helper-only
  bool_value: true
  key: graceful-restart/state/peer-restarting
  bool_value: false
  key: graceful-restart/state/local-restarting
  bool_value: false
  key: graceful-restart/state/mode
  str_value: HELPER_ONLY
  key: apply-policy/state/import-policy
  leaf_list_value: element:<leaflist_str_value:"RX-FROM-EQUINIX-IPV6" > 
  key: apply-policy/state/export-policy
  leaf_list_value: element:<leaflist_str_value:"ADV-TO-EQUINIX-IPV6" > 
  key: __prefix__
  str_value: /network-instances/network-instance[name='master']/protocols/protocol/bgp/neighbors/neighbor[neighbor-address='2001:de8:4::3303:2']/
  key: snmp-peer-index
  uint_value: 238
  key: state/peer-as
  uint_value: 3303
  key: state/local-as
  uint_value: 45903
  key: state/peer-type
  str_value: EXTERNAL
  key: state/auth-password
  str_value: (null)
  key: state/route-flap-damping
  bool_value: false
  key: state/description
  str_value: Peering Swisscom (Switzerland)IPV6
  key: state/session-state
  str_value: IDLE
  key: state/last-established
  uint_value: 1694967381
  key: state/established-transitions
  uint_value: 0
  key: state/messages/sent/UPDATE
  uint_value: 0
  key: state/messages/sent/NOTIFICATION
  uint_value: 0
  key: state/messages/sent/last-notification-time
  uint_value: 0
  key: state/messages/sent/last-notification-error-subcode
  str_value: UNSPECIFIC
  key: state/messages/received/UPDATE
  uint_value: 0
  key: state/messages/received/NOTIFICATION
  uint_value: 0
  key: state/messages/received/last-notification-time
  uint_value: 0
  key: state/messages/received/last-notification-error-code
  str_value: NONE
  key: state/messages/received/last-notification-error-subcode
  str_value: UNSPECIFIC
  key: state/queues/input
  uint_value: 0
  key: state/queues/output
  uint_value: 0
  key: state/dynamically-configured
  bool_value: false
  key: state/session-status
  str_value: HALTED
  key: state/session-admin-status
  str_value: STOP
  key: state/interface-error
  bool_value: true
  key: state/import-eval-pending
  bool_value: false
  key: state/import-eval
  bool_value: false
  key: state/peer-group
  str_value: Equinix
  key: state/neighbor-address
  str_value: 2001:de8:4::3303:2
  key: state/enabled
  bool_value: true
  key: timers/state/connect-retry
  str_value: 0.00
  key: timers/state/hold-time
  str_value: 90.00
  key: timers/state/keepalive-interval
  str_value: 30.00
  key: timers/state/minimum-advertisement-interval
  str_value: 0.00
  key: timers/state/negotiated-hold-time
  str_value: 0.00
  key: transport/state/tcp-mss
  uint_value: 0
  key: transport/state/mtu-discovery
  bool_value: false
  key: transport/state/passive-mode
  bool_value: false
  key: transport/state/local-address
  str_value: 2001:de8:4::4:5903:1
  key: transport/state/local-port
  uint_value: 0
  key: transport/state/remote-address
  str_value: 2001:de8:4::3303:2
  key: transport/state/remote-port
  uint_value: 0
  key: error-handling/state/treat-as-withdraw
  bool_value: true
  key: error-handling/state/erroneous-update-messages
  uint_value: 0
  key: logging-options/state/log-neighbor-state-changes
  bool_value: false
  key: ebgp-multihop/state/enabled
  bool_value: false
  key: ebgp-multihop/state/multihop-ttl
  uint_value: 0
  key: route-reflector/state/route-reflector-cluster-id
  str_value: zero-len
  key: route-reflector/state/route-reflector-client
  bool_value: false
  key: as-path-options/state/allow-own-as
  uint_value: 0
  key: as-path-options/state/replace-peer-as
  bool_value: false
  key: as-path-options/state/disable-peer-as-filter
  bool_value: false
  key: use-multiple-paths/state/enabled
  bool_value: false
  key: use-multiple-paths/ebgp/state/allow-multiple-as
  bool_value: false
  key: graceful-restart/state/enabled
  bool_value: false
  key: graceful-restart/state/restart-time
  uint_value: 120
  key: graceful-restart/state/stale-routes-time
  str_value: 300.00
  key: graceful-restart/state/helper-only
  bool_value: true
  key: graceful-restart/state/peer-restarting
  bool_value: false
  key: graceful-restart/state/local-restarting
  bool_value: false
  key: graceful-restart/state/mode
  str_value: HELPER_ONLY
  key: apply-policy/state/import-policy
  leaf_list_value: element:<leaflist_str_value:"RX-FROM-SWISSCOM-IPV6" > 
  key: apply-policy/state/export-policy
  leaf_list_value: element:<leaflist_str_value:"ADV-TO-SWISSCOM-IPV6" > 
  key: __prefix__
  str_value: /network-instances/network-instance[name='master']/protocols/protocol/bgp/neighbors/neighbor[neighbor-address='2001:de8:4::3856:1']/
  key: snmp-peer-index
  uint_value: 175
  key: state/peer-as
  uint_value: 3856
  key: state/local-as
  uint_value: 45903
  key: state/peer-type
  str_value: EXTERNAL
  key: state/auth-password
  str_value: (null)
  key: state/route-flap-damping
  bool_value: false
  key: state/description
  str_value: Peer-PCH-AS3856-IPv6
  key: state/session-state
  str_value: IDLE
  key: state/last-established
  uint_value: 1694967381
  key: state/established-transitions
  uint_value: 0
  key: state/messages/sent/UPDATE
  uint_value: 0
  key: state/messages/sent/NOTIFICATION
  uint_value: 0
  key: state/messages/sent/last-notification-time
  uint_value: 0
  key: state/messages/sent/last-notification-error-subcode
  str_value: UNSPECIFIC
  key: state/messages/received/UPDATE
  uint_value: 0
  key: state/messages/received/NOTIFICATION
  uint_value: 0
  key: state/messages/received/last-notification-time
  uint_value: 0
  key: state/messages/received/last-notification-error-code
  str_value: NONE
  key: state/messages/received/last-notification-error-subcode
  str_value: UNSPECIFIC
  key: state/queues/input
  uint_value: 0
  key: state/queues/output
  uint_value: 0
  key: state/dynamically-configured
  bool_value: false
  key: state/session-status
  str_value: HALTED
  key: state/session-admin-status
  str_value: STOP
  key: state/interface-error
  bool_value: true
  key: state/import-eval-pending
  bool_value: false
  key: state/import-eval
  bool_value: false
  key: state/peer-group
  str_value: Equinix
  key: state/neighbor-address
  str_value: 2001:de8:4::3856:1
  key: state/enabled
  bool_value: true
  key: timers/state/connect-retry
  str_value: 0.00
  key: timers/state/hold-time
  str_value: 90.00
  key: timers/state/keepalive-interval
  str_value: 30.00
  key: timers/state/minimum-advertisement-interval
  str_value: 0.00
  key: timers/state/negotiated-hold-time
  str_value: 0.00
  key: transport/state/tcp-mss
  uint_value: 0
  key: transport/state/mtu-discovery
  bool_value: false
  key: transport/state/passive-mode
  bool_value: false
  key: transport/state/local-address
  str_value: 2001:de8:4::4:5903:1
  key: transport/state/local-port
  uint_value: 0
  key: transport/state/remote-address
  str_value: 2001:de8:4::3856:1
  key: transport/state/remote-port
  uint_value: 0
  key: error-handling/state/treat-as-withdraw
  bool_value: true
  key: error-handling/state/erroneous-update-messages
  uint_value: 0
  key: logging-options/state/log-neighbor-state-changes
  bool_value: false
  key: ebgp-multihop/state/enabled
  bool_value: false
  key: ebgp-multihop/state/multihop-ttl
  uint_value: 0
  key: route-reflector/state/route-reflector-cluster-id
  str_value: zero-len
  key: route-reflector/state/route-reflector-client
  bool_value: false
  key: as-path-options/state/allow-own-as
  uint_value: 0
  key: as-path-options/state/replace-peer-as
  bool_value: false
  key: as-path-options/state/disable-peer-as-filter
  bool_value: false
  key: use-multiple-paths/state/enabled
  bool_value: false
  key: use-multiple-paths/ebgp/state/allow-multiple-as
  bool_value: false
  key: graceful-restart/state/enabled
  bool_value: false
  key: graceful-restart/state/restart-time
  uint_value: 120
  key: graceful-restart/state/stale-routes-time
  str_value: 300.00
  key: graceful-restart/state/helper-only
  bool_value: true
  key: graceful-restart/state/peer-restarting
  bool_value: false
  key: graceful-restart/state/local-restarting
  bool_value: false
  key: graceful-restart/state/mode
  str_value: HELPER_ONLY
  key: apply-policy/state/import-policy
  leaf_list_value: element:<leaflist_str_value:"RX-FROM-EQUINIX-IPV6" > 
  key: apply-policy/state/export-policy
  leaf_list_value: element:<leaflist_str_value:"ADV-TO-EQUINIX-IPV6" > 
  key: __prefix__
  str_value: /network-instances/network-instance[name='master']/protocols/protocol/bgp/neighbors/neighbor[neighbor-address='2001:de8:4::4788:3']/
  key: snmp-peer-index
  uint_value: 277
  key: state/peer-as
  uint_value: 4788
  key: state/local-as
  uint_value: 45903
  key: state/peer-type
  str_value: EXTERNAL
  key: state/auth-password
  str_value: (null)
  key: state/route-flap-damping
  bool_value: false
  key: state/description
  str_value: Peer-TelekomMalaysia-AS4788-IPV6
  key: state/session-state
  str_value: IDLE
  key: state/last-established
  uint_value: 1694967381
  key: state/established-transitions
  uint_value: 0
  key: state/messages/sent/UPDATE
  uint_value: 0
  key: state/messages/sent/NOTIFICATION
  uint_value: 0
  key: state/messages/sent/last-notification-time
  uint_value: 0
  key: state/messages/sent/last-notification-error-subcode
  str_value: UNSPECIFIC
  key: state/messages/received/UPDATE
  uint_value: 0
  key: state/messages/received/NOTIFICATION
  uint_value: 0
  key: state/messages/received/last-notification-time
  uint_value: 0
  key: state/messages/received/last-notification-error-code
  str_value: NONE
  key: state/messages/received/last-notification-error-subcode
  str_value: UNSPECIFIC
  key: state/queues/input
  uint_value: 0
  key: state/queues/output
  uint_value: 0
  key: state/dynamically-configured
  bool_value: false
  key: state/session-status
  str_value: HALTED
  key: state/session-admin-status
  str_value: STOP
  key: state/interface-error
  bool_value: true
  key: state/import-eval-pending
  bool_value: false
  key: state/import-eval
  bool_value: false
  key: state/peer-group
  str_value: Equinix
  key: state/neighbor-address
  str_value: 2001:de8:4::4788:3
  key: state/enabled
  bool_value: true
  key: timers/state/connect-retry
  str_value: 0.00
  key: timers/state/hold-time
  str_value: 90.00
  key: timers/state/keepalive-interval
  str_value: 30.00
  key: timers/state/minimum-advertisement-interval
  str_value: 0.00
  key: timers/state/negotiated-hold-time
  str_value: 0.00
  key: transport/state/tcp-mss
  uint_value: 0
  key: transport/state/mtu-discovery
  bool_value: false
  key: transport/state/passive-mode
  bool_value: false
  key: transport/state/local-address
  str_value: 2001:de8:4::4:5903:1
  key: transport/state/local-port
  uint_value: 0
  key: transport/state/remote-address
  str_value: 2001:de8:4::4788:3
  key: transport/state/remote-port
  uint_value: 0
  key: error-handling/state/treat-as-withdraw
  bool_value: true
  key: error-handling/state/erroneous-update-messages
  uint_value: 0
  key: logging-options/state/log-neighbor-state-changes
  bool_value: false
  key: ebgp-multihop/state/enabled
  bool_value: false
  key: ebgp-multihop/state/multihop-ttl
  uint_value: 0
  key: route-reflector/state/route-reflector-cluster-id
  str_value: zero-len
  key: route-reflector/state/route-reflector-client
  bool_value: false
  key: as-path-options/state/allow-own-as
  uint_value: 0
  key: as-path-options/state/replace-peer-as
  bool_value: false
  key: as-path-options/state/disable-peer-as-filter
  bool_value: false
  key: use-multiple-paths/state/enabled
  bool_value: false
  key: use-multiple-paths/ebgp/state/allow-multiple-as
  bool_value: false
  key: graceful-restart/state/enabled
  bool_value: false
  key: graceful-restart/state/restart-time
  uint_value: 120
  key: graceful-restart/state/stale-routes-time
  str_value: 300.00
  key: graceful-restart/state/helper-only
  bool_value: true
  key: graceful-restart/state/peer-restarting
  bool_value: false
  key: graceful-restart/state/local-restarting
  bool_value: false
  key: graceful-restart/state/mode
  str_value: HELPER_ONLY
  key: apply-policy/state/import-policy
  leaf_list_value: element:<leaflist_str_value:"RX-FROM-EQUINIX-IPV6" > 
  key: apply-policy/state/export-policy
  leaf_list_value: element:<leaflist_str_value:"ADV-TO-EQUINIX-IPV6" > 
  key: __prefix__
  str_value: /network-instances/network-instance[name='master']/protocols/protocol/bgp/neighbors/neighbor[neighbor-address='2001:de8:4::4826:1']/
  key: snmp-peer-index
  uint_value: 253
  key: state/peer-as
  uint_value: 4826
  key: state/local-as
  uint_value: 45903
  key: state/peer-type
  str_value: EXTERNAL
  key: state/auth-password
  str_value: (null)
  key: state/route-flap-damping
  bool_value: false
  key: state/description
  str_value: Vocus_via_EQUINIX-IPV6
  key: state/session-state
  str_value: IDLE
  key: state/last-established
  uint_value: 1694967381
  key: state/established-transitions
  uint_value: 0
  key: state/messages/sent/UPDATE
  uint_value: 0
  key: state/messages/sent/NOTIFICATION
  uint_value: 0
  key: state/messages/sent/last-notification-time
  uint_value: 0
  key: state/messages/sent/last-notification-error-subcode
  str_value: UNSPECIFIC
  key: state/messages/received/UPDATE
  uint_value: 0
  key: state/messages/received/NOTIFICATION
  uint_value: 0
  key: state/messages/received/last-notification-time
  uint_value: 0
  key: state/messages/received/last-notification-error-code
  str_value: NONE
  key: state/messages/received/last-notification-error-subcode
  str_value: UNSPECIFIC
  key: state/queues/input
  uint_value: 0
  key: state/queues/output
  uint_value: 0
  key: state/dynamically-configured
  bool_value: false
  key: state/session-status
  str_value: HALTED
  key: state/session-admin-status
  str_value: STOP
  key: state/interface-error
  bool_value: true
  key: state/import-eval-pending
  bool_value: false
  key: state/import-eval
  bool_value: false
  key: state/peer-group
  str_value: Equinix
  key: state/neighbor-address
  str_value: 2001:de8:4::4826:1
  key: state/enabled
  bool_value: true
  key: timers/state/connect-retry
  str_value: 0.00
  key: timers/state/hold-time
  str_value: 90.00
  key: timers/state/keepalive-interval
  str_value: 30.00
  key: timers/state/minimum-advertisement-interval
  str_value: 0.00
  key: timers/state/negotiated-hold-time
  str_value: 0.00
  key: transport/state/tcp-mss
  uint_value: 0
  key: transport/state/mtu-discovery
  bool_value: false
  key: transport/state/passive-mode
  bool_value: false
  key: transport/state/local-address
  str_value: 2001:de8:4::4:5903:1
  key: transport/state/local-port
  uint_value: 0
  key: transport/state/remote-address
  str_value: 2001:de8:4::4826:1
  key: transport/state/remote-port
  uint_value: 0
  key: error-handling/state/treat-as-withdraw
  bool_value: true
  key: error-handling/state/erroneous-update-messages
  uint_value: 0
  key: logging-options/state/log-neighbor-state-changes
  bool_value: false
  key: ebgp-multihop/state/enabled
  bool_value: false
  key: ebgp-multihop/state/multihop-ttl
  uint_value: 0
  key: route-reflector/state/route-reflector-cluster-id
  str_value: zero-len
  key: route-reflector/state/route-reflector-client
  bool_value: false
  key: as-path-options/state/allow-own-as
  uint_value: 0
  key: as-path-options/state/replace-peer-as
  bool_value: false
  key: as-path-options/state/disable-peer-as-filter
  bool_value: false
  key: use-multiple-paths/state/enabled
  bool_value: false
  key: use-multiple-paths/ebgp/state/allow-multiple-as
  bool_value: false
  key: __prefix__
  str_value: /network-instances/network-instance[name='master']/protocols/protocol/bgp/neighbors/neighbor[neighbor-address='2001:de8:4::4826:1']/afi-safis/afi-safi[afi-safi-name='IPV6_UNICAST']/
  key: graceful-restart/state/enabled
  bool_value: true
  key: graceful-restart/state/received
  bool_value: false
  key: graceful-restart/state/advertised
  bool_value: false
  key: state/afi-safi-name
  str_value: IPV6_UNICAST
  key: state/enabled
  bool_value: true
  key: state/active
  bool_value: false
  key: state/prefixes/received
  uint_value: 0
  key: state/prefixes/sent
  uint_value: 0
  key: state/prefixes/installed
  uint_value: 0
  key: state/prefixes/accepted
  uint_value: 0
  key: state/prefix-limit-exceeded
  bool_value: false
  key: state/queues/input
  uint_value: 0
  key: state/queues/output
  uint_value: 0
  key: add-paths/state/receive
  bool_value: false
  key: add-paths/state/send
  bool_value: false
  key: add-paths/state/eligible-prefix-policy
  str_value: 
  key: ipv6-unicast/prefix-limit/state/max-prefixes
  uint_value: 0
  key: ipv6-unicast/prefix-limit/state/prevent-teardown
  bool_value: true
  key: ipv6-unicast/prefix-limit/state/shutdown-threshold-pct
  uint_value: 0
  key: ipv6-unicast/prefix-limit/state/restart-timer
  str_value: 0.00
  key: __prefix__
  str_value: /network-instances/network-instance[name='master']/protocols/protocol/bgp/neighbors/neighbor[neighbor-address='2001:de8:4::4826:1']/
  key: graceful-restart/state/enabled
  bool_value: false
  key: graceful-restart/state/restart-time
  uint_value: 120
  key: graceful-restart/state/stale-routes-time
  str_value: 300.00
  key: graceful-restart/state/helper-only
  bool_value: true
  key: graceful-restart/state/peer-restarting
  bool_value: false
  key: graceful-restart/state/local-restarting
  bool_value: false
  key: graceful-restart/state/mode
  str_value: HELPER_ONLY
system_id: SGP001IGR04
component_id: 65535
sub_component_id: 0
path: sensor_1004:/network-instances/network-instance/protocols/protocol/bgp/neighbors/neighbor/:/network-instances/network-instance/protocols/protocol/bgp/neighbors/neighbor/:rpd
sequence_number: 16
timestamp: 1695289071680
sync_response: false
  key: __timestamp__
  uint_value: 1695289071680
  key: __junos_re_stream_creation_timestamp__
  uint_value: 1695289069611
  key: __junos_re_payload_get_timestamp__
  uint_value: 1695289071655
  key: apply-policy/state/import-policy
  leaf_list_value: element:<leaflist_str_value:"RX-FROM-EQUINIX-IPV6" > 
  key: __prefix__
  str_value: /network-instances/network-instance[name='master']/protocols/protocol/bgp/neighbors/neighbor[neighbor-address='2001:de8:4::4826:1']/
  key: apply-policy/state/export-policy
  leaf_list_value: element:<leaflist_str_value:"ADV-TO-EQUINIX-IPV6" > 
  key: __prefix__
  str_value: /network-instances/network-instance[name='master']/protocols/protocol/bgp/neighbors/neighbor[neighbor-address='2001:de8:4::4844:1']/
  key: snmp-peer-index
  uint_value: 181
  key: state/peer-as
  uint_value: 4844
  key: state/local-as
  uint_value: 45903
  key: state/peer-type
  str_value: EXTERNAL
  key: state/auth-password
  str_value: (null)
  key: state/route-flap-damping
  bool_value: false
  key: state/description
  str_value: Peering SuperInternet via Equinix
  key: state/session-state
  str_value: IDLE
  key: state/last-established
  uint_value: 1694967381
  key: state/established-transitions
  uint_value: 0
  key: state/messages/sent/UPDATE
  uint_value: 0
  key: state/messages/sent/NOTIFICATION
  uint_value: 0
  key: state/messages/sent/last-notification-time
  uint_value: 0
  key: state/messages/sent/last-notification-error-subcode
  str_value: UNSPECIFIC
  key: state/messages/received/UPDATE
  uint_value: 0
  key: state/messages/received/NOTIFICATION
  uint_value: 0
  key: state/messages/received/last-notification-time
  uint_value: 0
  key: state/messages/received/last-notification-error-code
  str_value: NONE
  key: state/messages/received/last-notification-error-subcode
  str_value: UNSPECIFIC
  key: state/queues/input
  uint_value: 0
  key: state/queues/output
  uint_value: 0
  key: state/dynamically-configured
  bool_value: false
  key: state/session-status
  str_value: HALTED
  key: state/session-admin-status
  str_value: STOP
  key: state/interface-error
  bool_value: true
  key: state/import-eval-pending
  bool_value: false
  key: state/import-eval
  bool_value: false
  key: state/peer-group
  str_value: Equinix
  key: state/neighbor-address
  str_value: 2001:de8:4::4844:1
  key: state/enabled
  bool_value: true
  key: timers/state/connect-retry
  str_value: 0.00
  key: timers/state/hold-time
  str_value: 90.00
  key: timers/state/keepalive-interval
  str_value: 30.00
  key: timers/state/minimum-advertisement-interval
  str_value: 0.00
  key: timers/state/negotiated-hold-time
  str_value: 0.00
  key: transport/state/tcp-mss
  uint_value: 0
  key: transport/state/mtu-discovery
  bool_value: false
  key: transport/state/passive-mode
  bool_value: false
  key: transport/state/local-address
  str_value: 2001:de8:4::4:5903:1
  key: transport/state/local-port
  uint_value: 0
  key: transport/state/remote-address
  str_value: 2001:de8:4::4844:1
  key: transport/state/remote-port
  uint_value: 0
  key: error-handling/state/treat-as-withdraw
  bool_value: true
  key: error-handling/state/erroneous-update-messages
  uint_value: 0
  key: logging-options/state/log-neighbor-state-changes
  bool_value: false
  key: ebgp-multihop/state/enabled
  bool_value: false
  key: ebgp-multihop/state/multihop-ttl
  uint_value: 0
  key: route-reflector/state/route-reflector-cluster-id
  str_value: zero-len
  key: route-reflector/state/route-reflector-client
  bool_value: false
  key: as-path-options/state/allow-own-as
  uint_value: 0
  key: as-path-options/state/replace-peer-as
  bool_value: false
  key: as-path-options/state/disable-peer-as-filter
  bool_value: false
  key: use-multiple-paths/state/enabled
  bool_value: false
  key: use-multiple-paths/ebgp/state/allow-multiple-as
  bool_value: false
  key: graceful-restart/state/enabled
  bool_value: false
  key: graceful-restart/state/restart-time
  uint_value: 120
  key: graceful-restart/state/stale-routes-time
  str_value: 300.00
  key: graceful-restart/state/helper-only
  bool_value: true
  key: graceful-restart/state/peer-restarting
  bool_value: false
  key: graceful-restart/state/local-restarting
  bool_value: false
  key: graceful-restart/state/mode
  str_value: HELPER_ONLY
  key: apply-policy/state/import-policy
  leaf_list_value: element:<leaflist_str_value:"RX-FROM-EQUINIX-IPV6" > 
  key: apply-policy/state/export-policy
  leaf_list_value: element:<leaflist_str_value:"ADV-TO-EQUINIX-IPV6" > 
  key: __prefix__
  str_value: /network-instances/network-instance[name='master']/protocols/protocol/bgp/neighbors/neighbor[neighbor-address='2001:de8:4::6939:1']/
  key: snmp-peer-index
  uint_value: 162
  key: state/peer-as
  uint_value: 6939
  key: state/local-as
  uint_value: 45903
  key: state/peer-type
  str_value: EXTERNAL
  key: state/auth-password
  str_value: (null)
  key: state/route-flap-damping
  bool_value: false
  key: state/description
  str_value: To HE IPv6
  key: state/session-state
  str_value: IDLE
  key: state/last-established
  uint_value: 1694967381
  key: state/established-transitions
  uint_value: 0
  key: state/messages/sent/UPDATE
  uint_value: 0
  key: state/messages/sent/NOTIFICATION
  uint_value: 0
  key: state/messages/sent/last-notification-time
  uint_value: 0
  key: state/messages/sent/last-notification-error-subcode
  str_value: UNSPECIFIC
  key: state/messages/received/UPDATE
  uint_value: 0
  key: state/messages/received/NOTIFICATION
  uint_value: 0
  key: state/messages/received/last-notification-time
  uint_value: 0
  key: state/messages/received/last-notification-error-code
  str_value: NONE
  key: state/messages/received/last-notification-error-subcode
  str_value: UNSPECIFIC
  key: state/queues/input
  uint_value: 0
  key: state/queues/output
  uint_value: 0
  key: state/dynamically-configured
  bool_value: false
  key: state/session-status
  str_value: HALTED
  key: state/session-admin-status
  str_value: STOP
  key: state/interface-error
  bool_value: true
  key: state/import-eval-pending
  bool_value: false
  key: state/import-eval
  bool_value: false
  key: state/peer-group
  str_value: Equinix
  key: state/neighbor-address
  str_value: 2001:de8:4::6939:1
  key: state/enabled
  bool_value: true
  key: timers/state/connect-retry
  str_value: 0.00
  key: timers/state/hold-time
  str_value: 90.00
  key: timers/state/keepalive-interval
  str_value: 30.00
  key: timers/state/minimum-advertisement-interval
  str_value: 0.00
  key: timers/state/negotiated-hold-time
  str_value: 0.00
  key: transport/state/tcp-mss
  uint_value: 0
  key: transport/state/mtu-discovery
  bool_value: false
  key: transport/state/passive-mode
  bool_value: false
  key: transport/state/local-address
  str_value: 2001:de8:4::4:5903:1
  key: transport/state/local-port
  uint_value: 0
  key: transport/state/remote-address
  str_value: 2001:de8:4::6939:1
  key: transport/state/remote-port
  uint_value: 0
  key: error-handling/state/treat-as-withdraw
  bool_value: true
  key: error-handling/state/erroneous-update-messages
  uint_value: 0
  key: logging-options/state/log-neighbor-state-changes
  bool_value: false
  key: ebgp-multihop/state/enabled
  bool_value: false
  key: ebgp-multihop/state/multihop-ttl
  uint_value: 0
  key: route-reflector/state/route-reflector-cluster-id
  str_value: zero-len
  key: route-reflector/state/route-reflector-client
  bool_value: false
  key: as-path-options/state/allow-own-as
  uint_value: 0
  key: as-path-options/state/replace-peer-as
  bool_value: false
  key: as-path-options/state/disable-peer-as-filter
  bool_value: false
  key: use-multiple-paths/state/enabled
  bool_value: false
  key: use-multiple-paths/ebgp/state/allow-multiple-as
  bool_value: false
  key: graceful-restart/state/enabled
  bool_value: false
  key: graceful-restart/state/restart-time
  uint_value: 120
  key: graceful-restart/state/stale-routes-time
  str_value: 300.00
  key: graceful-restart/state/helper-only
  bool_value: true
  key: graceful-restart/state/peer-restarting
  bool_value: false
  key: graceful-restart/state/local-restarting
  bool_value: false
  key: graceful-restart/state/mode
  str_value: HELPER_ONLY
  key: apply-policy/state/import-policy
  leaf_list_value: element:<leaflist_str_value:"RX-FROM-HE-EQUINIX-IPv6" > 
  key: apply-policy/state/export-policy
  leaf_list_value: element:<leaflist_str_value:"ADV-TO-HE-EQUINIX-IPv6" > 
  key: __prefix__
  str_value: /network-instances/network-instance[name='master']/protocols/protocol/bgp/neighbors/neighbor[neighbor-address='2001:de8:4::8075:1']/
  key: snmp-peer-index
  uint_value: 167
  key: state/peer-as
  uint_value: 8075
  key: state/local-as
  uint_value: 45903
  key: state/peer-type
  str_value: EXTERNAL
  key: state/auth-password
  str_value: (null)
  key: state/route-flap-damping
  bool_value: false
  key: state/description
  str_value: Peering Microsoft IPV6 via Equinix
  key: state/session-state
  str_value: IDLE
  key: state/last-established
  uint_value: 1694967381
  key: state/established-transitions
  uint_value: 0
  key: state/messages/sent/UPDATE
  uint_value: 0
  key: state/messages/sent/NOTIFICATION
  uint_value: 0
  key: state/messages/sent/last-notification-time
  uint_value: 0
  key: state/messages/sent/last-notification-error-subcode
  str_value: UNSPECIFIC
  key: state/messages/received/UPDATE
  uint_value: 0
  key: state/messages/received/NOTIFICATION
  uint_value: 0
  key: state/messages/received/last-notification-time
  uint_value: 0
  key: state/messages/received/last-notification-error-code
  str_value: NONE
  key: state/messages/received/last-notification-error-subcode
  str_value: UNSPECIFIC
  key: state/queues/input
  uint_value: 0
  key: state/queues/output
  uint_value: 0
  key: state/dynamically-configured
  bool_value: false
  key: state/session-status
  str_value: HALTED
  key: state/session-admin-status
  str_value: STOP
  key: state/interface-error
  bool_value: true
  key: state/import-eval-pending
  bool_value: false
  key: state/import-eval
  bool_value: false
  key: state/peer-group
  str_value: Equinix
  key: state/neighbor-address
  str_value: 2001:de8:4::8075:1
  key: state/enabled
  bool_value: true
  key: timers/state/connect-retry
  str_value: 0.00
  key: timers/state/hold-time
  str_value: 90.00
  key: timers/state/keepalive-interval
  str_value: 30.00
  key: timers/state/minimum-advertisement-interval
  str_value: 0.00
  key: timers/state/negotiated-hold-time
  str_value: 0.00
  key: transport/state/tcp-mss
  uint_value: 0
  key: transport/state/mtu-discovery
  bool_value: false
  key: transport/state/passive-mode
  bool_value: false
  key: transport/state/local-address
  str_value: 2001:de8:4::4:5903:1
  key: transport/state/local-port
  uint_value: 0
  key: transport/state/remote-address
  str_value: 2001:de8:4::8075:1
  key: transport/state/remote-port
  uint_value: 0
  key: error-handling/state/treat-as-withdraw
  bool_value: true
  key: error-handling/state/erroneous-update-messages
  uint_value: 0
  key: logging-options/state/log-neighbor-state-changes
  bool_value: false
  key: ebgp-multihop/state/enabled
  bool_value: false
  key: ebgp-multihop/state/multihop-ttl
  uint_value: 0
  key: route-reflector/state/route-reflector-cluster-id
  str_value: zero-len
  key: route-reflector/state/route-reflector-client
  bool_value: false
  key: as-path-options/state/allow-own-as
  uint_value: 0
  key: as-path-options/state/replace-peer-as
  bool_value: false
  key: as-path-options/state/disable-peer-as-filter
  bool_value: false
  key: use-multiple-paths/state/enabled
  bool_value: false
  key: use-multiple-paths/ebgp/state/allow-multiple-as
  bool_value: false
  key: graceful-restart/state/enabled
  bool_value: false
  key: graceful-restart/state/restart-time
  uint_value: 120
  key: graceful-restart/state/stale-routes-time
  str_value: 300.00
  key: graceful-restart/state/helper-only
  bool_value: true
  key: graceful-restart/state/peer-restarting
  bool_value: false
  key: graceful-restart/state/local-restarting
  bool_value: false
  key: graceful-restart/state/mode
  str_value: HELPER_ONLY
  key: apply-policy/state/import-policy
  leaf_list_value: element:<leaflist_str_value:"RX-FROM-EQUINIX-IPV6" > 
  key: apply-policy/state/export-policy
  leaf_list_value: element:<leaflist_str_value:"ADV-TO-EQUINIX-IPV6" > 
  key: __prefix__
  str_value: /network-instances/network-instance[name='master']/protocols/protocol/bgp/neighbors/neighbor[neighbor-address='2001:de8:4::8220:1']/
  key: snmp-peer-index
  uint_value: 275
  key: state/peer-as
  uint_value: 8220
  key: state/local-as
  uint_value: 45903
  key: state/peer-type
  str_value: EXTERNAL
  key: state/auth-password
  str_value: (null)
  key: state/remove-private-as
  str_value: PRIVATE_AS_REMOVE_ALL
  key: state/route-flap-damping
  bool_value: false
  key: state/description
  str_value: COLT_via_EQUINIX_Sing_IPv6
  key: state/session-state
  str_value: IDLE
  key: state/last-established
  uint_value: 1694967381
  key: state/established-transitions
  uint_value: 0
  key: state/messages/sent/UPDATE
  uint_value: 0
  key: state/messages/sent/NOTIFICATION
  uint_value: 0
  key: state/messages/sent/last-notification-time
  uint_value: 0
  key: state/messages/sent/last-notification-error-subcode
  str_value: UNSPECIFIC
  key: state/messages/received/UPDATE
  uint_value: 0
  key: state/messages/received/NOTIFICATION
  uint_value: 0
  key: state/messages/received/last-notification-time
  uint_value: 0
  key: state/messages/received/last-notification-error-code
  str_value: NONE
  key: state/messages/received/last-notification-error-subcode
  str_value: UNSPECIFIC
  key: state/queues/input
  uint_value: 0
  key: state/queues/output
  uint_value: 0
  key: state/dynamically-configured
  bool_value: false
  key: state/session-status
  str_value: HALTED
  key: state/session-admin-status
  str_value: STOP
  key: state/interface-error
  bool_value: true
  key: state/import-eval-pending
  bool_value: false
  key: state/import-eval
  bool_value: false
  key: state/peer-group
  str_value: Equinix
  key: state/neighbor-address
  str_value: 2001:de8:4::8220:1
  key: state/enabled
  bool_value: true
  key: timers/state/connect-retry
  str_value: 0.00
  key: timers/state/hold-time
  str_value: 90.00
  key: timers/state/keepalive-interval
  str_value: 30.00
  key: timers/state/minimum-advertisement-interval
  str_value: 0.00
  key: timers/state/negotiated-hold-time
  str_value: 0.00
  key: transport/state/tcp-mss
  uint_value: 0
  key: transport/state/mtu-discovery
  bool_value: false
  key: transport/state/passive-mode
  bool_value: false
  key: transport/state/local-address
  str_value: 2001:de8:4::4:5903:1
  key: transport/state/local-port
  uint_value: 0
  key: transport/state/remote-address
  str_value: 2001:de8:4::8220:1
  key: transport/state/remote-port
  uint_value: 0
  key: error-handling/state/treat-as-withdraw
  bool_value: true
  key: error-handling/state/erroneous-update-messages
  uint_value: 0
  key: logging-options/state/log-neighbor-state-changes
  bool_value: false
  key: ebgp-multihop/state/enabled
  bool_value: false
  key: ebgp-multihop/state/multihop-ttl
  uint_value: 0
  key: route-reflector/state/route-reflector-cluster-id
  str_value: zero-len
  key: route-reflector/state/route-reflector-client
  bool_value: false
  key: as-path-options/state/allow-own-as
  uint_value: 0
  key: as-path-options/state/replace-peer-as
  bool_value: false
  key: as-path-options/state/disable-peer-as-filter
  bool_value: false
  key: use-multiple-paths/state/enabled
  bool_value: false
  key: use-multiple-paths/ebgp/state/allow-multiple-as
  bool_value: false
  key: graceful-restart/state/enabled
  bool_value: false
  key: graceful-restart/state/restart-time
  uint_value: 120
  key: graceful-restart/state/stale-routes-time
  str_value: 300.00
  key: graceful-restart/state/helper-only
  bool_value: true
  key: graceful-restart/state/peer-restarting
  bool_value: false
  key: graceful-restart/state/local-restarting
  bool_value: false
  key: graceful-restart/state/mode
  str_value: HELPER_ONLY
  key: apply-policy/state/import-policy
  leaf_list_value: element:<leaflist_str_value:"RX-FROM-EQUINIX-IPV6" > 
  key: apply-policy/state/export-policy
  leaf_list_value: element:<leaflist_str_value:"ADV-TO-EQUINIX-IPV6" > 
  key: __prefix__
  str_value: /network-instances/network-instance[name='master']/protocols/protocol/bgp/neighbors/neighbor[neighbor-address='2001:de8:4::9873:1']/
  key: snmp-peer-index
  uint_value: 273
  key: state/peer-as
  uint_value: 9873
  key: state/local-as
  uint_value: 45903
  key: state/peer-type
  str_value: EXTERNAL
  key: state/auth-password
  str_value: (null)
  key: state/route-flap-damping
  bool_value: false
  key: state/description
  str_value: Peering Laotel IPv6 via Equinix
  key: state/session-state
  str_value: IDLE
  key: state/last-established
  uint_value: 1694967381
  key: state/established-transitions
  uint_value: 0
  key: state/messages/sent/UPDATE
  uint_value: 0
  key: state/messages/sent/NOTIFICATION
  uint_value: 0
  key: state/messages/sent/last-notification-time
  uint_value: 0
  key: state/messages/sent/last-notification-error-subcode
  str_value: UNSPECIFIC
  key: state/messages/received/UPDATE
  uint_value: 0
  key: state/messages/received/NOTIFICATION
  uint_value: 0
  key: state/messages/received/last-notification-time
  uint_value: 0
  key: state/messages/received/last-notification-error-code
  str_value: NONE
  key: state/messages/received/last-notification-error-subcode
  str_value: UNSPECIFIC
  key: state/queues/input
  uint_value: 0
  key: state/queues/output
  uint_value: 0
  key: state/dynamically-configured
  bool_value: false
  key: state/session-status
  str_value: HALTED
  key: state/session-admin-status
  str_value: STOP
  key: state/interface-error
  bool_value: true
  key: state/import-eval-pending
  bool_value: false
  key: state/import-eval
  bool_value: false
  key: state/peer-group
  str_value: Equinix
  key: state/neighbor-address
  str_value: 2001:de8:4::9873:1
  key: state/enabled
  bool_value: true
  key: timers/state/connect-retry
  str_value: 0.00
  key: timers/state/hold-time
  str_value: 90.00
  key: timers/state/keepalive-interval
  str_value: 30.00
  key: timers/state/minimum-advertisement-interval
  str_value: 0.00
  key: timers/state/negotiated-hold-time
  str_value: 0.00
  key: transport/state/tcp-mss
  uint_value: 0
  key: transport/state/mtu-discovery
  bool_value: false
  key: transport/state/passive-mode
  bool_value: false
  key: transport/state/local-address
  str_value: 2001:de8:4::4:5903:1
  key: transport/state/local-port
  uint_value: 0
  key: transport/state/remote-address
  str_value: 2001:de8:4::9873:1
  key: transport/state/remote-port
  uint_value: 0
  key: error-handling/state/treat-as-withdraw
  bool_value: true
  key: error-handling/state/erroneous-update-messages
  uint_value: 0
  key: logging-options/state/log-neighbor-state-changes
  bool_value: false
  key: ebgp-multihop/state/enabled
  bool_value: false
  key: ebgp-multihop/state/multihop-ttl
  uint_value: 0
  key: route-reflector/state/route-reflector-cluster-id
  str_value: zero-len
  key: route-reflector/state/route-reflector-client
  bool_value: false
  key: as-path-options/state/allow-own-as
  uint_value: 0
  key: as-path-options/state/replace-peer-as
  bool_value: false
  key: as-path-options/state/disable-peer-as-filter
  bool_value: false
  key: use-multiple-paths/state/enabled
  bool_value: false
  key: use-multiple-paths/ebgp/state/allow-multiple-as
  bool_value: false
  key: graceful-restart/state/enabled
  bool_value: false
  key: graceful-restart/state/restart-time
  uint_value: 120
  key: graceful-restart/state/stale-routes-time
  str_value: 300.00
  key: graceful-restart/state/helper-only
  bool_value: true
  key: graceful-restart/state/peer-restarting
  bool_value: false
  key: graceful-restart/state/local-restarting
  bool_value: false
  key: graceful-restart/state/mode
  str_value: HELPER_ONLY
  key: apply-policy/state/import-policy
  leaf_list_value: element:<leaflist_str_value:"RX-FROM-EQUINIX-IPV6" > 
  key: apply-policy/state/export-policy
  leaf_list_value: element:<leaflist_str_value:"ADV-TO-EQUINIX-IPV6" > 
  key: __prefix__
  str_value: /network-instances/network-instance[name='master']/protocols/protocol/bgp/neighbors/neighbor[neighbor-address='2001:de8:4::9902:1']/
  key: snmp-peer-index
  uint_value: 261
  key: state/peer-as
  uint_value: 9902
  key: state/local-as
  uint_value: 45903
  key: state/peer-type
  str_value: EXTERNAL
  key: state/auth-password
  str_value: (null)
  key: state/route-flap-damping
  bool_value: false
  key: state/description
  str_value: Peering NeoCom via Equinix IPv6
  key: state/session-state
  str_value: IDLE
  key: state/last-established
  uint_value: 1694967381
  key: state/established-transitions
  uint_value: 0
  key: state/messages/sent/UPDATE
  uint_value: 0
  key: state/messages/sent/NOTIFICATION
  uint_value: 0
  key: state/messages/sent/last-notification-time
  uint_value: 0
  key: state/messages/sent/last-notification-error-subcode
  str_value: UNSPECIFIC
  key: state/messages/received/UPDATE
  uint_value: 0
  key: state/messages/received/NOTIFICATION
  uint_value: 0
  key: state/messages/received/last-notification-time
  uint_value: 0
  key: state/messages/received/last-notification-error-code
  str_value: NONE
  key: state/messages/received/last-notification-error-subcode
  str_value: UNSPECIFIC
  key: state/queues/input
  uint_value: 0
  key: state/queues/output
  uint_value: 0
  key: state/dynamically-configured
  bool_value: false
  key: state/session-status
  str_value: HALTED
  key: state/session-admin-status
  str_value: STOP
  key: state/interface-error
  bool_value: true
  key: state/import-eval-pending
  bool_value: false
  key: state/import-eval
  bool_value: false
  key: state/peer-group
  str_value: Equinix
  key: state/neighbor-address
  str_value: 2001:de8:4::9902:1
  key: state/enabled
  bool_value: true
  key: timers/state/connect-retry
  str_value: 0.00
  key: timers/state/hold-time
  str_value: 90.00
  key: timers/state/keepalive-interval
  str_value: 30.00
  key: timers/state/minimum-advertisement-interval
  str_value: 0.00
  key: timers/state/negotiated-hold-time
  str_value: 0.00
  key: transport/state/tcp-mss
  uint_value: 0
  key: transport/state/mtu-discovery
  bool_value: false
  key: transport/state/passive-mode
  bool_value: false
  key: transport/state/local-address
  str_value: 2001:de8:4::4:5903:1
  key: transport/state/local-port
  uint_value: 0
  key: transport/state/remote-address
  str_value: 2001:de8:4::9902:1
  key: transport/state/remote-port
  uint_value: 0
  key: error-handling/state/treat-as-withdraw
  bool_value: true
  key: error-handling/state/erroneous-update-messages
  uint_value: 0
  key: logging-options/state/log-neighbor-state-changes
  bool_value: false
  key: ebgp-multihop/state/enabled
  bool_value: false
  key: ebgp-multihop/state/multihop-ttl
  uint_value: 0
  key: route-reflector/state/route-reflector-cluster-id
  str_value: zero-len
  key: route-reflector/state/route-reflector-client
  bool_value: false
  key: as-path-options/state/allow-own-as
  uint_value: 0
  key: as-path-options/state/replace-peer-as
  bool_value: false
  key: as-path-options/state/disable-peer-as-filter
  bool_value: false
  key: use-multiple-paths/state/enabled
  bool_value: false
  key: use-multiple-paths/ebgp/state/allow-multiple-as
  bool_value: false
  key: __prefix__
  str_value: /network-instances/network-instance[name='master']/protocols/protocol/bgp/neighbors/neighbor[neighbor-address='2001:de8:4::9902:1']/afi-safis/afi-safi[afi-safi-name='IPV6_UNICAST']/
  key: graceful-restart/state/enabled
  bool_value: true
  key: graceful-restart/state/received
  bool_value: false
  key: graceful-restart/state/advertised
  bool_value: false
  key: state/afi-safi-name
  str_value: IPV6_UNICAST
  key: state/enabled
  bool_value: true
  key: state/active
  bool_value: false
  key: state/prefixes/received
  uint_value: 0
  key: state/prefixes/sent
  uint_value: 0
  key: state/prefixes/installed
  uint_value: 0
  key: state/prefixes/accepted
  uint_value: 0
  key: state/prefix-limit-exceeded
  bool_value: false
  key: state/queues/input
  uint_value: 0
  key: state/queues/output
  uint_value: 0
  key: add-paths/state/receive
  bool_value: false
  key: add-paths/state/send
  bool_value: false
  key: add-paths/state/eligible-prefix-policy
  str_value: 
  key: ipv6-unicast/prefix-limit/state/max-prefixes
  uint_value: 0
  key: ipv6-unicast/prefix-limit/state/prevent-teardown
  bool_value: true
  key: ipv6-unicast/prefix-limit/state/shutdown-threshold-pct
  uint_value: 0
  key: ipv6-unicast/prefix-limit/state/restart-timer
  str_value: 0.00
  key: __prefix__
  str_value: /network-instances/network-instance[name='master']/protocols/protocol/bgp/neighbors/neighbor[neighbor-address='2001:de8:4::9902:1']/
  key: graceful-restart/state/enabled
  bool_value: false
  key: graceful-restart/state/restart-time
  uint_value: 120
  key: graceful-restart/state/stale-routes-time
  str_value: 300.00
  key: graceful-restart/state/helper-only
  bool_value: true
  key: graceful-restart/state/peer-restarting
  bool_value: false
  key: graceful-restart/state/local-restarting
  bool_value: false
  key: graceful-restart/state/mode
  str_value: HELPER_ONLY
system_id: SGP001IGR04
component_id: 65535
sub_component_id: 0
path: sensor_1004:/network-instances/network-instance/protocols/protocol/bgp/neighbors/neighbor/:/network-instances/network-instance/protocols/protocol/bgp/neighbors/neighbor/:rpd
sequence_number: 17
timestamp: 1695289071804
sync_response: false
  key: __timestamp__
  uint_value: 1695289071805
  key: __junos_re_stream_creation_timestamp__
  uint_value: 1695289069611
  key: __junos_re_payload_get_timestamp__
  uint_value: 1695289071780
  key: apply-policy/state/import-policy
  leaf_list_value: element:<leaflist_str_value:"RX-FROM-EQUINIX-IPV6" > 
  key: __prefix__
  str_value: /network-instances/network-instance[name='master']/protocols/protocol/bgp/neighbors/neighbor[neighbor-address='2001:de8:4::9902:1']/
  key: apply-policy/state/export-policy
  leaf_list_value: element:<leaflist_str_value:"ADV-TO-EQUINIX-IPV6" > 
  key: __prefix__
  str_value: /network-instances/network-instance[name='master']/protocols/protocol/bgp/neighbors/neighbor[neighbor-address='2001:de8:4::9930:1']/
  key: snmp-peer-index
  uint_value: 198
  key: state/peer-as
  uint_value: 9930
  key: state/local-as
  uint_value: 45903
  key: state/peer-type
  str_value: EXTERNAL
  key: state/auth-password
  str_value: (null)
  key: state/route-flap-damping
  bool_value: false
  key: state/description
  str_value: TIME V6
  key: state/session-state
  str_value: IDLE
  key: state/last-established
  uint_value: 1694967381
  key: state/established-transitions
  uint_value: 0
  key: state/messages/sent/UPDATE
  uint_value: 0
  key: state/messages/sent/NOTIFICATION
  uint_value: 0
  key: state/messages/sent/last-notification-time
  uint_value: 0
  key: state/messages/sent/last-notification-error-subcode
  str_value: UNSPECIFIC
  key: state/messages/received/UPDATE
  uint_value: 0
  key: state/messages/received/NOTIFICATION
  uint_value: 0
  key: state/messages/received/last-notification-time
  uint_value: 0
  key: state/messages/received/last-notification-error-code
  str_value: NONE
  key: state/messages/received/last-notification-error-subcode
  str_value: UNSPECIFIC
  key: state/queues/input
  uint_value: 0
  key: state/queues/output
  uint_value: 0
  key: state/dynamically-configured
  bool_value: false
  key: state/session-status
  str_value: HALTED
  key: state/session-admin-status
  str_value: STOP
  key: state/interface-error
  bool_value: true
  key: state/import-eval-pending
  bool_value: false
  key: state/import-eval
  bool_value: false
  key: state/peer-group
  str_value: Equinix
  key: state/neighbor-address
  str_value: 2001:de8:4::9930:1
  key: state/enabled
  bool_value: true
  key: timers/state/connect-retry
  str_value: 0.00
  key: timers/state/hold-time
  str_value: 90.00
  key: timers/state/keepalive-interval
  str_value: 30.00
  key: timers/state/minimum-advertisement-interval
  str_value: 0.00
  key: timers/state/negotiated-hold-time
  str_value: 0.00
  key: transport/state/tcp-mss
  uint_value: 0
  key: transport/state/mtu-discovery
  bool_value: false
  key: transport/state/passive-mode
  bool_value: false
  key: transport/state/local-address
  str_value: 2001:de8:4::4:5903:1
  key: transport/state/local-port
  uint_value: 0
  key: transport/state/remote-address
  str_value: 2001:de8:4::9930:1
  key: transport/state/remote-port
  uint_value: 0
  key: error-handling/state/treat-as-withdraw
  bool_value: true
  key: error-handling/state/erroneous-update-messages
  uint_value: 0
  key: logging-options/state/log-neighbor-state-changes
  bool_value: false
  key: ebgp-multihop/state/enabled
  bool_value: false
  key: ebgp-multihop/state/multihop-ttl
  uint_value: 0
  key: route-reflector/state/route-reflector-cluster-id
  str_value: zero-len
  key: route-reflector/state/route-reflector-client
  bool_value: false
  key: as-path-options/state/allow-own-as
  uint_value: 0
  key: as-path-options/state/replace-peer-as
  bool_value: false
  key: as-path-options/state/disable-peer-as-filter
  bool_value: false
  key: use-multiple-paths/state/enabled
  bool_value: false
  key: use-multiple-paths/ebgp/state/allow-multiple-as
  bool_value: false
  key: graceful-restart/state/enabled
  bool_value: false
  key: graceful-restart/state/restart-time
  uint_value: 120
  key: graceful-restart/state/stale-routes-time
  str_value: 300.00
  key: graceful-restart/state/helper-only
  bool_value: true
  key: graceful-restart/state/peer-restarting
  bool_value: false
  key: graceful-restart/state/local-restarting
  bool_value: false
  key: graceful-restart/state/mode
  str_value: HELPER_ONLY
  key: apply-policy/state/import-policy
  leaf_list_value: element:<leaflist_str_value:"RX-FROM-EQUINIX-IPV6" > 
  key: apply-policy/state/export-policy
  leaf_list_value: element:<leaflist_str_value:"ADV-TO-EQUINIX-IPV6" > 
  key: __prefix__
  str_value: /network-instances/network-instance[name='master']/protocols/protocol/bgp/neighbors/neighbor[neighbor-address='2001:de8:4::1:122:1']/
  key: snmp-peer-index
  uint_value: 249
  key: state/peer-as
  uint_value: 10122
  key: state/local-as
  uint_value: 45903
  key: state/peer-type
  str_value: EXTERNAL
  key: state/auth-password
  str_value: (null)
  key: state/route-flap-damping
  bool_value: false
  key: state/description
  str_value: Bigo_via_EQUINIX_IPv6
  key: state/session-state
  str_value: IDLE
  key: state/last-established
  uint_value: 1694967381
  key: state/established-transitions
  uint_value: 0
  key: state/messages/sent/UPDATE
  uint_value: 0
  key: state/messages/sent/NOTIFICATION
  uint_value: 0
  key: state/messages/sent/last-notification-time
  uint_value: 0
  key: state/messages/sent/last-notification-error-subcode
  str_value: UNSPECIFIC
  key: state/messages/received/UPDATE
  uint_value: 0
  key: state/messages/received/NOTIFICATION
  uint_value: 0
  key: state/messages/received/last-notification-time
  uint_value: 0
  key: state/messages/received/last-notification-error-code
  str_value: NONE
  key: state/messages/received/last-notification-error-subcode
  str_value: UNSPECIFIC
  key: state/queues/input
  uint_value: 0
  key: state/queues/output
  uint_value: 0
  key: state/dynamically-configured
  bool_value: false
  key: state/session-status
  str_value: HALTED
  key: state/session-admin-status
  str_value: STOP
  key: state/interface-error
  bool_value: true
  key: state/import-eval-pending
  bool_value: false
  key: state/import-eval
  bool_value: false
  key: state/peer-group
  str_value: Equinix
  key: state/neighbor-address
  str_value: 2001:de8:4::1:122:1
  key: state/enabled
  bool_value: true
  key: timers/state/connect-retry
  str_value: 0.00
  key: timers/state/hold-time
  str_value: 90.00
  key: timers/state/keepalive-interval
  str_value: 30.00
  key: timers/state/minimum-advertisement-interval
  str_value: 0.00
  key: timers/state/negotiated-hold-time
  str_value: 0.00
  key: transport/state/tcp-mss
  uint_value: 0
  key: transport/state/mtu-discovery
  bool_value: false
  key: transport/state/passive-mode
  bool_value: false
  key: transport/state/local-address
  str_value: 2001:de8:4::4:5903:1
  key: transport/state/local-port
  uint_value: 0
  key: transport/state/remote-address
  str_value: 2001:de8:4::1:122:1
  key: transport/state/remote-port
  uint_value: 0
  key: error-handling/state/treat-as-withdraw
  bool_value: true
  key: error-handling/state/erroneous-update-messages
  uint_value: 0
  key: logging-options/state/log-neighbor-state-changes
  bool_value: false
  key: ebgp-multihop/state/enabled
  bool_value: false
  key: ebgp-multihop/state/multihop-ttl
  uint_value: 0
  key: route-reflector/state/route-reflector-cluster-id
  str_value: zero-len
  key: route-reflector/state/route-reflector-client
  bool_value: false
  key: as-path-options/state/allow-own-as
  uint_value: 0
  key: as-path-options/state/replace-peer-as
  bool_value: false
  key: as-path-options/state/disable-peer-as-filter
  bool_value: false
  key: use-multiple-paths/state/enabled
  bool_value: false
  key: use-multiple-paths/ebgp/state/allow-multiple-as
  bool_value: false
  key: __prefix__
  str_value: /network-instances/network-instance[name='master']/protocols/protocol/bgp/neighbors/neighbor[neighbor-address='2001:de8:4::1:122:1']/afi-safis/afi-safi[afi-safi-name='IPV6_UNICAST']/
  key: graceful-restart/state/enabled
  bool_value: true
  key: graceful-restart/state/received
  bool_value: false
  key: graceful-restart/state/advertised
  bool_value: false
  key: state/afi-safi-name
  str_value: IPV6_UNICAST
  key: state/enabled
  bool_value: true
  key: state/active
  bool_value: false
  key: state/prefixes/received
  uint_value: 0
  key: state/prefixes/sent
  uint_value: 0
  key: state/prefixes/installed
  uint_value: 0
  key: state/prefixes/accepted
  uint_value: 0
  key: state/prefix-limit-exceeded
  bool_value: false
  key: state/queues/input
  uint_value: 0
  key: state/queues/output
  uint_value: 0
  key: add-paths/state/receive
  bool_value: false
  key: add-paths/state/send
  bool_value: false
  key: add-paths/state/eligible-prefix-policy
  str_value: 
  key: ipv6-unicast/prefix-limit/state/max-prefixes
  uint_value: 0
  key: ipv6-unicast/prefix-limit/state/prevent-teardown
  bool_value: true
  key: ipv6-unicast/prefix-limit/state/shutdown-threshold-pct
  uint_value: 0
  key: ipv6-unicast/prefix-limit/state/restart-timer
  str_value: 0.00
  key: __prefix__
  str_value: /network-instances/network-instance[name='master']/protocols/protocol/bgp/neighbors/neighbor[neighbor-address='2001:de8:4::1:122:1']/
  key: graceful-restart/state/enabled
  bool_value: false
  key: graceful-restart/state/restart-time
  uint_value: 120
  key: graceful-restart/state/stale-routes-time
  str_value: 300.00
  key: graceful-restart/state/helper-only
  bool_value: true
  key: graceful-restart/state/peer-restarting
  bool_value: false
  key: graceful-restart/state/local-restarting
  bool_value: false
  key: graceful-restart/state/mode
  str_value: HELPER_ONLY
  key: apply-policy/state/import-policy
  leaf_list_value: element:<leaflist_str_value:"RX-FROM-Bigo_EQUINIX_IPv6" > 
  key: apply-policy/state/export-policy
  leaf_list_value: element:<leaflist_str_value:"ADV-TO-Bigo_EQUINIX_IPv6" > 
  key: __prefix__
  str_value: /network-instances/network-instance[name='master']/protocols/protocol/bgp/neighbors/neighbor[neighbor-address='2001:de8:4::1:4907:1']/
  key: snmp-peer-index
  uint_value: 207
  key: state/peer-as
  uint_value: 14907
  key: state/local-as
  uint_value: 45903
  key: state/peer-type
  str_value: EXTERNAL
  key: state/auth-password
  str_value: (null)
  key: state/route-flap-damping
  bool_value: false
  key: state/description
  str_value: Peering JasTel via Equinix
  key: state/session-state
  str_value: IDLE
  key: state/last-established
  uint_value: 1694967381
  key: state/established-transitions
  uint_value: 0
  key: state/messages/sent/UPDATE
  uint_value: 0
  key: state/messages/sent/NOTIFICATION
  uint_value: 0
  key: state/messages/sent/last-notification-time
  uint_value: 0
  key: state/messages/sent/last-notification-error-subcode
  str_value: UNSPECIFIC
  key: state/messages/received/UPDATE
  uint_value: 0
  key: state/messages/received/NOTIFICATION
  uint_value: 0
  key: state/messages/received/last-notification-time
  uint_value: 0
  key: state/messages/received/last-notification-error-code
  str_value: NONE
  key: state/messages/received/last-notification-error-subcode
  str_value: UNSPECIFIC
  key: state/queues/input
  uint_value: 0
  key: state/queues/output
  uint_value: 0
  key: state/dynamically-configured
  bool_value: false
  key: state/session-status
  str_value: HALTED
  key: state/session-admin-status
  str_value: STOP
  key: state/interface-error
  bool_value: true
  key: state/import-eval-pending
  bool_value: false
  key: state/import-eval
  bool_value: false
  key: state/peer-group
  str_value: Equinix
  key: state/neighbor-address
  str_value: 2001:de8:4::1:4907:1
  key: state/enabled
  bool_value: true
  key: timers/state/connect-retry
  str_value: 0.00
  key: timers/state/hold-time
  str_value: 90.00
  key: timers/state/keepalive-interval
  str_value: 30.00
  key: timers/state/minimum-advertisement-interval
  str_value: 0.00
  key: timers/state/negotiated-hold-time
  str_value: 0.00
  key: transport/state/tcp-mss
  uint_value: 0
  key: transport/state/mtu-discovery
  bool_value: false
  key: transport/state/passive-mode
  bool_value: false
  key: transport/state/local-address
  str_value: 2001:de8:4::4:5903:1
  key: transport/state/local-port
  uint_value: 0
  key: transport/state/remote-address
  str_value: 2001:de8:4::1:4907:1
  key: transport/state/remote-port
  uint_value: 0
  key: error-handling/state/treat-as-withdraw
  bool_value: true
  key: error-handling/state/erroneous-update-messages
  uint_value: 0
  key: logging-options/state/log-neighbor-state-changes
  bool_value: false
  key: ebgp-multihop/state/enabled
  bool_value: false
  key: ebgp-multihop/state/multihop-ttl
  uint_value: 0
  key: route-reflector/state/route-reflector-cluster-id
  str_value: zero-len
  key: route-reflector/state/route-reflector-client
  bool_value: false
  key: as-path-options/state/allow-own-as
  uint_value: 0
  key: as-path-options/state/replace-peer-as
  bool_value: false
  key: as-path-options/state/disable-peer-as-filter
  bool_value: false
  key: use-multiple-paths/state/enabled
  bool_value: false
  key: use-multiple-paths/ebgp/state/allow-multiple-as
  bool_value: false
  key: graceful-restart/state/enabled
  bool_value: false
  key: graceful-restart/state/restart-time
  uint_value: 120
  key: graceful-restart/state/stale-routes-time
  str_value: 300.00
  key: graceful-restart/state/helper-only
  bool_value: true
  key: graceful-restart/state/peer-restarting
  bool_value: false
  key: graceful-restart/state/local-restarting
  bool_value: false
  key: graceful-restart/state/mode
  str_value: HELPER_ONLY
  key: apply-policy/state/import-policy
  leaf_list_value: element:<leaflist_str_value:"RX-FROM-EQUINIX-IPV6" > 
  key: apply-policy/state/export-policy
  leaf_list_value: element:<leaflist_str_value:"ADV-TO-EQUINIX-IPV6" > 
  key: __prefix__
  str_value: /network-instances/network-instance[name='master']/protocols/protocol/bgp/neighbors/neighbor[neighbor-address='2001:de8:4::1:5133:1']/
  key: snmp-peer-index
  uint_value: 218
  key: state/peer-as
  uint_value: 15133
  key: state/local-as
  uint_value: 45903
  key: state/peer-type
  str_value: EXTERNAL
  key: state/auth-password
  str_value: (null)
  key: state/route-flap-damping
  bool_value: false
  key: state/description
  str_value: Peering Verizon Digital#1 IPV6
  key: state/session-state
  str_value: IDLE
  key: state/last-established
  uint_value: 1694967381
  key: state/established-transitions
  uint_value: 0
  key: state/messages/sent/UPDATE
  uint_value: 0
  key: state/messages/sent/NOTIFICATION
  uint_value: 0
  key: state/messages/sent/last-notification-time
  uint_value: 0
  key: state/messages/sent/last-notification-error-subcode
  str_value: UNSPECIFIC
  key: state/messages/received/UPDATE
  uint_value: 0
  key: state/messages/received/NOTIFICATION
  uint_value: 0
  key: state/messages/received/last-notification-time
  uint_value: 0
  key: state/messages/received/last-notification-error-code
  str_value: NONE
  key: state/messages/received/last-notification-error-subcode
  str_value: UNSPECIFIC
  key: state/queues/input
  uint_value: 0
  key: state/queues/output
  uint_value: 0
  key: state/dynamically-configured
  bool_value: false
  key: state/session-status
  str_value: HALTED
  key: state/session-admin-status
  str_value: STOP
  key: state/interface-error
  bool_value: true
  key: state/import-eval-pending
  bool_value: false
  key: state/import-eval
  bool_value: false
  key: state/peer-group
  str_value: Equinix
  key: state/neighbor-address
  str_value: 2001:de8:4::1:5133:1
  key: state/enabled
  bool_value: true
  key: timers/state/connect-retry
  str_value: 0.00
  key: timers/state/hold-time
  str_value: 90.00
  key: timers/state/keepalive-interval
  str_value: 30.00
  key: timers/state/minimum-advertisement-interval
  str_value: 0.00
  key: timers/state/negotiated-hold-time
  str_value: 0.00
  key: transport/state/tcp-mss
  uint_value: 0
  key: transport/state/mtu-discovery
  bool_value: false
  key: transport/state/passive-mode
  bool_value: false
  key: transport/state/local-address
  str_value: 2001:de8:4::4:5903:1
  key: transport/state/local-port
  uint_value: 0
  key: transport/state/remote-address
  str_value: 2001:de8:4::1:5133:1
  key: transport/state/remote-port
  uint_value: 0
  key: error-handling/state/treat-as-withdraw
  bool_value: true
  key: error-handling/state/erroneous-update-messages
  uint_value: 0
  key: logging-options/state/log-neighbor-state-changes
  bool_value: false
  key: ebgp-multihop/state/enabled
  bool_value: false
  key: ebgp-multihop/state/multihop-ttl
  uint_value: 0
  key: route-reflector/state/route-reflector-cluster-id
  str_value: zero-len
  key: route-reflector/state/route-reflector-client
  bool_value: false
  key: as-path-options/state/allow-own-as
  uint_value: 0
  key: as-path-options/state/replace-peer-as
  bool_value: false
  key: as-path-options/state/disable-peer-as-filter
  bool_value: false
  key: use-multiple-paths/state/enabled
  bool_value: false
  key: use-multiple-paths/ebgp/state/allow-multiple-as
  bool_value: false
  key: graceful-restart/state/enabled
  bool_value: false
  key: graceful-restart/state/restart-time
  uint_value: 120
  key: graceful-restart/state/stale-routes-time
  str_value: 300.00
  key: graceful-restart/state/helper-only
  bool_value: true
  key: graceful-restart/state/peer-restarting
  bool_value: false
  key: graceful-restart/state/local-restarting
  bool_value: false
  key: graceful-restart/state/mode
  str_value: HELPER_ONLY
  key: apply-policy/state/import-policy
  leaf_list_value: element:<leaflist_str_value:"RX-FROM-EQUINIX-IPV6" > 
  key: apply-policy/state/export-policy
  leaf_list_value: element:<leaflist_str_value:"ADV-TO-EQUINIX-IPV6" > 
  key: __prefix__
  str_value: /network-instances/network-instance[name='master']/protocols/protocol/bgp/neighbors/neighbor[neighbor-address='2001:de8:4::1:5133:2']/
  key: snmp-peer-index
  uint_value: 219
  key: state/peer-as
  uint_value: 15133
  key: state/local-as
  uint_value: 45903
  key: state/peer-type
  str_value: EXTERNAL
  key: state/auth-password
  str_value: (null)
  key: state/route-flap-damping
  bool_value: false
  key: state/description
  str_value: Peering Verizon Digital#2 IPV6
  key: state/session-state
  str_value: IDLE
  key: state/last-established
  uint_value: 1694967381
  key: state/established-transitions
  uint_value: 0
  key: state/messages/sent/UPDATE
  uint_value: 0
  key: state/messages/sent/NOTIFICATION
  uint_value: 0
  key: state/messages/sent/last-notification-time
  uint_value: 0
  key: state/messages/sent/last-notification-error-subcode
  str_value: UNSPECIFIC
  key: state/messages/received/UPDATE
  uint_value: 0
  key: state/messages/received/NOTIFICATION
  uint_value: 0
  key: state/messages/received/last-notification-time
  uint_value: 0
  key: state/messages/received/last-notification-error-code
  str_value: NONE
  key: state/messages/received/last-notification-error-subcode
  str_value: UNSPECIFIC
  key: state/queues/input
  uint_value: 0
  key: state/queues/output
  uint_value: 0
  key: state/dynamically-configured
  bool_value: false
  key: state/session-status
  str_value: HALTED
  key: state/session-admin-status
  str_value: STOP
  key: state/interface-error
  bool_value: true
  key: state/import-eval-pending
  bool_value: false
  key: state/import-eval
  bool_value: false
  key: state/peer-group
  str_value: Equinix
  key: state/neighbor-address
  str_value: 2001:de8:4::1:5133:2
  key: state/enabled
  bool_value: true
  key: timers/state/connect-retry
  str_value: 0.00
  key: timers/state/hold-time
  str_value: 90.00
  key: timers/state/keepalive-interval
  str_value: 30.00
  key: timers/state/minimum-advertisement-interval
  str_value: 0.00
  key: timers/state/negotiated-hold-time
  str_value: 0.00
  key: transport/state/tcp-mss
  uint_value: 0
  key: transport/state/mtu-discovery
  bool_value: false
  key: transport/state/passive-mode
  bool_value: false
  key: transport/state/local-address
  str_value: 2001:de8:4::4:5903:1
  key: transport/state/local-port
  uint_value: 0
  key: transport/state/remote-address
  str_value: 2001:de8:4::1:5133:2
  key: transport/state/remote-port
  uint_value: 0
  key: error-handling/state/treat-as-withdraw
  bool_value: true
  key: error-handling/state/erroneous-update-messages
  uint_value: 0
  key: logging-options/state/log-neighbor-state-changes
  bool_value: false
  key: ebgp-multihop/state/enabled
  bool_value: false
  key: ebgp-multihop/state/multihop-ttl
  uint_value: 0
  key: route-reflector/state/route-reflector-cluster-id
  str_value: zero-len
  key: route-reflector/state/route-reflector-client
  bool_value: false
  key: as-path-options/state/allow-own-as
  uint_value: 0
  key: as-path-options/state/replace-peer-as
  bool_value: false
  key: as-path-options/state/disable-peer-as-filter
  bool_value: false
  key: use-multiple-paths/state/enabled
  bool_value: false
  key: use-multiple-paths/ebgp/state/allow-multiple-as
  bool_value: false
  key: graceful-restart/state/enabled
  bool_value: false
  key: graceful-restart/state/restart-time
  uint_value: 120
  key: graceful-restart/state/stale-routes-time
  str_value: 300.00
  key: graceful-restart/state/helper-only
  bool_value: true
  key: graceful-restart/state/peer-restarting
  bool_value: false
  key: graceful-restart/state/local-restarting
  bool_value: false
  key: graceful-restart/state/mode
  str_value: HELPER_ONLY
  key: apply-policy/state/import-policy
  leaf_list_value: element:<leaflist_str_value:"RX-FROM-EQUINIX-IPV6" > 
  key: apply-policy/state/export-policy
  leaf_list_value: element:<leaflist_str_value:"ADV-TO-EQUINIX-IPV6" > 
  key: __prefix__
  str_value: /network-instances/network-instance[name='master']/protocols/protocol/bgp/neighbors/neighbor[neighbor-address='2001:de8:4::1:5695:1']/
  key: snmp-peer-index
  uint_value: 171
  key: state/peer-as
  uint_value: 15695
  key: state/local-as
  uint_value: 45903
  key: state/peer-type
  str_value: EXTERNAL
  key: state/auth-password
  str_value: (null)
  key: state/route-flap-damping
  bool_value: false
  key: state/description
  str_value: Peering GTC IPv6 via Equinix
  key: state/session-state
  str_value: IDLE
  key: state/last-established
  uint_value: 1694967381
  key: state/established-transitions
  uint_value: 0
  key: state/messages/sent/UPDATE
  uint_value: 0
  key: state/messages/sent/NOTIFICATION
  uint_value: 0
  key: state/messages/sent/last-notification-time
  uint_value: 0
  key: state/messages/sent/last-notification-error-subcode
  str_value: UNSPECIFIC
  key: state/messages/received/UPDATE
  uint_value: 0
  key: state/messages/received/NOTIFICATION
  uint_value: 0
  key: state/messages/received/last-notification-time
  uint_value: 0
  key: state/messages/received/last-notification-error-code
  str_value: NONE
  key: state/messages/received/last-notification-error-subcode
  str_value: UNSPECIFIC
  key: state/queues/input
  uint_value: 0
  key: state/queues/output
  uint_value: 0
  key: state/dynamically-configured
  bool_value: false
  key: state/session-status
  str_value: HALTED
  key: state/session-admin-status
  str_value: STOP
  key: state/interface-error
  bool_value: true
  key: state/import-eval-pending
  bool_value: false
  key: state/import-eval
  bool_value: false
  key: state/peer-group
  str_value: Equinix
  key: state/neighbor-address
  str_value: 2001:de8:4::1:5695:1
  key: state/enabled
  bool_value: true
  key: timers/state/connect-retry
  str_value: 0.00
  key: timers/state/hold-time
  str_value: 90.00
  key: timers/state/keepalive-interval
  str_value: 30.00
  key: timers/state/minimum-advertisement-interval
  str_value: 0.00
  key: timers/state/negotiated-hold-time
  str_value: 0.00
  key: transport/state/tcp-mss
  uint_value: 0
  key: transport/state/mtu-discovery
  bool_value: false
  key: transport/state/passive-mode
  bool_value: false
  key: transport/state/local-address
  str_value: 2001:de8:4::4:5903:1
  key: transport/state/local-port
  uint_value: 0
  key: transport/state/remote-address
  str_value: 2001:de8:4::1:5695:1
  key: transport/state/remote-port
  uint_value: 0
  key: error-handling/state/treat-as-withdraw
  bool_value: true
  key: error-handling/state/erroneous-update-messages
  uint_value: 0
  key: logging-options/state/log-neighbor-state-changes
  bool_value: false
  key: ebgp-multihop/state/enabled
  bool_value: false
  key: ebgp-multihop/state/multihop-ttl
  uint_value: 0
  key: route-reflector/state/route-reflector-cluster-id
  str_value: zero-len
  key: route-reflector/state/route-reflector-client
  bool_value: false
  key: as-path-options/state/allow-own-as
  uint_value: 0
  key: as-path-options/state/replace-peer-as
  bool_value: false
  key: as-path-options/state/disable-peer-as-filter
  bool_value: false
  key: use-multiple-paths/state/enabled
  bool_value: false
  key: use-multiple-paths/ebgp/state/allow-multiple-as
  bool_value: false
  key: graceful-restart/state/enabled
  bool_value: false
  key: graceful-restart/state/restart-time
  uint_value: 120
  key: graceful-restart/state/stale-routes-time
  str_value: 300.00
  key: graceful-restart/state/helper-only
  bool_value: true
  key: graceful-restart/state/peer-restarting
  bool_value: false
  key: graceful-restart/state/local-restarting
  bool_value: false
  key: graceful-restart/state/mode
  str_value: HELPER_ONLY
system_id: SGP001IGR04
component_id: 65535
sub_component_id: 0
path: sensor_1004:/network-instances/network-instance/protocols/protocol/bgp/neighbors/neighbor/:/network-instances/network-instance/protocols/protocol/bgp/neighbors/neighbor/:rpd
sequence_number: 18
timestamp: 1695289071929
sync_response: false
  key: __timestamp__
  uint_value: 1695289071929
  key: __junos_re_stream_creation_timestamp__
  uint_value: 1695289069611
  key: __junos_re_payload_get_timestamp__
  uint_value: 1695289071904
  key: apply-policy/state/import-policy
  leaf_list_value: element:<leaflist_str_value:"RX-FROM-EQUINIX-IPV6" > 
  key: __prefix__
  str_value: /network-instances/network-instance[name='master']/protocols/protocol/bgp/neighbors/neighbor[neighbor-address='2001:de8:4::1:5695:1']/
  key: apply-policy/state/export-policy
  leaf_list_value: element:<leaflist_str_value:"ADV-TO-EQUINIX-IPV6" > 
  key: __prefix__
  str_value: /network-instances/network-instance[name='master']/protocols/protocol/bgp/neighbors/neighbor[neighbor-address='2001:de8:4::1:7666:1']/
  key: snmp-peer-index
  uint_value: 215
  key: state/peer-as
  uint_value: 17666
  key: state/local-as
  uint_value: 45903
  key: state/peer-type
  str_value: EXTERNAL
  key: state/auth-password
  str_value: (null)
  key: state/route-flap-damping
  bool_value: false
  key: state/description
  str_value: Peering Hitachi Sunway IPV6
  key: state/session-state
  str_value: IDLE
  key: state/last-established
  uint_value: 1694967381
  key: state/established-transitions
  uint_value: 0
  key: state/messages/sent/UPDATE
  uint_value: 0
  key: state/messages/sent/NOTIFICATION
  uint_value: 0
  key: state/messages/sent/last-notification-time
  uint_value: 0
  key: state/messages/sent/last-notification-error-subcode
  str_value: UNSPECIFIC
  key: state/messages/received/UPDATE
  uint_value: 0
  key: state/messages/received/NOTIFICATION
  uint_value: 0
  key: state/messages/received/last-notification-time
  uint_value: 0
  key: state/messages/received/last-notification-error-code
  str_value: NONE
  key: state/messages/received/last-notification-error-subcode
  str_value: UNSPECIFIC
  key: state/queues/input
  uint_value: 0
  key: state/queues/output
  uint_value: 0
  key: state/dynamically-configured
  bool_value: false
  key: state/session-status
  str_value: HALTED
  key: state/session-admin-status
  str_value: STOP
  key: state/interface-error
  bool_value: true
  key: state/import-eval-pending
  bool_value: false
  key: state/import-eval
  bool_value: false
  key: state/peer-group
  str_value: Equinix
  key: state/neighbor-address
  str_value: 2001:de8:4::1:7666:1
  key: state/enabled
  bool_value: true
  key: timers/state/connect-retry
  str_value: 0.00
  key: timers/state/hold-time
  str_value: 90.00
  key: timers/state/keepalive-interval
  str_value: 30.00
  key: timers/state/minimum-advertisement-interval
  str_value: 0.00
  key: timers/state/negotiated-hold-time
  str_value: 0.00
  key: transport/state/tcp-mss
  uint_value: 0
  key: transport/state/mtu-discovery
  bool_value: false
  key: transport/state/passive-mode
  bool_value: false
  key: transport/state/local-address
  str_value: 2001:de8:4::4:5903:1
  key: transport/state/local-port
  uint_value: 0
  key: transport/state/remote-address
  str_value: 2001:de8:4::1:7666:1
  key: transport/state/remote-port
  uint_value: 0
  key: error-handling/state/treat-as-withdraw
  bool_value: true
  key: error-handling/state/erroneous-update-messages
  uint_value: 0
  key: logging-options/state/log-neighbor-state-changes
  bool_value: false
  key: ebgp-multihop/state/enabled
  bool_value: false
  key: ebgp-multihop/state/multihop-ttl
  uint_value: 0
  key: route-reflector/state/route-reflector-cluster-id
  str_value: zero-len
  key: route-reflector/state/route-reflector-client
  bool_value: false
  key: as-path-options/state/allow-own-as
  uint_value: 0
  key: as-path-options/state/replace-peer-as
  bool_value: false
  key: as-path-options/state/disable-peer-as-filter
  bool_value: false
  key: use-multiple-paths/state/enabled
  bool_value: false
  key: use-multiple-paths/ebgp/state/allow-multiple-as
  bool_value: false
  key: graceful-restart/state/enabled
  bool_value: false
  key: graceful-restart/state/restart-time
  uint_value: 120
  key: graceful-restart/state/stale-routes-time
  str_value: 300.00
  key: graceful-restart/state/helper-only
  bool_value: true
  key: graceful-restart/state/peer-restarting
  bool_value: false
  key: graceful-restart/state/local-restarting
  bool_value: false
  key: graceful-restart/state/mode
  str_value: HELPER_ONLY
  key: apply-policy/state/import-policy
  leaf_list_value: element:<leaflist_str_value:"RX-FROM-EQUINIX-IPV6" > 
  key: apply-policy/state/export-policy
  leaf_list_value: element:<leaflist_str_value:"ADV-TO-EQUINIX-IPV6" > 
  key: __prefix__
  str_value: /network-instances/network-instance[name='master']/protocols/protocol/bgp/neighbors/neighbor[neighbor-address='2001:de8:4::1:8106:1']/
  key: snmp-peer-index
  uint_value: 200
  key: state/peer-as
  uint_value: 18106
  key: state/local-as
  uint_value: 45903
  key: state/peer-type
  str_value: EXTERNAL
  key: state/auth-password
  str_value: (null)
  key: state/route-flap-damping
  bool_value: false
  key: state/description
  str_value: Peering VIEWQUESTIPv6
  key: state/session-state
  str_value: IDLE
  key: state/last-established
  uint_value: 1694967381
  key: state/established-transitions
  uint_value: 0
  key: state/messages/sent/UPDATE
  uint_value: 0
  key: state/messages/sent/NOTIFICATION
  uint_value: 0
  key: state/messages/sent/last-notification-time
  uint_value: 0
  key: state/messages/sent/last-notification-error-subcode
  str_value: UNSPECIFIC
  key: state/messages/received/UPDATE
  uint_value: 0
  key: state/messages/received/NOTIFICATION
  uint_value: 0
  key: state/messages/received/last-notification-time
  uint_value: 0
  key: state/messages/received/last-notification-error-code
  str_value: NONE
  key: state/messages/received/last-notification-error-subcode
  str_value: UNSPECIFIC
  key: state/queues/input
  uint_value: 0
  key: state/queues/output
  uint_value: 0
  key: state/dynamically-configured
  bool_value: false
  key: state/session-status
  str_value: HALTED
  key: state/session-admin-status
  str_value: STOP
  key: state/interface-error
  bool_value: true
  key: state/import-eval-pending
  bool_value: false
  key: state/import-eval
  bool_value: false
  key: state/peer-group
  str_value: Equinix
  key: state/neighbor-address
  str_value: 2001:de8:4::1:8106:1
  key: state/enabled
  bool_value: true
  key: timers/state/connect-retry
  str_value: 0.00
  key: timers/state/hold-time
  str_value: 90.00
  key: timers/state/keepalive-interval
  str_value: 30.00
  key: timers/state/minimum-advertisement-interval
  str_value: 0.00
  key: timers/state/negotiated-hold-time
  str_value: 0.00
  key: transport/state/tcp-mss
  uint_value: 0
  key: transport/state/mtu-discovery
  bool_value: false
  key: transport/state/passive-mode
  bool_value: false
  key: transport/state/local-address
  str_value: 2001:de8:4::4:5903:1
  key: transport/state/local-port
  uint_value: 0
  key: transport/state/remote-address
  str_value: 2001:de8:4::1:8106:1
  key: transport/state/remote-port
  uint_value: 0
  key: error-handling/state/treat-as-withdraw
  bool_value: true
  key: error-handling/state/erroneous-update-messages
  uint_value: 0
  key: logging-options/state/log-neighbor-state-changes
  bool_value: false
  key: ebgp-multihop/state/enabled
  bool_value: false
  key: ebgp-multihop/state/multihop-ttl
  uint_value: 0
  key: route-reflector/state/route-reflector-cluster-id
  str_value: zero-len
  key: route-reflector/state/route-reflector-client
  bool_value: false
  key: as-path-options/state/allow-own-as
  uint_value: 0
  key: as-path-options/state/replace-peer-as
  bool_value: false
  key: as-path-options/state/disable-peer-as-filter
  bool_value: false
  key: use-multiple-paths/state/enabled
  bool_value: false
  key: use-multiple-paths/ebgp/state/allow-multiple-as
  bool_value: false
  key: graceful-restart/state/enabled
  bool_value: false
  key: graceful-restart/state/restart-time
  uint_value: 120
  key: graceful-restart/state/stale-routes-time
  str_value: 300.00
  key: graceful-restart/state/helper-only
  bool_value: true
  key: graceful-restart/state/peer-restarting
  bool_value: false
  key: graceful-restart/state/local-restarting
  bool_value: false
  key: graceful-restart/state/mode
  str_value: HELPER_ONLY
  key: apply-policy/state/import-policy
  leaf_list_value: element:<leaflist_str_value:"RX-FROM-EQUINIX-IPV6" > 
  key: apply-policy/state/export-policy
  leaf_list_value: element:<leaflist_str_value:"ADV-TO-EQUINIX-IPV6" > 
  key: __prefix__
  str_value: /network-instances/network-instance[name='master']/protocols/protocol/bgp/neighbors/neighbor[neighbor-address='2001:de8:4::2:940:1']/
  key: snmp-peer-index
  uint_value: 233
  key: state/peer-as
  uint_value: 20940
  key: state/local-as
  uint_value: 45903
  key: state/peer-type
  str_value: EXTERNAL
  key: state/auth-password
  str_value: (null)
  key: state/route-flap-damping
  bool_value: false
  key: state/description
  str_value: Peering-AKAMAI-IPv6-via-EQUINIX-SGP
  key: state/session-state
  str_value: IDLE
  key: state/last-established
  uint_value: 1694967381
  key: state/established-transitions
  uint_value: 0
  key: state/messages/sent/UPDATE
  uint_value: 0
  key: state/messages/sent/NOTIFICATION
  uint_value: 0
  key: state/messages/sent/last-notification-time
  uint_value: 0
  key: state/messages/sent/last-notification-error-subcode
  str_value: UNSPECIFIC
  key: state/messages/received/UPDATE
  uint_value: 0
  key: state/messages/received/NOTIFICATION
  uint_value: 0
  key: state/messages/received/last-notification-time
  uint_value: 0
  key: state/messages/received/last-notification-error-code
  str_value: NONE
  key: state/messages/received/last-notification-error-subcode
  str_value: UNSPECIFIC
  key: state/queues/input
  uint_value: 0
  key: state/queues/output
  uint_value: 0
  key: state/dynamically-configured
  bool_value: false
  key: state/session-status
  str_value: HALTED
  key: state/session-admin-status
  str_value: STOP
  key: state/interface-error
  bool_value: true
  key: state/import-eval-pending
  bool_value: false
  key: state/import-eval
  bool_value: false
  key: state/peer-group
  str_value: Equinix
  key: state/neighbor-address
  str_value: 2001:de8:4::2:940:1
  key: state/enabled
  bool_value: true
  key: timers/state/connect-retry
  str_value: 0.00
  key: timers/state/hold-time
  str_value: 90.00
  key: timers/state/keepalive-interval
  str_value: 30.00
  key: timers/state/minimum-advertisement-interval
  str_value: 0.00
  key: timers/state/negotiated-hold-time
  str_value: 0.00
  key: transport/state/tcp-mss
  uint_value: 0
  key: transport/state/mtu-discovery
  bool_value: false
  key: transport/state/passive-mode
  bool_value: false
  key: transport/state/local-address
  str_value: 2001:de8:4::4:5903:1
  key: transport/state/local-port
  uint_value: 0
  key: transport/state/remote-address
  str_value: 2001:de8:4::2:940:1
  key: transport/state/remote-port
  uint_value: 0
  key: error-handling/state/treat-as-withdraw
  bool_value: true
  key: error-handling/state/erroneous-update-messages
  uint_value: 0
  key: logging-options/state/log-neighbor-state-changes
  bool_value: false
  key: ebgp-multihop/state/enabled
  bool_value: false
  key: ebgp-multihop/state/multihop-ttl
  uint_value: 0
  key: route-reflector/state/route-reflector-cluster-id
  str_value: zero-len
  key: route-reflector/state/route-reflector-client
  bool_value: false
  key: as-path-options/state/allow-own-as
  uint_value: 0
  key: as-path-options/state/replace-peer-as
  bool_value: false
  key: as-path-options/state/disable-peer-as-filter
  bool_value: false
  key: use-multiple-paths/state/enabled
  bool_value: false
  key: use-multiple-paths/ebgp/state/allow-multiple-as
  bool_value: false
  key: graceful-restart/state/enabled
  bool_value: false
  key: graceful-restart/state/restart-time
  uint_value: 120
  key: graceful-restart/state/stale-routes-time
  str_value: 300.00
  key: graceful-restart/state/helper-only
  bool_value: true
  key: graceful-restart/state/peer-restarting
  bool_value: false
  key: graceful-restart/state/local-restarting
  bool_value: false
  key: graceful-restart/state/mode
  str_value: HELPER_ONLY
  key: apply-policy/state/import-policy
  leaf_list_value: element:<leaflist_str_value:"RX-FROM-EQUINIX-IPV6" > 
  key: apply-policy/state/export-policy
  leaf_list_value: element:<leaflist_str_value:"ADV-TO-EQUINIX-IPV6" > 
  key: __prefix__
  str_value: /network-instances/network-instance[name='master']/protocols/protocol/bgp/neighbors/neighbor[neighbor-address='2001:de8:4::2:940:2']/
  key: snmp-peer-index
  uint_value: 234
  key: state/peer-as
  uint_value: 20940
  key: state/local-as
  uint_value: 45903
  key: state/peer-type
  str_value: EXTERNAL
  key: state/auth-password
  str_value: (null)
  key: state/route-flap-damping
  bool_value: false
  key: state/description
  str_value: Peering-AKAMAI-IPv6-via-EQUINIX-SGP
  key: state/session-state
  str_value: IDLE
  key: state/last-established
  uint_value: 1694967381
  key: state/established-transitions
  uint_value: 0
  key: state/messages/sent/UPDATE
  uint_value: 0
  key: state/messages/sent/NOTIFICATION
  uint_value: 0
  key: state/messages/sent/last-notification-time
  uint_value: 0
  key: state/messages/sent/last-notification-error-subcode
  str_value: UNSPECIFIC
  key: state/messages/received/UPDATE
  uint_value: 0
  key: state/messages/received/NOTIFICATION
  uint_value: 0
  key: state/messages/received/last-notification-time
  uint_value: 0
  key: state/messages/received/last-notification-error-code
  str_value: NONE
  key: state/messages/received/last-notification-error-subcode
  str_value: UNSPECIFIC
  key: state/queues/input
  uint_value: 0
  key: state/queues/output
  uint_value: 0
  key: state/dynamically-configured
  bool_value: false
  key: state/session-status
  str_value: HALTED
  key: state/session-admin-status
  str_value: STOP
  key: state/interface-error
  bool_value: true
  key: state/import-eval-pending
  bool_value: false
  key: state/import-eval
  bool_value: false
  key: state/peer-group
  str_value: Equinix
  key: state/neighbor-address
  str_value: 2001:de8:4::2:940:2
  key: state/enabled
  bool_value: true
  key: timers/state/connect-retry
  str_value: 0.00
  key: timers/state/hold-time
  str_value: 90.00
  key: timers/state/keepalive-interval
  str_value: 30.00
  key: timers/state/minimum-advertisement-interval
  str_value: 0.00
  key: timers/state/negotiated-hold-time
  str_value: 0.00
  key: transport/state/tcp-mss
  uint_value: 0
  key: transport/state/mtu-discovery
  bool_value: false
  key: transport/state/passive-mode
  bool_value: false
  key: transport/state/local-address
  str_value: 2001:de8:4::4:5903:1
  key: transport/state/local-port
  uint_value: 0
  key: transport/state/remote-address
  str_value: 2001:de8:4::2:940:2
  key: transport/state/remote-port
  uint_value: 0
  key: error-handling/state/treat-as-withdraw
  bool_value: true
  key: error-handling/state/erroneous-update-messages
  uint_value: 0
  key: logging-options/state/log-neighbor-state-changes
  bool_value: false
  key: ebgp-multihop/state/enabled
  bool_value: false
  key: ebgp-multihop/state/multihop-ttl
  uint_value: 0
  key: route-reflector/state/route-reflector-cluster-id
  str_value: zero-len
  key: route-reflector/state/route-reflector-client
  bool_value: false
  key: as-path-options/state/allow-own-as
  uint_value: 0
  key: as-path-options/state/replace-peer-as
  bool_value: false
  key: as-path-options/state/disable-peer-as-filter
  bool_value: false
  key: use-multiple-paths/state/enabled
  bool_value: false
  key: use-multiple-paths/ebgp/state/allow-multiple-as
  bool_value: false
  key: graceful-restart/state/enabled
  bool_value: false
  key: graceful-restart/state/restart-time
  uint_value: 120
  key: graceful-restart/state/stale-routes-time
  str_value: 300.00
  key: graceful-restart/state/helper-only
  bool_value: true
  key: graceful-restart/state/peer-restarting
  bool_value: false
  key: graceful-restart/state/local-restarting
  bool_value: false
  key: graceful-restart/state/mode
  str_value: HELPER_ONLY
  key: apply-policy/state/import-policy
  leaf_list_value: element:<leaflist_str_value:"RX-FROM-EQUINIX-IPV6" > 
  key: apply-policy/state/export-policy
  leaf_list_value: element:<leaflist_str_value:"ADV-TO-EQUINIX-IPV6" > 
  key: __prefix__
  str_value: /network-instances/network-instance[name='master']/protocols/protocol/bgp/neighbors/neighbor[neighbor-address='2001:de8:4::2:3947:1']/
  key: snmp-peer-index
  uint_value: 230
  key: state/peer-as
  uint_value: 23947
  key: state/local-as
  uint_value: 45903
  key: state/peer-type
  str_value: EXTERNAL
  key: state/auth-password
  str_value: (null)
  key: state/route-flap-damping
  bool_value: false
  key: state/description
  str_value: To Moratelindo IPv6
  key: state/session-state
  str_value: IDLE
  key: state/last-established
  uint_value: 1694967381
  key: state/established-transitions
  uint_value: 0
  key: state/messages/sent/UPDATE
  uint_value: 0
  key: state/messages/sent/NOTIFICATION
  uint_value: 0
  key: state/messages/sent/last-notification-time
  uint_value: 0
  key: state/messages/sent/last-notification-error-subcode
  str_value: UNSPECIFIC
  key: state/messages/received/UPDATE
  uint_value: 0
  key: state/messages/received/NOTIFICATION
  uint_value: 0
  key: state/messages/received/last-notification-time
  uint_value: 0
  key: state/messages/received/last-notification-error-code
  str_value: NONE
  key: state/messages/received/last-notification-error-subcode
  str_value: UNSPECIFIC
  key: state/queues/input
  uint_value: 0
  key: state/queues/output
  uint_value: 0
  key: state/dynamically-configured
  bool_value: false
  key: state/session-status
  str_value: HALTED
  key: state/session-admin-status
  str_value: STOP
  key: state/interface-error
  bool_value: true
  key: state/import-eval-pending
  bool_value: false
  key: state/import-eval
  bool_value: false
  key: state/peer-group
  str_value: Equinix
  key: state/neighbor-address
  str_value: 2001:de8:4::2:3947:1
  key: state/enabled
  bool_value: true
  key: timers/state/connect-retry
  str_value: 0.00
  key: timers/state/hold-time
  str_value: 90.00
  key: timers/state/keepalive-interval
  str_value: 30.00
  key: timers/state/minimum-advertisement-interval
  str_value: 0.00
  key: timers/state/negotiated-hold-time
  str_value: 0.00
  key: transport/state/tcp-mss
  uint_value: 0
  key: transport/state/mtu-discovery
  bool_value: false
  key: transport/state/passive-mode
  bool_value: false
  key: transport/state/local-address
  str_value: 2001:de8:4::4:5903:1
  key: transport/state/local-port
  uint_value: 0
  key: transport/state/remote-address
  str_value: 2001:de8:4::2:3947:1
  key: transport/state/remote-port
  uint_value: 0
  key: error-handling/state/treat-as-withdraw
  bool_value: true
  key: error-handling/state/erroneous-update-messages
  uint_value: 0
  key: logging-options/state/log-neighbor-state-changes
  bool_value: false
  key: ebgp-multihop/state/enabled
  bool_value: false
  key: ebgp-multihop/state/multihop-ttl
  uint_value: 0
  key: route-reflector/state/route-reflector-cluster-id
  str_value: zero-len
  key: route-reflector/state/route-reflector-client
  bool_value: false
  key: as-path-options/state/allow-own-as
  uint_value: 0
  key: as-path-options/state/replace-peer-as
  bool_value: false
  key: as-path-options/state/disable-peer-as-filter
  bool_value: false
  key: use-multiple-paths/state/enabled
  bool_value: false
  key: use-multiple-paths/ebgp/state/allow-multiple-as
  bool_value: false
  key: graceful-restart/state/enabled
  bool_value: false
  key: graceful-restart/state/restart-time
  uint_value: 120
  key: graceful-restart/state/stale-routes-time
  str_value: 300.00
  key: graceful-restart/state/helper-only
  bool_value: true
  key: graceful-restart/state/peer-restarting
  bool_value: false
  key: graceful-restart/state/local-restarting
  bool_value: false
  key: graceful-restart/state/mode
  str_value: HELPER_ONLY
  key: apply-policy/state/import-policy
  leaf_list_value: element:<leaflist_str_value:"RX-FROM-Moratelindo-EQUINIX-IPv6" > 
  key: apply-policy/state/export-policy
  leaf_list_value: element:<leaflist_str_value:"ADV-TO-Moratelindo-EQUINIX-IPv6" > 
  key: __prefix__
  str_value: /network-instances/network-instance[name='master']/protocols/protocol/bgp/neighbors/neighbor[neighbor-address='2001:de8:4::2:4115:1']/
  key: snmp-peer-index
  uint_value: 159
  key: state/peer-as
  uint_value: 24115
  key: state/local-as
  uint_value: 45903
  key: state/peer-type
  str_value: EXTERNAL
  key: state/auth-password
  str_value: (null)
  key: state/route-flap-damping
  bool_value: false
  key: state/description
  str_value: primary Peer V6
  key: state/session-state
  str_value: IDLE
  key: state/last-established
  uint_value: 1694967381
  key: state/established-transitions
  uint_value: 0
  key: state/messages/sent/UPDATE
  uint_value: 0
  key: state/messages/sent/NOTIFICATION
  uint_value: 0
  key: state/messages/sent/last-notification-time
  uint_value: 0
  key: state/messages/sent/last-notification-error-subcode
  str_value: UNSPECIFIC
  key: state/messages/received/UPDATE
  uint_value: 0
  key: state/messages/received/NOTIFICATION
  uint_value: 0
  key: state/messages/received/last-notification-time
  uint_value: 0
  key: state/messages/received/last-notification-error-code
  str_value: NONE
  key: state/messages/received/last-notification-error-subcode
  str_value: UNSPECIFIC
  key: state/queues/input
  uint_value: 0
  key: state/queues/output
  uint_value: 0
  key: state/dynamically-configured
  bool_value: false
  key: state/session-status
  str_value: HALTED
  key: state/session-admin-status
  str_value: STOP
  key: state/interface-error
  bool_value: true
  key: state/import-eval-pending
  bool_value: false
  key: state/import-eval
  bool_value: false
  key: state/peer-group
  str_value: Equinix
  key: state/neighbor-address
  str_value: 2001:de8:4::2:4115:1
  key: state/enabled
  bool_value: true
  key: timers/state/connect-retry
  str_value: 0.00
  key: timers/state/hold-time
  str_value: 90.00
  key: timers/state/keepalive-interval
  str_value: 30.00
  key: timers/state/minimum-advertisement-interval
  str_value: 0.00
  key: timers/state/negotiated-hold-time
  str_value: 0.00
  key: transport/state/tcp-mss
  uint_value: 0
  key: transport/state/mtu-discovery
  bool_value: false
  key: transport/state/passive-mode
  bool_value: false
  key: transport/state/local-address
  str_value: 2001:de8:4::4:5903:1
  key: transport/state/local-port
  uint_value: 0
  key: transport/state/remote-address
  str_value: 2001:de8:4::2:4115:1
  key: transport/state/remote-port
  uint_value: 0
  key: error-handling/state/treat-as-withdraw
  bool_value: true
  key: error-handling/state/erroneous-update-messages
  uint_value: 0
  key: logging-options/state/log-neighbor-state-changes
  bool_value: false
  key: ebgp-multihop/state/enabled
  bool_value: false
  key: ebgp-multihop/state/multihop-ttl
  uint_value: 0
  key: route-reflector/state/route-reflector-cluster-id
  str_value: zero-len
  key: route-reflector/state/route-reflector-client
  bool_value: false
  key: as-path-options/state/allow-own-as
  uint_value: 0
  key: as-path-options/state/replace-peer-as
  bool_value: false
  key: as-path-options/state/disable-peer-as-filter
  bool_value: false
  key: use-multiple-paths/state/enabled
  bool_value: false
  key: use-multiple-paths/ebgp/state/allow-multiple-as
  bool_value: false
  key: graceful-restart/state/enabled
  bool_value: false
  key: graceful-restart/state/restart-time
  uint_value: 120
  key: graceful-restart/state/stale-routes-time
  str_value: 300.00
  key: graceful-restart/state/helper-only
  bool_value: true
  key: graceful-restart/state/peer-restarting
  bool_value: false
  key: graceful-restart/state/local-restarting
  bool_value: false
  key: graceful-restart/state/mode
  str_value: HELPER_ONLY
  key: apply-policy/state/import-policy
  leaf_list_value: element:<leaflist_str_value:"RX-FROM-EQUINIX-IPV6" > 
  key: apply-policy/state/export-policy
  leaf_list_value: element:<leaflist_str_value:"ADV-TO-EQUINIX-IPV6" > 
  key: __prefix__
  str_value: /network-instances/network-instance[name='master']/protocols/protocol/bgp/neighbors/neighbor[neighbor-address='2001:de8:4::2:4115:2']/
  key: snmp-peer-index
  uint_value: 160
  key: state/peer-as
  uint_value: 24115
  key: state/local-as
  uint_value: 45903
  key: state/peer-type
  str_value: EXTERNAL
  key: state/auth-password
  str_value: (null)
  key: state/route-flap-damping
  bool_value: false
  key: state/description
  str_value: Secondary Peer V6
  key: state/session-state
  str_value: IDLE
  key: state/last-established
  uint_value: 1694967381
  key: state/established-transitions
  uint_value: 0
  key: state/messages/sent/UPDATE
  uint_value: 0
  key: state/messages/sent/NOTIFICATION
  uint_value: 0
  key: state/messages/sent/last-notification-time
  uint_value: 0
  key: state/messages/sent/last-notification-error-subcode
  str_value: UNSPECIFIC
  key: state/messages/received/UPDATE
  uint_value: 0
  key: state/messages/received/NOTIFICATION
  uint_value: 0
  key: state/messages/received/last-notification-time
  uint_value: 0
  key: state/messages/received/last-notification-error-code
  str_value: NONE
  key: state/messages/received/last-notification-error-subcode
  str_value: UNSPECIFIC
  key: state/queues/input
  uint_value: 0
  key: state/queues/output
  uint_value: 0
  key: state/dynamically-configured
  bool_value: false
  key: state/session-status
  str_value: HALTED
  key: state/session-admin-status
  str_value: STOP
  key: state/interface-error
  bool_value: true
  key: state/import-eval-pending
  bool_value: false
  key: state/import-eval
  bool_value: false
  key: state/peer-group
  str_value: Equinix
  key: state/neighbor-address
  str_value: 2001:de8:4::2:4115:2
  key: state/enabled
  bool_value: true
  key: timers/state/connect-retry
  str_value: 0.00
  key: timers/state/hold-time
  str_value: 90.00
  key: timers/state/keepalive-interval
  str_value: 30.00
  key: timers/state/minimum-advertisement-interval
  str_value: 0.00
  key: timers/state/negotiated-hold-time
  str_value: 0.00
  key: transport/state/tcp-mss
  uint_value: 0
  key: transport/state/mtu-discovery
  bool_value: false
  key: transport/state/passive-mode
  bool_value: false
  key: transport/state/local-address
  str_value: 2001:de8:4::4:5903:1
  key: transport/state/local-port
  uint_value: 0
  key: transport/state/remote-address
  str_value: 2001:de8:4::2:4115:2
  key: transport/state/remote-port
  uint_value: 0
  key: error-handling/state/treat-as-withdraw
  bool_value: true
  key: error-handling/state/erroneous-update-messages
  uint_value: 0
  key: logging-options/state/log-neighbor-state-changes
  bool_value: false
  key: ebgp-multihop/state/enabled
  bool_value: false
  key: ebgp-multihop/state/multihop-ttl
  uint_value: 0
  key: route-reflector/state/route-reflector-cluster-id
  str_value: zero-len
  key: route-reflector/state/route-reflector-client
  bool_value: false
  key: as-path-options/state/allow-own-as
  uint_value: 0
  key: as-path-options/state/replace-peer-as
  bool_value: false
  key: as-path-options/state/disable-peer-as-filter
  bool_value: false
  key: use-multiple-paths/state/enabled
  bool_value: false
  key: use-multiple-paths/ebgp/state/allow-multiple-as
  bool_value: false
  key: graceful-restart/state/enabled
  bool_value: false
  key: graceful-restart/state/restart-time
  uint_value: 120
  key: graceful-restart/state/stale-routes-time
  str_value: 300.00
  key: graceful-restart/state/helper-only
  bool_value: true
  key: graceful-restart/state/peer-restarting
  bool_value: false
  key: graceful-restart/state/local-restarting
  bool_value: false
  key: graceful-restart/state/mode
  str_value: HELPER_ONLY
system_id: SGP001IGR04
component_id: 65535
sub_component_id: 0
path: sensor_1004:/network-instances/network-instance/protocols/protocol/bgp/neighbors/neighbor/:/network-instances/network-instance/protocols/protocol/bgp/neighbors/neighbor/:rpd
sequence_number: 19
timestamp: 1695289072053
sync_response: false
  key: __timestamp__
  uint_value: 1695289072054
  key: __junos_re_stream_creation_timestamp__
  uint_value: 1695289069611
  key: __junos_re_payload_get_timestamp__
  uint_value: 1695289072029
  key: apply-policy/state/import-policy
  leaf_list_value: element:<leaflist_str_value:"RX-FROM-EQUINIX-IPV6" > 
  key: __prefix__
  str_value: /network-instances/network-instance[name='master']/protocols/protocol/bgp/neighbors/neighbor[neighbor-address='2001:de8:4::2:4115:2']/
  key: apply-policy/state/export-policy
  leaf_list_value: element:<leaflist_str_value:"ADV-TO-EQUINIX-IPV6" > 
  key: __prefix__
  str_value: /network-instances/network-instance[name='master']/protocols/protocol/bgp/neighbors/neighbor[neighbor-address='2001:de8:4::2:4218:1']/
  key: snmp-peer-index
  uint_value: 169
  key: state/peer-as
  uint_value: 24218
  key: state/local-as
  uint_value: 45903
  key: state/peer-type
  str_value: EXTERNAL
  key: state/auth-password
  str_value: (null)
  key: state/route-flap-damping
  bool_value: false
  key: state/description
  str_value: Peering GTC IPv6 via Equinix
  key: state/session-state
  str_value: IDLE
  key: state/last-established
  uint_value: 1694967381
  key: state/established-transitions
  uint_value: 0
  key: state/messages/sent/UPDATE
  uint_value: 0
  key: state/messages/sent/NOTIFICATION
  uint_value: 0
  key: state/messages/sent/last-notification-time
  uint_value: 0
  key: state/messages/sent/last-notification-error-subcode
  str_value: UNSPECIFIC
  key: state/messages/received/UPDATE
  uint_value: 0
  key: state/messages/received/NOTIFICATION
  uint_value: 0
  key: state/messages/received/last-notification-time
  uint_value: 0
  key: state/messages/received/last-notification-error-code
  str_value: NONE
  key: state/messages/received/last-notification-error-subcode
  str_value: UNSPECIFIC
  key: state/queues/input
  uint_value: 0
  key: state/queues/output
  uint_value: 0
  key: state/dynamically-configured
  bool_value: false
  key: state/session-status
  str_value: HALTED
  key: state/session-admin-status
  str_value: STOP
  key: state/interface-error
  bool_value: true
  key: state/import-eval-pending
  bool_value: false
  key: state/import-eval
  bool_value: false
  key: state/peer-group
  str_value: Equinix
  key: state/neighbor-address
  str_value: 2001:de8:4::2:4218:1
  key: state/enabled
  bool_value: true
  key: timers/state/connect-retry
  str_value: 0.00
  key: timers/state/hold-time
  str_value: 90.00
  key: timers/state/keepalive-interval
  str_value: 30.00
  key: timers/state/minimum-advertisement-interval
  str_value: 0.00
  key: timers/state/negotiated-hold-time
  str_value: 0.00
  key: transport/state/tcp-mss
  uint_value: 0
  key: transport/state/mtu-discovery
  bool_value: false
  key: transport/state/passive-mode
  bool_value: false
  key: transport/state/local-address
  str_value: 2001:de8:4::4:5903:1
  key: transport/state/local-port
  uint_value: 0
  key: transport/state/remote-address
  str_value: 2001:de8:4::2:4218:1
  key: transport/state/remote-port
  uint_value: 0
  key: error-handling/state/treat-as-withdraw
  bool_value: true
  key: error-handling/state/erroneous-update-messages
  uint_value: 0
  key: logging-options/state/log-neighbor-state-changes
  bool_value: false
  key: ebgp-multihop/state/enabled
  bool_value: false
  key: ebgp-multihop/state/multihop-ttl
  uint_value: 0
  key: route-reflector/state/route-reflector-cluster-id
  str_value: zero-len
  key: route-reflector/state/route-reflector-client
  bool_value: false
  key: as-path-options/state/allow-own-as
  uint_value: 0
  key: as-path-options/state/replace-peer-as
  bool_value: false
  key: as-path-options/state/disable-peer-as-filter
  bool_value: false
  key: use-multiple-paths/state/enabled
  bool_value: false
  key: use-multiple-paths/ebgp/state/allow-multiple-as
  bool_value: false
  key: graceful-restart/state/enabled
  bool_value: false
  key: graceful-restart/state/restart-time
  uint_value: 120
  key: graceful-restart/state/stale-routes-time
  str_value: 300.00
  key: graceful-restart/state/helper-only
  bool_value: true
  key: graceful-restart/state/peer-restarting
  bool_value: false
  key: graceful-restart/state/local-restarting
  bool_value: false
  key: graceful-restart/state/mode
  str_value: HELPER_ONLY
  key: apply-policy/state/import-policy
  leaf_list_value: element:<leaflist_str_value:"RX-FROM-EQUINIX-IPV6" > 
  key: apply-policy/state/export-policy
  leaf_list_value: element:<leaflist_str_value:"ADV-TO-EQUINIX-IPV6" > 
  key: __prefix__
  str_value: /network-instances/network-instance[name='master']/protocols/protocol/bgp/neighbors/neighbor[neighbor-address='2001:de8:4::2:4482:1']/
  key: snmp-peer-index
  uint_value: 177
  key: state/peer-as
  uint_value: 24482
  key: state/local-as
  uint_value: 45903
  key: state/peer-type
  str_value: EXTERNAL
  key: state/auth-password
  str_value: (null)
  key: state/route-flap-damping
  bool_value: false
  key: state/description
  str_value: Equinix-AMSIX
  key: state/session-state
  str_value: IDLE
  key: state/last-established
  uint_value: 1694967381
  key: state/established-transitions
  uint_value: 0
  key: state/messages/sent/UPDATE
  uint_value: 0
  key: state/messages/sent/NOTIFICATION
  uint_value: 0
  key: state/messages/sent/last-notification-time
  uint_value: 0
  key: state/messages/sent/last-notification-error-subcode
  str_value: UNSPECIFIC
  key: state/messages/received/UPDATE
  uint_value: 0
  key: state/messages/received/NOTIFICATION
  uint_value: 0
  key: state/messages/received/last-notification-time
  uint_value: 0
  key: state/messages/received/last-notification-error-code
  str_value: NONE
  key: state/messages/received/last-notification-error-subcode
  str_value: UNSPECIFIC
  key: state/queues/input
  uint_value: 0
  key: state/queues/output
  uint_value: 0
  key: state/dynamically-configured
  bool_value: false
  key: state/session-status
  str_value: HALTED
  key: state/session-admin-status
  str_value: STOP
  key: state/interface-error
  bool_value: true
  key: state/import-eval-pending
  bool_value: false
  key: state/import-eval
  bool_value: false
  key: state/peer-group
  str_value: Equinix
  key: state/neighbor-address
  str_value: 2001:de8:4::2:4482:1
  key: state/enabled
  bool_value: true
  key: timers/state/connect-retry
  str_value: 0.00
  key: timers/state/hold-time
  str_value: 90.00
  key: timers/state/keepalive-interval
  str_value: 30.00
  key: timers/state/minimum-advertisement-interval
  str_value: 0.00
  key: timers/state/negotiated-hold-time
  str_value: 0.00
  key: transport/state/tcp-mss
  uint_value: 0
  key: transport/state/mtu-discovery
  bool_value: false
  key: transport/state/passive-mode
  bool_value: false
  key: transport/state/local-address
  str_value: unspecified
  key: transport/state/local-port
  uint_value: 0
  key: transport/state/remote-address
  str_value: 2001:de8:4::2:4482:1
  key: transport/state/remote-port
  uint_value: 0
  key: error-handling/state/treat-as-withdraw
  bool_value: true
  key: error-handling/state/erroneous-update-messages
  uint_value: 0
  key: logging-options/state/log-neighbor-state-changes
  bool_value: false
  key: ebgp-multihop/state/enabled
  bool_value: false
  key: ebgp-multihop/state/multihop-ttl
  uint_value: 0
  key: route-reflector/state/route-reflector-cluster-id
  str_value: zero-len
  key: route-reflector/state/route-reflector-client
  bool_value: false
  key: as-path-options/state/allow-own-as
  uint_value: 0
  key: as-path-options/state/replace-peer-as
  bool_value: false
  key: as-path-options/state/disable-peer-as-filter
  bool_value: false
  key: use-multiple-paths/state/enabled
  bool_value: false
  key: use-multiple-paths/ebgp/state/allow-multiple-as
  bool_value: false
  key: graceful-restart/state/enabled
  bool_value: false
  key: graceful-restart/state/restart-time
  uint_value: 120
  key: graceful-restart/state/stale-routes-time
  str_value: 300.00
  key: graceful-restart/state/helper-only
  bool_value: true
  key: graceful-restart/state/peer-restarting
  bool_value: false
  key: graceful-restart/state/local-restarting
  bool_value: false
  key: graceful-restart/state/mode
  str_value: HELPER_ONLY
  key: apply-policy/state/import-policy
  leaf_list_value: element:<leaflist_str_value:"RX-FROM-EQUINIX-IPV6" > 
  key: apply-policy/state/export-policy
  leaf_list_value: element:<leaflist_str_value:"ADV-TO-EQUINIX-IPV6" > 
  key: __prefix__
  str_value: /network-instances/network-instance[name='master']/protocols/protocol/bgp/neighbors/neighbor[neighbor-address='2001:de8:4::3:3891:1']/
  key: snmp-peer-index
  uint_value: 165
  key: state/peer-as
  uint_value: 33891
  key: state/local-as
  uint_value: 45903
  key: state/peer-type
  str_value: EXTERNAL
  key: state/auth-password
  str_value: (null)
  key: state/route-flap-damping
  bool_value: false
  key: state/description
  str_value: Peering AMSIX IPV6
  key: state/session-state
  str_value: IDLE
  key: state/last-established
  uint_value: 1694967381
  key: state/established-transitions
  uint_value: 0
  key: state/messages/sent/UPDATE
  uint_value: 0
  key: state/messages/sent/NOTIFICATION
  uint_value: 0
  key: state/messages/sent/last-notification-time
  uint_value: 0
  key: state/messages/sent/last-notification-error-subcode
  str_value: UNSPECIFIC
  key: state/messages/received/UPDATE
  uint_value: 0
  key: state/messages/received/NOTIFICATION
  uint_value: 0
  key: state/messages/received/last-notification-time
  uint_value: 0
  key: state/messages/received/last-notification-error-code
  str_value: NONE
  key: state/messages/received/last-notification-error-subcode
  str_value: UNSPECIFIC
  key: state/queues/input
  uint_value: 0
  key: state/queues/output
  uint_value: 0
  key: state/dynamically-configured
  bool_value: false
  key: state/session-status
  str_value: HALTED
  key: state/session-admin-status
  str_value: STOP
  key: state/interface-error
  bool_value: true
  key: state/import-eval-pending
  bool_value: false
  key: state/import-eval
  bool_value: false
  key: state/peer-group
  str_value: Equinix
  key: state/neighbor-address
  str_value: 2001:de8:4::3:3891:1
  key: state/enabled
  bool_value: true
  key: timers/state/connect-retry
  str_value: 0.00
  key: timers/state/hold-time
  str_value: 90.00
  key: timers/state/keepalive-interval
  str_value: 30.00
  key: timers/state/minimum-advertisement-interval
  str_value: 0.00
  key: timers/state/negotiated-hold-time
  str_value: 0.00
  key: transport/state/tcp-mss
  uint_value: 0
  key: transport/state/mtu-discovery
  bool_value: false
  key: transport/state/passive-mode
  bool_value: false
  key: transport/state/local-address
  str_value: 2001:de8:4::4:5903:1
  key: transport/state/local-port
  uint_value: 0
  key: transport/state/remote-address
  str_value: 2001:de8:4::3:3891:1
  key: transport/state/remote-port
  uint_value: 0
  key: error-handling/state/treat-as-withdraw
  bool_value: true
  key: error-handling/state/erroneous-update-messages
  uint_value: 0
  key: logging-options/state/log-neighbor-state-changes
  bool_value: false
  key: ebgp-multihop/state/enabled
  bool_value: false
  key: ebgp-multihop/state/multihop-ttl
  uint_value: 0
  key: route-reflector/state/route-reflector-cluster-id
  str_value: zero-len
  key: route-reflector/state/route-reflector-client
  bool_value: false
  key: as-path-options/state/allow-own-as
  uint_value: 0
  key: as-path-options/state/replace-peer-as
  bool_value: false
  key: as-path-options/state/disable-peer-as-filter
  bool_value: false
  key: use-multiple-paths/state/enabled
  bool_value: false
  key: use-multiple-paths/ebgp/state/allow-multiple-as
  bool_value: false
  key: graceful-restart/state/enabled
  bool_value: false
  key: graceful-restart/state/restart-time
  uint_value: 120
  key: graceful-restart/state/stale-routes-time
  str_value: 300.00
  key: graceful-restart/state/helper-only
  bool_value: true
  key: graceful-restart/state/peer-restarting
  bool_value: false
  key: graceful-restart/state/local-restarting
  bool_value: false
  key: graceful-restart/state/mode
  str_value: HELPER_ONLY
  key: apply-policy/state/import-policy
  leaf_list_value: element:<leaflist_str_value:"RX-FROM-EQUINIX-IPV6" > 
  key: apply-policy/state/export-policy
  leaf_list_value: element:<leaflist_str_value:"ADV-TO-EQUINIX-IPV6" > 
  key: __prefix__
  str_value: /network-instances/network-instance[name='master']/protocols/protocol/bgp/neighbors/neighbor[neighbor-address='2001:de8:4::3:8621:1']/
  key: snmp-peer-index
  uint_value: 194
  key: state/peer-as
  uint_value: 22822
  key: state/local-as
  uint_value: 45903
  key: state/peer-type
  str_value: EXTERNAL
  key: state/auth-password
  str_value: (null)
  key: state/route-flap-damping
  bool_value: false
  key: state/description
  str_value: Peering Limelight2 via Equinix IPv6
  key: state/session-state
  str_value: IDLE
  key: state/last-established
  uint_value: 1694967381
  key: state/established-transitions
  uint_value: 0
  key: state/messages/sent/UPDATE
  uint_value: 0
  key: state/messages/sent/NOTIFICATION
  uint_value: 0
  key: state/messages/sent/last-notification-time
  uint_value: 0
  key: state/messages/sent/last-notification-error-subcode
  str_value: UNSPECIFIC
  key: state/messages/received/UPDATE
  uint_value: 0
  key: state/messages/received/NOTIFICATION
  uint_value: 0
  key: state/messages/received/last-notification-time
  uint_value: 0
  key: state/messages/received/last-notification-error-code
  str_value: NONE
  key: state/messages/received/last-notification-error-subcode
  str_value: UNSPECIFIC
  key: state/queues/input
  uint_value: 0
  key: state/queues/output
  uint_value: 0
  key: state/dynamically-configured
  bool_value: false
  key: state/session-status
  str_value: HALTED
  key: state/session-admin-status
  str_value: STOP
  key: state/interface-error
  bool_value: true
  key: state/import-eval-pending
  bool_value: false
  key: state/import-eval
  bool_value: false
  key: state/peer-group
  str_value: Equinix
  key: state/neighbor-address
  str_value: 2001:de8:4::3:8621:1
  key: state/enabled
  bool_value: true
  key: timers/state/connect-retry
  str_value: 0.00
  key: timers/state/hold-time
  str_value: 90.00
  key: timers/state/keepalive-interval
  str_value: 30.00
  key: timers/state/minimum-advertisement-interval
  str_value: 0.00
  key: timers/state/negotiated-hold-time
  str_value: 0.00
  key: transport/state/tcp-mss
  uint_value: 0
  key: transport/state/mtu-discovery
  bool_value: false
  key: transport/state/passive-mode
  bool_value: false
  key: transport/state/local-address
  str_value: 2001:de8:4::4:5903:1
  key: transport/state/local-port
  uint_value: 0
  key: transport/state/remote-address
  str_value: 2001:de8:4::3:8621:1
  key: transport/state/remote-port
  uint_value: 0
  key: error-handling/state/treat-as-withdraw
  bool_value: true
  key: error-handling/state/erroneous-update-messages
  uint_value: 0
  key: logging-options/state/log-neighbor-state-changes
  bool_value: false
  key: ebgp-multihop/state/enabled
  bool_value: false
  key: ebgp-multihop/state/multihop-ttl
  uint_value: 0
  key: route-reflector/state/route-reflector-cluster-id
  str_value: zero-len
  key: route-reflector/state/route-reflector-client
  bool_value: false
  key: as-path-options/state/allow-own-as
  uint_value: 0
  key: as-path-options/state/replace-peer-as
  bool_value: false
  key: as-path-options/state/disable-peer-as-filter
  bool_value: false
  key: use-multiple-paths/state/enabled
  bool_value: false
  key: use-multiple-paths/ebgp/state/allow-multiple-as
  bool_value: false
  key: graceful-restart/state/enabled
  bool_value: false
  key: graceful-restart/state/restart-time
  uint_value: 120
  key: graceful-restart/state/stale-routes-time
  str_value: 300.00
  key: graceful-restart/state/helper-only
  bool_value: true
  key: graceful-restart/state/peer-restarting
  bool_value: false
  key: graceful-restart/state/local-restarting
  bool_value: false
  key: graceful-restart/state/mode
  str_value: HELPER_ONLY
  key: apply-policy/state/import-policy
  leaf_list_value: element:<leaflist_str_value:"RX-FROM-EQUINIX-IPV6" > 
  key: apply-policy/state/export-policy
  leaf_list_value: element:<leaflist_str_value:"ADV-TO-EQUINIX-IPV6" > 
  key: __prefix__
  str_value: /network-instances/network-instance[name='master']/protocols/protocol/bgp/neighbors/neighbor[neighbor-address='2001:de8:4::4:5352:1']/
  key: snmp-peer-index
  uint_value: 179
  key: state/peer-as
  uint_value: 45352
  key: state/local-as
  uint_value: 45903
  key: state/peer-type
  str_value: EXTERNAL
  key: state/auth-password
  str_value: (null)
  key: state/route-flap-damping
  bool_value: false
  key: state/description
  str_value: Peer-IPServerone
  key: state/session-state
  str_value: IDLE
  key: state/last-established
  uint_value: 1694967381
  key: state/established-transitions
  uint_value: 0
  key: state/messages/sent/UPDATE
  uint_value: 0
  key: state/messages/sent/NOTIFICATION
  uint_value: 0
  key: state/messages/sent/last-notification-time
  uint_value: 0
  key: state/messages/sent/last-notification-error-subcode
  str_value: UNSPECIFIC
  key: state/messages/received/UPDATE
  uint_value: 0
  key: state/messages/received/NOTIFICATION
  uint_value: 0
  key: state/messages/received/last-notification-time
  uint_value: 0
  key: state/messages/received/last-notification-error-code
  str_value: NONE
  key: state/messages/received/last-notification-error-subcode
  str_value: UNSPECIFIC
  key: state/queues/input
  uint_value: 0
  key: state/queues/output
  uint_value: 0
  key: state/dynamically-configured
  bool_value: false
  key: state/session-status
  str_value: HALTED
  key: state/session-admin-status
  str_value: STOP
  key: state/interface-error
  bool_value: true
  key: state/import-eval-pending
  bool_value: false
  key: state/import-eval
  bool_value: false
  key: state/peer-group
  str_value: Equinix
  key: state/neighbor-address
  str_value: 2001:de8:4::4:5352:1
  key: state/enabled
  bool_value: true
  key: timers/state/connect-retry
  str_value: 0.00
  key: timers/state/hold-time
  str_value: 90.00
  key: timers/state/keepalive-interval
  str_value: 30.00
  key: timers/state/minimum-advertisement-interval
  str_value: 0.00
  key: timers/state/negotiated-hold-time
  str_value: 0.00
  key: transport/state/tcp-mss
  uint_value: 0
  key: transport/state/mtu-discovery
  bool_value: false
  key: transport/state/passive-mode
  bool_value: false
  key: transport/state/local-address
  str_value: 2001:de8:4::4:5903:1
  key: transport/state/local-port
  uint_value: 0
  key: transport/state/remote-address
  str_value: 2001:de8:4::4:5352:1
  key: transport/state/remote-port
  uint_value: 0
  key: error-handling/state/treat-as-withdraw
  bool_value: true
  key: error-handling/state/erroneous-update-messages
  uint_value: 0
  key: logging-options/state/log-neighbor-state-changes
  bool_value: false
  key: ebgp-multihop/state/enabled
  bool_value: false
  key: ebgp-multihop/state/multihop-ttl
  uint_value: 0
  key: route-reflector/state/route-reflector-cluster-id
  str_value: zero-len
  key: route-reflector/state/route-reflector-client
  bool_value: false
  key: as-path-options/state/allow-own-as
  uint_value: 0
  key: as-path-options/state/replace-peer-as
  bool_value: false
  key: as-path-options/state/disable-peer-as-filter
  bool_value: false
  key: use-multiple-paths/state/enabled
  bool_value: false
  key: use-multiple-paths/ebgp/state/allow-multiple-as
  bool_value: false
  key: graceful-restart/state/enabled
  bool_value: false
  key: graceful-restart/state/restart-time
  uint_value: 120
  key: graceful-restart/state/stale-routes-time
  str_value: 300.00
  key: graceful-restart/state/helper-only
  bool_value: true
  key: graceful-restart/state/peer-restarting
  bool_value: false
  key: graceful-restart/state/local-restarting
  bool_value: false
  key: graceful-restart/state/mode
  str_value: HELPER_ONLY
  key: apply-policy/state/import-policy
  leaf_list_value: element:<leaflist_str_value:"RX-FROM-EQUINIX-IPV6" > 
  key: apply-policy/state/export-policy
  leaf_list_value: element:<leaflist_str_value:"ADV-TO-EQUINIX-IPV6" > 
  key: __prefix__
  str_value: /network-instances/network-instance[name='master']/protocols/protocol/bgp/neighbors/neighbor[neighbor-address='2001:de8:4::4:5629:1']/
  key: snmp-peer-index
  uint_value: 190
  key: state/peer-as
  uint_value: 45629
  key: state/local-as
  uint_value: 45903
  key: state/peer-type
  str_value: EXTERNAL
  key: state/auth-password
  str_value: (null)
  key: state/route-flap-damping
  bool_value: false
  key: state/description
  str_value: Peering JasTel IPv6 via Equinix
  key: state/session-state
  str_value: IDLE
  key: state/last-established
  uint_value: 1694967381
  key: state/established-transitions
  uint_value: 0
  key: state/messages/sent/UPDATE
  uint_value: 0
  key: state/messages/sent/NOTIFICATION
  uint_value: 0
  key: state/messages/sent/last-notification-time
  uint_value: 0
  key: state/messages/sent/last-notification-error-subcode
  str_value: UNSPECIFIC
  key: state/messages/received/UPDATE
  uint_value: 0
  key: state/messages/received/NOTIFICATION
  uint_value: 0
  key: state/messages/received/last-notification-time
  uint_value: 0
  key: state/messages/received/last-notification-error-code
  str_value: NONE
  key: state/messages/received/last-notification-error-subcode
  str_value: UNSPECIFIC
  key: state/queues/input
  uint_value: 0
  key: state/queues/output
  uint_value: 0
  key: state/dynamically-configured
  bool_value: false
  key: state/session-status
  str_value: HALTED
  key: state/session-admin-status
  str_value: STOP
  key: state/interface-error
  bool_value: true
  key: state/import-eval-pending
  bool_value: false
  key: state/import-eval
  bool_value: false
  key: state/peer-group
  str_value: Equinix
  key: state/neighbor-address
  str_value: 2001:de8:4::4:5629:1
  key: state/enabled
  bool_value: true
  key: timers/state/connect-retry
  str_value: 0.00
  key: timers/state/hold-time
  str_value: 90.00
  key: timers/state/keepalive-interval
  str_value: 30.00
  key: timers/state/minimum-advertisement-interval
  str_value: 0.00
  key: timers/state/negotiated-hold-time
  str_value: 0.00
  key: transport/state/tcp-mss
  uint_value: 0
  key: transport/state/mtu-discovery
  bool_value: false
  key: transport/state/passive-mode
  bool_value: false
  key: transport/state/local-address
  str_value: 2001:de8:4::4:5903:1
  key: transport/state/local-port
  uint_value: 0
  key: transport/state/remote-address
  str_value: 2001:de8:4::4:5629:1
  key: transport/state/remote-port
  uint_value: 0
  key: error-handling/state/treat-as-withdraw
  bool_value: true
  key: error-handling/state/erroneous-update-messages
  uint_value: 0
  key: logging-options/state/log-neighbor-state-changes
  bool_value: false
  key: ebgp-multihop/state/enabled
  bool_value: false
  key: ebgp-multihop/state/multihop-ttl
  uint_value: 0
  key: route-reflector/state/route-reflector-cluster-id
  str_value: zero-len
  key: route-reflector/state/route-reflector-client
  bool_value: false
  key: as-path-options/state/allow-own-as
  uint_value: 0
  key: as-path-options/state/replace-peer-as
  bool_value: false
  key: as-path-options/state/disable-peer-as-filter
  bool_value: false
  key: use-multiple-paths/state/enabled
  bool_value: false
  key: use-multiple-paths/ebgp/state/allow-multiple-as
  bool_value: false
  key: graceful-restart/state/enabled
  bool_value: false
  key: graceful-restart/state/restart-time
  uint_value: 120
  key: graceful-restart/state/stale-routes-time
  str_value: 300.00
  key: graceful-restart/state/helper-only
  bool_value: true
  key: graceful-restart/state/peer-restarting
  bool_value: false
  key: graceful-restart/state/local-restarting
  bool_value: false
  key: graceful-restart/state/mode
  str_value: HELPER_ONLY
  key: apply-policy/state/import-policy
  leaf_list_value: element:<leaflist_str_value:"RX-FROM-EQUINIX-IPV6" > 
  key: apply-policy/state/export-policy
  leaf_list_value: element:<leaflist_str_value:"ADV-TO-EQUINIX-IPV6" > 
  key: __prefix__
  str_value: /network-instances/network-instance[name='master']/protocols/protocol/bgp/neighbors/neighbor[neighbor-address='2001:de8:4::4:5629:2']/
  key: snmp-peer-index
  uint_value: 192
  key: state/peer-as
  uint_value: 45629
  key: state/local-as
  uint_value: 45903
  key: state/peer-type
  str_value: EXTERNAL
  key: state/auth-password
  str_value: (null)
  key: state/route-flap-damping
  bool_value: false
  key: state/description
  str_value: Peering JasTel via Equinix
  key: state/session-state
  str_value: IDLE
  key: state/last-established
  uint_value: 1694967381
  key: state/established-transitions
  uint_value: 0
  key: state/messages/sent/UPDATE
  uint_value: 0
  key: state/messages/sent/NOTIFICATION
  uint_value: 0
  key: state/messages/sent/last-notification-time
  uint_value: 0
  key: state/messages/sent/last-notification-error-subcode
  str_value: UNSPECIFIC
  key: state/messages/received/UPDATE
  uint_value: 0
  key: state/messages/received/NOTIFICATION
  uint_value: 0
  key: state/messages/received/last-notification-time
  uint_value: 0
  key: state/messages/received/last-notification-error-code
  str_value: NONE
  key: state/messages/received/last-notification-error-subcode
  str_value: UNSPECIFIC
  key: state/queues/input
  uint_value: 0
  key: state/queues/output
  uint_value: 0
  key: state/dynamically-configured
  bool_value: false
  key: state/session-status
  str_value: HALTED
  key: state/session-admin-status
  str_value: STOP
  key: state/interface-error
  bool_value: true
  key: state/import-eval-pending
  bool_value: false
  key: state/import-eval
  bool_value: false
  key: state/peer-group
  str_value: Equinix
  key: state/neighbor-address
  str_value: 2001:de8:4::4:5629:2
  key: state/enabled
  bool_value: true
  key: timers/state/connect-retry
  str_value: 0.00
  key: timers/state/hold-time
  str_value: 90.00
  key: timers/state/keepalive-interval
  str_value: 30.00
  key: timers/state/minimum-advertisement-interval
  str_value: 0.00
  key: timers/state/negotiated-hold-time
  str_value: 0.00
  key: transport/state/tcp-mss
  uint_value: 0
  key: transport/state/mtu-discovery
  bool_value: false
  key: transport/state/passive-mode
  bool_value: false
  key: transport/state/local-address
  str_value: 2001:de8:4::4:5903:1
  key: transport/state/local-port
  uint_value: 0
  key: transport/state/remote-address
  str_value: 2001:de8:4::4:5629:2
  key: transport/state/remote-port
  uint_value: 0
  key: error-handling/state/treat-as-withdraw
  bool_value: true
  key: error-handling/state/erroneous-update-messages
  uint_value: 0
  key: logging-options/state/log-neighbor-state-changes
  bool_value: false
  key: ebgp-multihop/state/enabled
  bool_value: false
  key: ebgp-multihop/state/multihop-ttl
  uint_value: 0
  key: route-reflector/state/route-reflector-cluster-id
  str_value: zero-len
  key: route-reflector/state/route-reflector-client
  bool_value: false
  key: as-path-options/state/allow-own-as
  uint_value: 0
  key: as-path-options/state/replace-peer-as
  bool_value: false
  key: as-path-options/state/disable-peer-as-filter
  bool_value: false
  key: use-multiple-paths/state/enabled
  bool_value: false
  key: use-multiple-paths/ebgp/state/allow-multiple-as
  bool_value: false
  key: graceful-restart/state/enabled
  bool_value: false
  key: graceful-restart/state/restart-time
  uint_value: 120
  key: graceful-restart/state/stale-routes-time
  str_value: 300.00
  key: graceful-restart/state/helper-only
  bool_value: true
  key: graceful-restart/state/peer-restarting
  bool_value: false
  key: graceful-restart/state/local-restarting
  bool_value: false
  key: graceful-restart/state/mode
  str_value: HELPER_ONLY
system_id: SGP001IGR04
component_id: 65535
sub_component_id: 0
path: sensor_1004:/network-instances/network-instance/protocols/protocol/bgp/neighbors/neighbor/:/network-instances/network-instance/protocols/protocol/bgp/neighbors/neighbor/:rpd
sequence_number: 20
timestamp: 1695289072178
sync_response: false
  key: __timestamp__
  uint_value: 1695289072179
  key: __junos_re_stream_creation_timestamp__
  uint_value: 1695289069611
  key: __junos_re_payload_get_timestamp__
  uint_value: 1695289072153
  key: apply-policy/state/import-policy
  leaf_list_value: element:<leaflist_str_value:"RX-FROM-EQUINIX-IPV6" > 
  key: __prefix__
  str_value: /network-instances/network-instance[name='master']/protocols/protocol/bgp/neighbors/neighbor[neighbor-address='2001:de8:4::4:5629:2']/
  key: apply-policy/state/export-policy
  leaf_list_value: element:<leaflist_str_value:"ADV-TO-EQUINIX-IPV6" > 
  key: __prefix__
  str_value: /network-instances/network-instance[name='master']/protocols/protocol/bgp/neighbors/neighbor[neighbor-address='2001:de8:4::4:5796:1']/
  key: snmp-peer-index
  uint_value: 226
  key: state/peer-as
  uint_value: 45796
  key: state/local-as
  uint_value: 45903
  key: state/peer-type
  str_value: EXTERNAL
  key: state/auth-password
  str_value: (null)
  key: state/route-flap-damping
  bool_value: false
  key: state/description
  str_value: To BB-Connect IPv6
  key: state/session-state
  str_value: IDLE
  key: state/last-established
  uint_value: 1694967381
  key: state/established-transitions
  uint_value: 0
  key: state/messages/sent/UPDATE
  uint_value: 0
  key: state/messages/sent/NOTIFICATION
  uint_value: 0
  key: state/messages/sent/last-notification-time
  uint_value: 0
  key: state/messages/sent/last-notification-error-subcode
  str_value: UNSPECIFIC
  key: state/messages/received/UPDATE
  uint_value: 0
  key: state/messages/received/NOTIFICATION
  uint_value: 0
  key: state/messages/received/last-notification-time
  uint_value: 0
  key: state/messages/received/last-notification-error-code
  str_value: NONE
  key: state/messages/received/last-notification-error-subcode
  str_value: UNSPECIFIC
  key: state/queues/input
  uint_value: 0
  key: state/queues/output
  uint_value: 0
  key: state/dynamically-configured
  bool_value: false
  key: state/session-status
  str_value: HALTED
  key: state/session-admin-status
  str_value: STOP
  key: state/interface-error
  bool_value: true
  key: state/import-eval-pending
  bool_value: false
  key: state/import-eval
  bool_value: false
  key: state/peer-group
  str_value: Equinix
  key: state/neighbor-address
  str_value: 2001:de8:4::4:5796:1
  key: state/enabled
  bool_value: true
  key: timers/state/connect-retry
  str_value: 0.00
  key: timers/state/hold-time
  str_value: 90.00
  key: timers/state/keepalive-interval
  str_value: 30.00
  key: timers/state/minimum-advertisement-interval
  str_value: 0.00
  key: timers/state/negotiated-hold-time
  str_value: 0.00
  key: transport/state/tcp-mss
  uint_value: 0
  key: transport/state/mtu-discovery
  bool_value: false
  key: transport/state/passive-mode
  bool_value: false
  key: transport/state/local-address
  str_value: 2001:de8:4::4:5903:1
  key: transport/state/local-port
  uint_value: 0
  key: transport/state/remote-address
  str_value: 2001:de8:4::4:5796:1
  key: transport/state/remote-port
  uint_value: 0
  key: error-handling/state/treat-as-withdraw
  bool_value: true
  key: error-handling/state/erroneous-update-messages
  uint_value: 0
  key: logging-options/state/log-neighbor-state-changes
  bool_value: false
  key: ebgp-multihop/state/enabled
  bool_value: false
  key: ebgp-multihop/state/multihop-ttl
  uint_value: 0
  key: route-reflector/state/route-reflector-cluster-id
  str_value: zero-len
  key: route-reflector/state/route-reflector-client
  bool_value: false
  key: as-path-options/state/allow-own-as
  uint_value: 0
  key: as-path-options/state/replace-peer-as
  bool_value: false
  key: as-path-options/state/disable-peer-as-filter
  bool_value: false
  key: use-multiple-paths/state/enabled
  bool_value: false
  key: use-multiple-paths/ebgp/state/allow-multiple-as
  bool_value: false
  key: graceful-restart/state/enabled
  bool_value: false
  key: graceful-restart/state/restart-time
  uint_value: 120
  key: graceful-restart/state/stale-routes-time
  str_value: 300.00
  key: graceful-restart/state/helper-only
  bool_value: true
  key: graceful-restart/state/peer-restarting
  bool_value: false
  key: graceful-restart/state/local-restarting
  bool_value: false
  key: graceful-restart/state/mode
  str_value: HELPER_ONLY
  key: apply-policy/state/import-policy
  leaf_list_value: element:<leaflist_str_value:"RX-FROM-BB-Connect-EQUINIX-IPv6" > 
  key: apply-policy/state/export-policy
  leaf_list_value: element:<leaflist_str_value:"ADV-TO-BB-Connect-EQUINIX-IPv6" > 
  key: __prefix__
  str_value: /network-instances/network-instance[name='master']/protocols/protocol/bgp/neighbors/neighbor[neighbor-address='2001:de8:4::4:9544:1']/
  key: snmp-peer-index
  uint_value: 246
  key: state/peer-as
  uint_value: 49544
  key: state/local-as
  uint_value: 45903
  key: state/peer-type
  str_value: EXTERNAL
  key: state/auth-password
  str_value: (null)
  key: state/route-flap-damping
  bool_value: false
  key: state/description
  str_value: Peering-iQIYI-IPv6-via-EQUINIX-SGP
  key: state/session-state
  str_value: IDLE
  key: state/last-established
  uint_value: 1694967381
  key: state/established-transitions
  uint_value: 0
  key: state/messages/sent/UPDATE
  uint_value: 0
  key: state/messages/sent/NOTIFICATION
  uint_value: 0
  key: state/messages/sent/last-notification-time
  uint_value: 0
  key: state/messages/sent/last-notification-error-subcode
  str_value: UNSPECIFIC
  key: state/messages/received/UPDATE
  uint_value: 0
  key: state/messages/received/NOTIFICATION
  uint_value: 0
  key: state/messages/received/last-notification-time
  uint_value: 0
  key: state/messages/received/last-notification-error-code
  str_value: NONE
  key: state/messages/received/last-notification-error-subcode
  str_value: UNSPECIFIC
  key: state/queues/input
  uint_value: 0
  key: state/queues/output
  uint_value: 0
  key: state/dynamically-configured
  bool_value: false
  key: state/session-status
  str_value: HALTED
  key: state/session-admin-status
  str_value: STOP
  key: state/interface-error
  bool_value: true
  key: state/import-eval-pending
  bool_value: false
  key: state/import-eval
  bool_value: false
  key: state/peer-group
  str_value: Equinix
  key: state/neighbor-address
  str_value: 2001:de8:4::4:9544:1
  key: state/enabled
  bool_value: true
  key: timers/state/connect-retry
  str_value: 0.00
  key: timers/state/hold-time
  str_value: 90.00
  key: timers/state/keepalive-interval
  str_value: 30.00
  key: timers/state/minimum-advertisement-interval
  str_value: 0.00
  key: timers/state/negotiated-hold-time
  str_value: 0.00
  key: transport/state/tcp-mss
  uint_value: 0
  key: transport/state/mtu-discovery
  bool_value: false
  key: transport/state/passive-mode
  bool_value: false
  key: transport/state/local-address
  str_value: 2001:de8:4::4:5903:1
  key: transport/state/local-port
  uint_value: 0
  key: transport/state/remote-address
  str_value: 2001:de8:4::4:9544:1
  key: transport/state/remote-port
  uint_value: 0
  key: error-handling/state/treat-as-withdraw
  bool_value: true
  key: error-handling/state/erroneous-update-messages
  uint_value: 0
  key: logging-options/state/log-neighbor-state-changes
  bool_value: false
  key: ebgp-multihop/state/enabled
  bool_value: false
  key: ebgp-multihop/state/multihop-ttl
  uint_value: 0
  key: route-reflector/state/route-reflector-cluster-id
  str_value: zero-len
  key: route-reflector/state/route-reflector-client
  bool_value: false
  key: as-path-options/state/allow-own-as
  uint_value: 0
  key: as-path-options/state/replace-peer-as
  bool_value: false
  key: as-path-options/state/disable-peer-as-filter
  bool_value: false
  key: use-multiple-paths/state/enabled
  bool_value: false
  key: use-multiple-paths/ebgp/state/allow-multiple-as
  bool_value: false
  key: graceful-restart/state/enabled
  bool_value: false
  key: graceful-restart/state/restart-time
  uint_value: 120
  key: graceful-restart/state/stale-routes-time
  str_value: 300.00
  key: graceful-restart/state/helper-only
  bool_value: true
  key: graceful-restart/state/peer-restarting
  bool_value: false
  key: graceful-restart/state/local-restarting
  bool_value: false
  key: graceful-restart/state/mode
  str_value: HELPER_ONLY
  key: apply-policy/state/import-policy
  leaf_list_value: element:<leaflist_str_value:"RX-FROM-EQUINIX-IPV6" > 
  key: apply-policy/state/export-policy
  leaf_list_value: element:<leaflist_str_value:"ADV-TO-EQUINIX-IPV6" > 
  key: __prefix__
  str_value: /network-instances/network-instance[name='master']/protocols/protocol/bgp/neighbors/neighbor[neighbor-address='2001:de8:4::5:4113:1']/
  key: snmp-peer-index
  uint_value: 269
  key: state/peer-as
  uint_value: 54113
  key: state/local-as
  uint_value: 45903
  key: state/peer-type
  str_value: EXTERNAL
  key: state/auth-password
  str_value: (null)
  key: state/remove-private-as
  str_value: PRIVATE_AS_REMOVE_ALL
  key: state/route-flap-damping
  bool_value: false
  key: state/description
  str_value: PEERING FASTLY link 2 IPv6
  key: state/session-state
  str_value: IDLE
  key: state/last-established
  uint_value: 1694967381
  key: state/established-transitions
  uint_value: 0
  key: state/messages/sent/UPDATE
  uint_value: 0
  key: state/messages/sent/NOTIFICATION
  uint_value: 0
  key: state/messages/sent/last-notification-time
  uint_value: 0
  key: state/messages/sent/last-notification-error-subcode
  str_value: UNSPECIFIC
  key: state/messages/received/UPDATE
  uint_value: 0
  key: state/messages/received/NOTIFICATION
  uint_value: 0
  key: state/messages/received/last-notification-time
  uint_value: 0
  key: state/messages/received/last-notification-error-code
  str_value: NONE
  key: state/messages/received/last-notification-error-subcode
  str_value: UNSPECIFIC
  key: state/queues/input
  uint_value: 0
  key: state/queues/output
  uint_value: 0
  key: state/dynamically-configured
  bool_value: false
  key: state/session-status
  str_value: HALTED
  key: state/session-admin-status
  str_value: STOP
  key: state/interface-error
  bool_value: true
  key: state/import-eval-pending
  bool_value: false
  key: state/import-eval
  bool_value: false
  key: state/peer-group
  str_value: Equinix
  key: state/neighbor-address
  str_value: 2001:de8:4::5:4113:1
  key: state/enabled
  bool_value: true
  key: timers/state/connect-retry
  str_value: 0.00
  key: timers/state/hold-time
  str_value: 90.00
  key: timers/state/keepalive-interval
  str_value: 30.00
  key: timers/state/minimum-advertisement-interval
  str_value: 0.00
  key: timers/state/negotiated-hold-time
  str_value: 0.00
  key: transport/state/tcp-mss
  uint_value: 0
  key: transport/state/mtu-discovery
  bool_value: false
  key: transport/state/passive-mode
  bool_value: false
  key: transport/state/local-address
  str_value: 2001:de8:4::4:5903:1
  key: transport/state/local-port
  uint_value: 0
  key: transport/state/remote-address
  str_value: 2001:de8:4::5:4113:1
  key: transport/state/remote-port
  uint_value: 0
  key: error-handling/state/treat-as-withdraw
  bool_value: true
  key: error-handling/state/erroneous-update-messages
  uint_value: 0
  key: logging-options/state/log-neighbor-state-changes
  bool_value: false
  key: ebgp-multihop/state/enabled
  bool_value: false
  key: ebgp-multihop/state/multihop-ttl
  uint_value: 0
  key: route-reflector/state/route-reflector-cluster-id
  str_value: zero-len
  key: route-reflector/state/route-reflector-client
  bool_value: false
  key: as-path-options/state/allow-own-as
  uint_value: 0
  key: as-path-options/state/replace-peer-as
  bool_value: false
  key: as-path-options/state/disable-peer-as-filter
  bool_value: false
  key: use-multiple-paths/state/enabled
  bool_value: false
  key: use-multiple-paths/ebgp/state/allow-multiple-as
  bool_value: false
  key: graceful-restart/state/enabled
  bool_value: false
  key: graceful-restart/state/restart-time
  uint_value: 120
  key: graceful-restart/state/stale-routes-time
  str_value: 300.00
  key: graceful-restart/state/helper-only
  bool_value: true
  key: graceful-restart/state/peer-restarting
  bool_value: false
  key: graceful-restart/state/local-restarting
  bool_value: false
  key: graceful-restart/state/mode
  str_value: HELPER_ONLY
  key: apply-policy/state/import-policy
  leaf_list_value: element:<leaflist_str_value:"RX-FROM-FASTLY-IPV6" > 
  key: apply-policy/state/export-policy
  leaf_list_value: element:<leaflist_str_value:"ADV-TO-FASTLY-IPV6" > 
  key: __prefix__
  str_value: /network-instances/network-instance[name='master']/protocols/protocol/bgp/neighbors/neighbor[neighbor-address='2001:de8:4::5:4113:2']/
  key: snmp-peer-index
  uint_value: 268
  key: state/peer-as
  uint_value: 54113
  key: state/local-as
  uint_value: 45903
  key: state/peer-type
  str_value: EXTERNAL
  key: state/auth-password
  str_value: (null)
  key: state/remove-private-as
  str_value: PRIVATE_AS_REMOVE_ALL
  key: state/route-flap-damping
  bool_value: false
  key: state/description
  str_value: PEERING FASTLY link 1 IPv6
  key: state/session-state
  str_value: IDLE
  key: state/last-established
  uint_value: 1694967381
  key: state/established-transitions
  uint_value: 0
  key: state/messages/sent/UPDATE
  uint_value: 0
  key: state/messages/sent/NOTIFICATION
  uint_value: 0
  key: state/messages/sent/last-notification-time
  uint_value: 0
  key: state/messages/sent/last-notification-error-subcode
  str_value: UNSPECIFIC
  key: state/messages/received/UPDATE
  uint_value: 0
  key: state/messages/received/NOTIFICATION
  uint_value: 0
  key: state/messages/received/last-notification-time
  uint_value: 0
  key: state/messages/received/last-notification-error-code
  str_value: NONE
  key: state/messages/received/last-notification-error-subcode
  str_value: UNSPECIFIC
  key: state/queues/input
  uint_value: 0
  key: state/queues/output
  uint_value: 0
  key: state/dynamically-configured
  bool_value: false
  key: state/session-status
  str_value: HALTED
  key: state/session-admin-status
  str_value: STOP
  key: state/interface-error
  bool_value: true
  key: state/import-eval-pending
  bool_value: false
  key: state/import-eval
  bool_value: false
  key: state/peer-group
  str_value: Equinix
  key: state/neighbor-address
  str_value: 2001:de8:4::5:4113:2
  key: state/enabled
  bool_value: true
  key: timers/state/connect-retry
  str_value: 0.00
  key: timers/state/hold-time
  str_value: 90.00
  key: timers/state/keepalive-interval
  str_value: 30.00
  key: timers/state/minimum-advertisement-interval
  str_value: 0.00
  key: timers/state/negotiated-hold-time
  str_value: 0.00
  key: transport/state/tcp-mss
  uint_value: 0
  key: transport/state/mtu-discovery
  bool_value: false
  key: transport/state/passive-mode
  bool_value: false
  key: transport/state/local-address
  str_value: 2001:de8:4::4:5903:1
  key: transport/state/local-port
  uint_value: 0
  key: transport/state/remote-address
  str_value: 2001:de8:4::5:4113:2
  key: transport/state/remote-port
  uint_value: 0
  key: error-handling/state/treat-as-withdraw
  bool_value: true
  key: error-handling/state/erroneous-update-messages
  uint_value: 0
  key: logging-options/state/log-neighbor-state-changes
  bool_value: false
  key: ebgp-multihop/state/enabled
  bool_value: false
  key: ebgp-multihop/state/multihop-ttl
  uint_value: 0
  key: route-reflector/state/route-reflector-cluster-id
  str_value: zero-len
  key: route-reflector/state/route-reflector-client
  bool_value: false
  key: as-path-options/state/allow-own-as
  uint_value: 0
  key: as-path-options/state/replace-peer-as
  bool_value: false
  key: as-path-options/state/disable-peer-as-filter
  bool_value: false
  key: use-multiple-paths/state/enabled
  bool_value: false
  key: use-multiple-paths/ebgp/state/allow-multiple-as
  bool_value: false
  key: graceful-restart/state/enabled
  bool_value: false
  key: graceful-restart/state/restart-time
  uint_value: 120
  key: graceful-restart/state/stale-routes-time
  str_value: 300.00
  key: graceful-restart/state/helper-only
  bool_value: true
  key: graceful-restart/state/peer-restarting
  bool_value: false
  key: graceful-restart/state/local-restarting
  bool_value: false
  key: graceful-restart/state/mode
  str_value: HELPER_ONLY
  key: apply-policy/state/import-policy
  leaf_list_value: element:<leaflist_str_value:"RX-FROM-FASTLY-IPV6" > 
  key: apply-policy/state/export-policy
  leaf_list_value: element:<leaflist_str_value:"ADV-TO-FASTLY-IPV6" > 
  key: __prefix__
  str_value: /network-instances/network-instance[name='master']/protocols/protocol/bgp/neighbors/neighbor[neighbor-address='2001:de8:4::5:8952:1']/
  key: snmp-peer-index
  uint_value: 211
  key: state/peer-as
  uint_value: 58952
  key: state/local-as
  uint_value: 45903
  key: state/peer-type
  str_value: EXTERNAL
  key: state/auth-password
  str_value: (null)
  key: state/route-flap-damping
  bool_value: false
  key: state/description
  str_value: Peering-FRONTIIR-IPv6-via-Equinix
  key: state/session-state
  str_value: IDLE
  key: state/last-established
  uint_value: 1694967381
  key: state/established-transitions
  uint_value: 0
  key: state/messages/sent/UPDATE
  uint_value: 0
  key: state/messages/sent/NOTIFICATION
  uint_value: 0
  key: state/messages/sent/last-notification-time
  uint_value: 0
  key: state/messages/sent/last-notification-error-subcode
  str_value: UNSPECIFIC
  key: state/messages/received/UPDATE
  uint_value: 0
  key: state/messages/received/NOTIFICATION
  uint_value: 0
  key: state/messages/received/last-notification-time
  uint_value: 0
  key: state/messages/received/last-notification-error-code
  str_value: NONE
  key: state/messages/received/last-notification-error-subcode
  str_value: UNSPECIFIC
  key: state/queues/input
  uint_value: 0
  key: state/queues/output
  uint_value: 0
  key: state/dynamically-configured
  bool_value: false
  key: state/session-status
  str_value: HALTED
  key: state/session-admin-status
  str_value: STOP
  key: state/interface-error
  bool_value: true
  key: state/import-eval-pending
  bool_value: false
  key: state/import-eval
  bool_value: false
  key: state/peer-group
  str_value: Equinix
  key: state/neighbor-address
  str_value: 2001:de8:4::5:8952:1
  key: state/enabled
  bool_value: true
  key: timers/state/connect-retry
  str_value: 0.00
  key: timers/state/hold-time
  str_value: 90.00
  key: timers/state/keepalive-interval
  str_value: 30.00
  key: timers/state/minimum-advertisement-interval
  str_value: 0.00
  key: timers/state/negotiated-hold-time
  str_value: 0.00
  key: transport/state/tcp-mss
  uint_value: 0
  key: transport/state/mtu-discovery
  bool_value: false
  key: transport/state/passive-mode
  bool_value: false
  key: transport/state/local-address
  str_value: 2001:de8:4::4:5903:1
  key: transport/state/local-port
  uint_value: 0
  key: transport/state/remote-address
  str_value: 2001:de8:4::5:8952:1
  key: transport/state/remote-port
  uint_value: 0
  key: error-handling/state/treat-as-withdraw
  bool_value: true
  key: error-handling/state/erroneous-update-messages
  uint_value: 0
  key: logging-options/state/log-neighbor-state-changes
  bool_value: false
  key: ebgp-multihop/state/enabled
  bool_value: false
  key: ebgp-multihop/state/multihop-ttl
  uint_value: 0
  key: route-reflector/state/route-reflector-cluster-id
  str_value: zero-len
  key: route-reflector/state/route-reflector-client
  bool_value: false
  key: as-path-options/state/allow-own-as
  uint_value: 0
  key: as-path-options/state/replace-peer-as
  bool_value: false
  key: as-path-options/state/disable-peer-as-filter
  bool_value: false
  key: use-multiple-paths/state/enabled
  bool_value: false
  key: use-multiple-paths/ebgp/state/allow-multiple-as
  bool_value: false
  key: graceful-restart/state/enabled
  bool_value: false
  key: graceful-restart/state/restart-time
  uint_value: 120
  key: graceful-restart/state/stale-routes-time
  str_value: 300.00
  key: graceful-restart/state/helper-only
  bool_value: true
  key: graceful-restart/state/peer-restarting
  bool_value: false
  key: graceful-restart/state/local-restarting
  bool_value: false
  key: graceful-restart/state/mode
  str_value: HELPER_ONLY
  key: apply-policy/state/import-policy
  leaf_list_value: element:<leaflist_str_value:"RX-FROM-EQUINIX-IPV6" > 
  key: apply-policy/state/export-policy
  leaf_list_value: element:<leaflist_str_value:"ADV-TO-EQUINIX-IPV6" > 
  key: __prefix__
  str_value: /network-instances/network-instance[name='master']/protocols/protocol/bgp/neighbors/neighbor[neighbor-address='2001:de8:4::6:3199:1']/
  key: snmp-peer-index
  uint_value: 264
  key: state/peer-as
  uint_value: 63199
  key: state/local-as
  uint_value: 45903
  key: state/peer-type
  str_value: EXTERNAL
  key: state/auth-password
  str_value: (null)
  key: state/route-flap-damping
  bool_value: false
  key: state/description
  str_value: Capitol Online via Equinix IPv6 01
  key: state/session-state
  str_value: IDLE
  key: state/last-established
  uint_value: 1694967381
  key: state/established-transitions
  uint_value: 0
  key: state/messages/sent/UPDATE
  uint_value: 0
  key: state/messages/sent/NOTIFICATION
  uint_value: 0
  key: state/messages/sent/last-notification-time
  uint_value: 0
  key: state/messages/sent/last-notification-error-subcode
  str_value: UNSPECIFIC
  key: state/messages/received/UPDATE
  uint_value: 0
  key: state/messages/received/NOTIFICATION
  uint_value: 0
  key: state/messages/received/last-notification-time
  uint_value: 0
  key: state/messages/received/last-notification-error-code
  str_value: NONE
  key: state/messages/received/last-notification-error-subcode
  str_value: UNSPECIFIC
  key: state/queues/input
  uint_value: 0
  key: state/queues/output
  uint_value: 0
  key: state/dynamically-configured
  bool_value: false
  key: state/session-status
  str_value: HALTED
  key: state/session-admin-status
  str_value: STOP
  key: state/interface-error
  bool_value: true
  key: state/import-eval-pending
  bool_value: false
  key: state/import-eval
  bool_value: false
  key: state/peer-group
  str_value: Equinix
  key: state/neighbor-address
  str_value: 2001:de8:4::6:3199:1
  key: state/enabled
  bool_value: true
  key: timers/state/connect-retry
  str_value: 0.00
  key: timers/state/hold-time
  str_value: 90.00
  key: timers/state/keepalive-interval
  str_value: 30.00
  key: timers/state/minimum-advertisement-interval
  str_value: 0.00
  key: timers/state/negotiated-hold-time
  str_value: 0.00
  key: transport/state/tcp-mss
  uint_value: 0
  key: transport/state/mtu-discovery
  bool_value: false
  key: transport/state/passive-mode
  bool_value: false
  key: transport/state/local-address
  str_value: 2001:de8:4::4:5903:1
  key: transport/state/local-port
  uint_value: 0
  key: transport/state/remote-address
  str_value: 2001:de8:4::6:3199:1
  key: transport/state/remote-port
  uint_value: 0
  key: error-handling/state/treat-as-withdraw
  bool_value: true
  key: error-handling/state/erroneous-update-messages
  uint_value: 0
  key: logging-options/state/log-neighbor-state-changes
  bool_value: false
  key: ebgp-multihop/state/enabled
  bool_value: false
  key: ebgp-multihop/state/multihop-ttl
  uint_value: 0
  key: route-reflector/state/route-reflector-cluster-id
  str_value: zero-len
  key: route-reflector/state/route-reflector-client
  bool_value: false
  key: as-path-options/state/allow-own-as
  uint_value: 0
  key: as-path-options/state/replace-peer-as
  bool_value: false
  key: as-path-options/state/disable-peer-as-filter
  bool_value: false
  key: use-multiple-paths/state/enabled
  bool_value: false
  key: use-multiple-paths/ebgp/state/allow-multiple-as
  bool_value: false
  key: graceful-restart/state/enabled
  bool_value: false
  key: graceful-restart/state/restart-time
  uint_value: 120
  key: graceful-restart/state/stale-routes-time
  str_value: 300.00
  key: graceful-restart/state/helper-only
  bool_value: true
  key: graceful-restart/state/peer-restarting
  bool_value: false
  key: graceful-restart/state/local-restarting
  bool_value: false
  key: graceful-restart/state/mode
  str_value: HELPER_ONLY
  key: apply-policy/state/import-policy
  leaf_list_value: element:<leaflist_str_value:"RX-FROM-EQUINIX-IPV6" > 
  key: apply-policy/state/export-policy
  leaf_list_value: element:<leaflist_str_value:"ADV-TO-EQUINIX-IPV6" > 
  key: __prefix__
  str_value: /network-instances/network-instance[name='master']/protocols/protocol/bgp/neighbors/neighbor[neighbor-address='2001:de8:4::6:3199:2']/
  key: snmp-peer-index
  uint_value: 265
  key: state/peer-as
  uint_value: 63199
  key: state/local-as
  uint_value: 45903
  key: state/peer-type
  str_value: EXTERNAL
  key: state/auth-password
  str_value: (null)
  key: state/route-flap-damping
  bool_value: false
  key: state/description
  str_value: Capitol Online via Equinix IPv6 02
  key: state/session-state
  str_value: IDLE
  key: state/last-established
  uint_value: 1694967381
  key: state/established-transitions
  uint_value: 0
  key: state/messages/sent/UPDATE
  uint_value: 0
  key: state/messages/sent/NOTIFICATION
  uint_value: 0
  key: state/messages/sent/last-notification-time
  uint_value: 0
  key: state/messages/sent/last-notification-error-subcode
  str_value: UNSPECIFIC
  key: state/messages/received/UPDATE
  uint_value: 0
  key: state/messages/received/NOTIFICATION
  uint_value: 0
  key: state/messages/received/last-notification-time
  uint_value: 0
  key: state/messages/received/last-notification-error-code
  str_value: NONE
  key: state/messages/received/last-notification-error-subcode
  str_value: UNSPECIFIC
  key: state/queues/input
  uint_value: 0
  key: state/queues/output
  uint_value: 0
  key: state/dynamically-configured
  bool_value: false
  key: state/session-status
  str_value: HALTED
  key: state/session-admin-status
  str_value: STOP
  key: state/interface-error
  bool_value: true
  key: state/import-eval-pending
  bool_value: false
  key: state/import-eval
  bool_value: false
  key: state/peer-group
  str_value: Equinix
  key: state/neighbor-address
  str_value: 2001:de8:4::6:3199:2
  key: state/enabled
  bool_value: true
  key: timers/state/connect-retry
  str_value: 0.00
  key: timers/state/hold-time
  str_value: 90.00
  key: timers/state/keepalive-interval
  str_value: 30.00
  key: timers/state/minimum-advertisement-interval
  str_value: 0.00
  key: timers/state/negotiated-hold-time
  str_value: 0.00
  key: transport/state/tcp-mss
  uint_value: 0
  key: transport/state/mtu-discovery
  bool_value: false
  key: transport/state/passive-mode
  bool_value: false
  key: transport/state/local-address
  str_value: 2001:de8:4::4:5903:1
  key: transport/state/local-port
  uint_value: 0
  key: transport/state/remote-address
  str_value: 2001:de8:4::6:3199:2
  key: transport/state/remote-port
  uint_value: 0
  key: error-handling/state/treat-as-withdraw
  bool_value: true
  key: error-handling/state/erroneous-update-messages
  uint_value: 0
  key: logging-options/state/log-neighbor-state-changes
  bool_value: false
  key: ebgp-multihop/state/enabled
  bool_value: false
  key: ebgp-multihop/state/multihop-ttl
  uint_value: 0
  key: route-reflector/state/route-reflector-cluster-id
  str_value: zero-len
  key: route-reflector/state/route-reflector-client
  bool_value: false
  key: as-path-options/state/allow-own-as
  uint_value: 0
  key: as-path-options/state/replace-peer-as
  bool_value: false
  key: as-path-options/state/disable-peer-as-filter
  bool_value: false
  key: use-multiple-paths/state/enabled
  bool_value: false
  key: use-multiple-paths/ebgp/state/allow-multiple-as
  bool_value: false
  key: graceful-restart/state/enabled
  bool_value: false
  key: graceful-restart/state/restart-time
  uint_value: 120
  key: graceful-restart/state/stale-routes-time
  str_value: 300.00
  key: graceful-restart/state/helper-only
  bool_value: true
  key: graceful-restart/state/peer-restarting
  bool_value: false
  key: graceful-restart/state/local-restarting
  bool_value: false
  key: graceful-restart/state/mode
  str_value: HELPER_ONLY
system_id: SGP001IGR04
component_id: 65535
sub_component_id: 0
path: sensor_1004:/network-instances/network-instance/protocols/protocol/bgp/neighbors/neighbor/:/network-instances/network-instance/protocols/protocol/bgp/neighbors/neighbor/:rpd
sequence_number: 21
timestamp: 1695289072303
sync_response: false
  key: __timestamp__
  uint_value: 1695289072303
  key: __junos_re_stream_creation_timestamp__
  uint_value: 1695289069611
  key: __junos_re_payload_get_timestamp__
  uint_value: 1695289072278
  key: apply-policy/state/import-policy
  leaf_list_value: element:<leaflist_str_value:"RX-FROM-EQUINIX-IPV6" > 
  key: __prefix__
  str_value: /network-instances/network-instance[name='master']/protocols/protocol/bgp/neighbors/neighbor[neighbor-address='2001:de8:4::6:3199:2']/
  key: apply-policy/state/export-policy
  leaf_list_value: element:<leaflist_str_value:"ADV-TO-EQUINIX-IPV6" > 
  key: __prefix__
  str_value: /network-instances/network-instance[name='master']/protocols/protocol/bgp/neighbors/neighbor[neighbor-address='2001:de8:4::6:3631:1']/
  key: snmp-peer-index
  uint_value: 221
  key: state/peer-as
  uint_value: 63631
  key: state/local-as
  uint_value: 45903
  key: state/peer-type
  str_value: EXTERNAL
  key: state/auth-password
  str_value: (null)
  key: state/route-flap-damping
  bool_value: false
  key: state/description
  str_value: Peering CloudBase via Equinix IPv6
  key: state/session-state
  str_value: IDLE
  key: state/last-established
  uint_value: 1694967381
  key: state/established-transitions
  uint_value: 0
  key: state/messages/sent/UPDATE
  uint_value: 0
  key: state/messages/sent/NOTIFICATION
  uint_value: 0
  key: state/messages/sent/last-notification-time
  uint_value: 0
  key: state/messages/sent/last-notification-error-subcode
  str_value: UNSPECIFIC
  key: state/messages/received/UPDATE
  uint_value: 0
  key: state/messages/received/NOTIFICATION
  uint_value: 0
  key: state/messages/received/last-notification-time
  uint_value: 0
  key: state/messages/received/last-notification-error-code
  str_value: NONE
  key: state/messages/received/last-notification-error-subcode
  str_value: UNSPECIFIC
  key: state/queues/input
  uint_value: 0
  key: state/queues/output
  uint_value: 0
  key: state/dynamically-configured
  bool_value: false
  key: state/session-status
  str_value: HALTED
  key: state/session-admin-status
  str_value: STOP
  key: state/interface-error
  bool_value: true
  key: state/import-eval-pending
  bool_value: false
  key: state/import-eval
  bool_value: false
  key: state/peer-group
  str_value: Equinix
  key: state/neighbor-address
  str_value: 2001:de8:4::6:3631:1
  key: state/enabled
  bool_value: true
  key: timers/state/connect-retry
  str_value: 0.00
  key: timers/state/hold-time
  str_value: 90.00
  key: timers/state/keepalive-interval
  str_value: 30.00
  key: timers/state/minimum-advertisement-interval
  str_value: 0.00
  key: timers/state/negotiated-hold-time
  str_value: 0.00
  key: transport/state/tcp-mss
  uint_value: 0
  key: transport/state/mtu-discovery
  bool_value: false
  key: transport/state/passive-mode
  bool_value: false
  key: transport/state/local-address
  str_value: 2001:de8:4::4:5903:1
  key: transport/state/local-port
  uint_value: 0
  key: transport/state/remote-address
  str_value: 2001:de8:4::6:3631:1
  key: transport/state/remote-port
  uint_value: 0
  key: error-handling/state/treat-as-withdraw
  bool_value: true
  key: error-handling/state/erroneous-update-messages
  uint_value: 0
  key: logging-options/state/log-neighbor-state-changes
  bool_value: false
  key: ebgp-multihop/state/enabled
  bool_value: false
  key: ebgp-multihop/state/multihop-ttl
  uint_value: 0
  key: route-reflector/state/route-reflector-cluster-id
  str_value: zero-len
  key: route-reflector/state/route-reflector-client
  bool_value: false
  key: as-path-options/state/allow-own-as
  uint_value: 0
  key: as-path-options/state/replace-peer-as
  bool_value: false
  key: as-path-options/state/disable-peer-as-filter
  bool_value: false
  key: use-multiple-paths/state/enabled
  bool_value: false
  key: use-multiple-paths/ebgp/state/allow-multiple-as
  bool_value: false
  key: graceful-restart/state/enabled
  bool_value: false
  key: graceful-restart/state/restart-time
  uint_value: 120
  key: graceful-restart/state/stale-routes-time
  str_value: 300.00
  key: graceful-restart/state/helper-only
  bool_value: true
  key: graceful-restart/state/peer-restarting
  bool_value: false
  key: graceful-restart/state/local-restarting
  bool_value: false
  key: graceful-restart/state/mode
  str_value: HELPER_ONLY
  key: apply-policy/state/import-policy
  leaf_list_value: element:<leaflist_str_value:"RX-FROM-EQUINIX-IPV6" > 
  key: apply-policy/state/export-policy
  leaf_list_value: element:<leaflist_str_value:"ADV-TO-EQUINIX-IPV6" > 
  key: __prefix__
  str_value: /network-instances/network-instance[name='master']/protocols/protocol/bgp/neighbors/neighbor[neighbor-address='2001:de8:4::6:4050:1']/
  key: snmp-peer-index
  uint_value: 224
  key: state/peer-as
  uint_value: 64050
  key: state/local-as
  uint_value: 45903
  key: state/peer-type
  str_value: EXTERNAL
  key: state/auth-password
  str_value: (null)
  key: state/route-flap-damping
  bool_value: false
  key: state/description
  str_value: To BGPNET IPv6
  key: state/session-state
  str_value: IDLE
  key: state/last-established
  uint_value: 1694967381
  key: state/established-transitions
  uint_value: 0
  key: state/messages/sent/UPDATE
  uint_value: 0
  key: state/messages/sent/NOTIFICATION
  uint_value: 0
  key: state/messages/sent/last-notification-time
  uint_value: 0
  key: state/messages/sent/last-notification-error-subcode
  str_value: UNSPECIFIC
  key: state/messages/received/UPDATE
  uint_value: 0
  key: state/messages/received/NOTIFICATION
  uint_value: 0
  key: state/messages/received/last-notification-time
  uint_value: 0
  key: state/messages/received/last-notification-error-code
  str_value: NONE
  key: state/messages/received/last-notification-error-subcode
  str_value: UNSPECIFIC
  key: state/queues/input
  uint_value: 0
  key: state/queues/output
  uint_value: 0
  key: state/dynamically-configured
  bool_value: false
  key: state/session-status
  str_value: HALTED
  key: state/session-admin-status
  str_value: STOP
  key: state/interface-error
  bool_value: true
  key: state/import-eval-pending
  bool_value: false
  key: state/import-eval
  bool_value: false
  key: state/peer-group
  str_value: Equinix
  key: state/neighbor-address
  str_value: 2001:de8:4::6:4050:1
  key: state/enabled
  bool_value: true
  key: timers/state/connect-retry
  str_value: 0.00
  key: timers/state/hold-time
  str_value: 90.00
  key: timers/state/keepalive-interval
  str_value: 30.00
  key: timers/state/minimum-advertisement-interval
  str_value: 0.00
  key: timers/state/negotiated-hold-time
  str_value: 0.00
  key: transport/state/tcp-mss
  uint_value: 0
  key: transport/state/mtu-discovery
  bool_value: false
  key: transport/state/passive-mode
  bool_value: false
  key: transport/state/local-address
  str_value: 2001:de8:4::4:5903:1
  key: transport/state/local-port
  uint_value: 0
  key: transport/state/remote-address
  str_value: 2001:de8:4::6:4050:1
  key: transport/state/remote-port
  uint_value: 0
  key: error-handling/state/treat-as-withdraw
  bool_value: true
  key: error-handling/state/erroneous-update-messages
  uint_value: 0
  key: logging-options/state/log-neighbor-state-changes
  bool_value: false
  key: ebgp-multihop/state/enabled
  bool_value: false
  key: ebgp-multihop/state/multihop-ttl
  uint_value: 0
  key: route-reflector/state/route-reflector-cluster-id
  str_value: zero-len
  key: route-reflector/state/route-reflector-client
  bool_value: false
  key: as-path-options/state/allow-own-as
  uint_value: 0
  key: as-path-options/state/replace-peer-as
  bool_value: false
  key: as-path-options/state/disable-peer-as-filter
  bool_value: false
  key: use-multiple-paths/state/enabled
  bool_value: false
  key: use-multiple-paths/ebgp/state/allow-multiple-as
  bool_value: false
  key: graceful-restart/state/enabled
  bool_value: false
  key: graceful-restart/state/restart-time
  uint_value: 120
  key: graceful-restart/state/stale-routes-time
  str_value: 300.00
  key: graceful-restart/state/helper-only
  bool_value: true
  key: graceful-restart/state/peer-restarting
  bool_value: false
  key: graceful-restart/state/local-restarting
  bool_value: false
  key: graceful-restart/state/mode
  str_value: HELPER_ONLY
  key: apply-policy/state/import-policy
  leaf_list_value: element:<leaflist_str_value:"RX-FROM-BGPNET-EQUINIX-IPv6" > 
  key: apply-policy/state/export-policy
  leaf_list_value: element:<leaflist_str_value:"ADV-TO-BGPNET-EQUINIX-IPv6" > 
  key: __prefix__
  str_value: /network-instances/network-instance[name='master']/protocols/protocol/bgp/neighbors/neighbor[neighbor-address='2001:de8:4::13:3865:1']/
  key: snmp-peer-index
  uint_value: 243
  key: state/peer-as
  uint_value: 133865
  key: state/local-as
  uint_value: 45903
  key: state/peer-type
  str_value: EXTERNAL
  key: state/auth-password
  str_value: (null)
  key: state/route-flap-damping
  bool_value: false
  key: state/description
  str_value: Peering-iQIYI-IPv6-via-EQUINIX-SGP
  key: state/session-state
  str_value: IDLE
  key: state/last-established
  uint_value: 1694967381
  key: state/established-transitions
  uint_value: 0
  key: state/messages/sent/UPDATE
  uint_value: 0
  key: state/messages/sent/NOTIFICATION
  uint_value: 0
  key: state/messages/sent/last-notification-time
  uint_value: 0
  key: state/messages/sent/last-notification-error-subcode
  str_value: UNSPECIFIC
  key: state/messages/received/UPDATE
  uint_value: 0
  key: state/messages/received/NOTIFICATION
  uint_value: 0
  key: state/messages/received/last-notification-time
  uint_value: 0
  key: state/messages/received/last-notification-error-code
  str_value: NONE
  key: state/messages/received/last-notification-error-subcode
  str_value: UNSPECIFIC
  key: state/queues/input
  uint_value: 0
  key: state/queues/output
  uint_value: 0
  key: state/dynamically-configured
  bool_value: false
  key: state/session-status
  str_value: HALTED
  key: state/session-admin-status
  str_value: STOP
  key: state/interface-error
  bool_value: true
  key: state/import-eval-pending
  bool_value: false
  key: state/import-eval
  bool_value: false
  key: state/peer-group
  str_value: Equinix
  key: state/neighbor-address
  str_value: 2001:de8:4::13:3865:1
  key: state/enabled
  bool_value: true
  key: timers/state/connect-retry
  str_value: 0.00
  key: timers/state/hold-time
  str_value: 90.00
  key: timers/state/keepalive-interval
  str_value: 30.00
  key: timers/state/minimum-advertisement-interval
  str_value: 0.00
  key: timers/state/negotiated-hold-time
  str_value: 0.00
  key: transport/state/tcp-mss
  uint_value: 0
  key: transport/state/mtu-discovery
  bool_value: false
  key: transport/state/passive-mode
  bool_value: false
  key: transport/state/local-address
  str_value: 2001:de8:4::4:5903:1
  key: transport/state/local-port
  uint_value: 0
  key: transport/state/remote-address
  str_value: 2001:de8:4::13:3865:1
  key: transport/state/remote-port
  uint_value: 0
  key: error-handling/state/treat-as-withdraw
  bool_value: true
  key: error-handling/state/erroneous-update-messages
  uint_value: 0
  key: logging-options/state/log-neighbor-state-changes
  bool_value: false
  key: ebgp-multihop/state/enabled
  bool_value: false
  key: ebgp-multihop/state/multihop-ttl
  uint_value: 0
  key: route-reflector/state/route-reflector-cluster-id
  str_value: zero-len
  key: route-reflector/state/route-reflector-client
  bool_value: false
  key: as-path-options/state/allow-own-as
  uint_value: 0
  key: as-path-options/state/replace-peer-as
  bool_value: false
  key: as-path-options/state/disable-peer-as-filter
  bool_value: false
  key: use-multiple-paths/state/enabled
  bool_value: false
  key: use-multiple-paths/ebgp/state/allow-multiple-as
  bool_value: false
  key: graceful-restart/state/enabled
  bool_value: false
  key: graceful-restart/state/restart-time
  uint_value: 120
  key: graceful-restart/state/stale-routes-time
  str_value: 300.00
  key: graceful-restart/state/helper-only
  bool_value: true
  key: graceful-restart/state/peer-restarting
  bool_value: false
  key: graceful-restart/state/local-restarting
  bool_value: false
  key: graceful-restart/state/mode
  str_value: HELPER_ONLY
  key: apply-policy/state/import-policy
  leaf_list_value: element:<leaflist_str_value:"RX-FROM-EQUINIX-IPV6" > 
  key: apply-policy/state/export-policy
  leaf_list_value: element:<leaflist_str_value:"ADV-TO-EQUINIX-IPV6" > 
  key: __prefix__
  str_value: /network-instances/network-instance[name='master']/protocols/protocol/bgp/neighbors/neighbor[neighbor-address='2001:de8:4::13:3865:2']/
  key: snmp-peer-index
  uint_value: 244
  key: state/peer-as
  uint_value: 133865
  key: state/local-as
  uint_value: 45903
  key: state/peer-type
  str_value: EXTERNAL
  key: state/auth-password
  str_value: (null)
  key: state/route-flap-damping
  bool_value: false
  key: state/description
  str_value: Peering-iQIYI-IPv6-via-EQUINIX-SGP
  key: state/session-state
  str_value: IDLE
  key: state/last-established
  uint_value: 1694967381
  key: state/established-transitions
  uint_value: 0
  key: state/messages/sent/UPDATE
  uint_value: 0
  key: state/messages/sent/NOTIFICATION
  uint_value: 0
  key: state/messages/sent/last-notification-time
  uint_value: 0
  key: state/messages/sent/last-notification-error-subcode
  str_value: UNSPECIFIC
  key: state/messages/received/UPDATE
  uint_value: 0
  key: state/messages/received/NOTIFICATION
  uint_value: 0
  key: state/messages/received/last-notification-time
  uint_value: 0
  key: state/messages/received/last-notification-error-code
  str_value: NONE
  key: state/messages/received/last-notification-error-subcode
  str_value: UNSPECIFIC
  key: state/queues/input
  uint_value: 0
  key: state/queues/output
  uint_value: 0
  key: state/dynamically-configured
  bool_value: false
  key: state/session-status
  str_value: HALTED
  key: state/session-admin-status
  str_value: STOP
  key: state/interface-error
  bool_value: true
  key: state/import-eval-pending
  bool_value: false
  key: state/import-eval
  bool_value: false
  key: state/peer-group
  str_value: Equinix
  key: state/neighbor-address
  str_value: 2001:de8:4::13:3865:2
  key: state/enabled
  bool_value: true
  key: timers/state/connect-retry
  str_value: 0.00
  key: timers/state/hold-time
  str_value: 90.00
  key: timers/state/keepalive-interval
  str_value: 30.00
  key: timers/state/minimum-advertisement-interval
  str_value: 0.00
  key: timers/state/negotiated-hold-time
  str_value: 0.00
  key: transport/state/tcp-mss
  uint_value: 0
  key: transport/state/mtu-discovery
  bool_value: false
  key: transport/state/passive-mode
  bool_value: false
  key: transport/state/local-address
  str_value: 2001:de8:4::4:5903:1
  key: transport/state/local-port
  uint_value: 0
  key: transport/state/remote-address
  str_value: 2001:de8:4::13:3865:2
  key: transport/state/remote-port
  uint_value: 0
  key: error-handling/state/treat-as-withdraw
  bool_value: true
  key: error-handling/state/erroneous-update-messages
  uint_value: 0
  key: logging-options/state/log-neighbor-state-changes
  bool_value: false
  key: ebgp-multihop/state/enabled
  bool_value: false
  key: ebgp-multihop/state/multihop-ttl
  uint_value: 0
  key: route-reflector/state/route-reflector-cluster-id
  str_value: zero-len
  key: route-reflector/state/route-reflector-client
  bool_value: false
  key: as-path-options/state/allow-own-as
  uint_value: 0
  key: as-path-options/state/replace-peer-as
  bool_value: false
  key: as-path-options/state/disable-peer-as-filter
  bool_value: false
  key: use-multiple-paths/state/enabled
  bool_value: false
  key: use-multiple-paths/ebgp/state/allow-multiple-as
  bool_value: false
  key: graceful-restart/state/enabled
  bool_value: false
  key: graceful-restart/state/restart-time
  uint_value: 120
  key: graceful-restart/state/stale-routes-time
  str_value: 300.00
  key: graceful-restart/state/helper-only
  bool_value: true
  key: graceful-restart/state/peer-restarting
  bool_value: false
  key: graceful-restart/state/local-restarting
  bool_value: false
  key: graceful-restart/state/mode
  str_value: HELPER_ONLY
  key: apply-policy/state/import-policy
  leaf_list_value: element:<leaflist_str_value:"RX-FROM-EQUINIX-IPV6" > 
  key: apply-policy/state/export-policy
  leaf_list_value: element:<leaflist_str_value:"ADV-TO-EQUINIX-IPV6" > 
  key: __prefix__
  str_value: /network-instances/network-instance[name='master']/protocols/protocol/bgp/neighbors/neighbor[neighbor-address='2001:de8:4::13:6168:1']/
  key: snmp-peer-index
  uint_value: 209
  key: state/peer-as
  uint_value: 136168
  key: state/local-as
  uint_value: 45903
  key: state/peer-type
  str_value: EXTERNAL
  key: state/auth-password
  str_value: (null)
  key: state/route-flap-damping
  bool_value: false
  key: state/description
  str_value: Peering JasTel via Equinix
  key: state/session-state
  str_value: IDLE
  key: state/last-established
  uint_value: 1694967381
  key: state/established-transitions
  uint_value: 0
  key: state/messages/sent/UPDATE
  uint_value: 0
  key: state/messages/sent/NOTIFICATION
  uint_value: 0
  key: state/messages/sent/last-notification-time
  uint_value: 0
  key: state/messages/sent/last-notification-error-subcode
  str_value: UNSPECIFIC
  key: state/messages/received/UPDATE
  uint_value: 0
  key: state/messages/received/NOTIFICATION
  uint_value: 0
  key: state/messages/received/last-notification-time
  uint_value: 0
  key: state/messages/received/last-notification-error-code
  str_value: NONE
  key: state/messages/received/last-notification-error-subcode
  str_value: UNSPECIFIC
  key: state/queues/input
  uint_value: 0
  key: state/queues/output
  uint_value: 0
  key: state/dynamically-configured
  bool_value: false
  key: state/session-status
  str_value: HALTED
  key: state/session-admin-status
  str_value: STOP
  key: state/interface-error
  bool_value: true
  key: state/import-eval-pending
  bool_value: false
  key: state/import-eval
  bool_value: false
  key: state/peer-group
  str_value: Equinix
  key: state/neighbor-address
  str_value: 2001:de8:4::13:6168:1
  key: state/enabled
  bool_value: true
  key: timers/state/connect-retry
  str_value: 0.00
  key: timers/state/hold-time
  str_value: 90.00
  key: timers/state/keepalive-interval
  str_value: 30.00
  key: timers/state/minimum-advertisement-interval
  str_value: 0.00
  key: timers/state/negotiated-hold-time
  str_value: 0.00
  key: transport/state/tcp-mss
  uint_value: 0
  key: transport/state/mtu-discovery
  bool_value: false
  key: transport/state/passive-mode
  bool_value: false
  key: transport/state/local-address
  str_value: 2001:de8:4::4:5903:1
  key: transport/state/local-port
  uint_value: 0
  key: transport/state/remote-address
  str_value: 2001:de8:4::13:6168:1
  key: transport/state/remote-port
  uint_value: 0
  key: error-handling/state/treat-as-withdraw
  bool_value: true
  key: error-handling/state/erroneous-update-messages
  uint_value: 0
  key: logging-options/state/log-neighbor-state-changes
  bool_value: false
  key: ebgp-multihop/state/enabled
  bool_value: false
  key: ebgp-multihop/state/multihop-ttl
  uint_value: 0
  key: route-reflector/state/route-reflector-cluster-id
  str_value: zero-len
  key: route-reflector/state/route-reflector-client
  bool_value: false
  key: as-path-options/state/allow-own-as
  uint_value: 0
  key: as-path-options/state/replace-peer-as
  bool_value: false
  key: as-path-options/state/disable-peer-as-filter
  bool_value: false
  key: use-multiple-paths/state/enabled
  bool_value: false
  key: use-multiple-paths/ebgp/state/allow-multiple-as
  bool_value: false
  key: graceful-restart/state/enabled
  bool_value: false
  key: graceful-restart/state/restart-time
  uint_value: 120
  key: graceful-restart/state/stale-routes-time
  str_value: 300.00
  key: graceful-restart/state/helper-only
  bool_value: true
  key: graceful-restart/state/peer-restarting
  bool_value: false
  key: graceful-restart/state/local-restarting
  bool_value: false
  key: graceful-restart/state/mode
  str_value: HELPER_ONLY
  key: apply-policy/state/import-policy
  leaf_list_value: element:<leaflist_str_value:"RX-FROM-EQUINIX-IPV6" > 
  key: apply-policy/state/export-policy
  leaf_list_value: element:<leaflist_str_value:"ADV-TO-EQUINIX-IPV6" > 
  key: __prefix__
  str_value: /network-instances/network-instance[name='master']/protocols/protocol/bgp/neighbors/neighbor[neighbor-address='2001:de8:4::13:9836:1']/
  key: snmp-peer-index
  uint_value: 271
  key: state/peer-as
  uint_value: 139836
  key: state/local-as
  uint_value: 45903
  key: state/peer-type
  str_value: EXTERNAL
  key: state/auth-password
  str_value: (null)
  key: state/route-flap-damping
  bool_value: false
  key: state/description
  str_value: COMMRUN Peer V6
  key: state/session-state
  str_value: IDLE
  key: state/last-established
  uint_value: 1694967381
  key: state/established-transitions
  uint_value: 0
  key: state/messages/sent/UPDATE
  uint_value: 0
  key: state/messages/sent/NOTIFICATION
  uint_value: 0
  key: state/messages/sent/last-notification-time
  uint_value: 0
  key: state/messages/sent/last-notification-error-subcode
  str_value: UNSPECIFIC
  key: state/messages/received/UPDATE
  uint_value: 0
  key: state/messages/received/NOTIFICATION
  uint_value: 0
  key: state/messages/received/last-notification-time
  uint_value: 0
  key: state/messages/received/last-notification-error-code
  str_value: NONE
  key: state/messages/received/last-notification-error-subcode
  str_value: UNSPECIFIC
  key: state/queues/input
  uint_value: 0
  key: state/queues/output
  uint_value: 0
  key: state/dynamically-configured
  bool_value: false
  key: state/session-status
  str_value: HALTED
  key: state/session-admin-status
  str_value: STOP
  key: state/interface-error
  bool_value: true
  key: state/import-eval-pending
  bool_value: false
  key: state/import-eval
  bool_value: false
  key: state/peer-group
  str_value: Equinix
  key: state/neighbor-address
  str_value: 2001:de8:4::13:9836:1
  key: state/enabled
  bool_value: true
  key: timers/state/connect-retry
  str_value: 0.00
  key: timers/state/hold-time
  str_value: 90.00
  key: timers/state/keepalive-interval
  str_value: 30.00
  key: timers/state/minimum-advertisement-interval
  str_value: 0.00
  key: timers/state/negotiated-hold-time
  str_value: 0.00
  key: transport/state/tcp-mss
  uint_value: 0
  key: transport/state/mtu-discovery
  bool_value: false
  key: transport/state/passive-mode
  bool_value: false
  key: transport/state/local-address
  str_value: 2001:de8:4::4:5903:1
  key: transport/state/local-port
  uint_value: 0
  key: transport/state/remote-address
  str_value: 2001:de8:4::13:9836:1
  key: transport/state/remote-port
  uint_value: 0
  key: error-handling/state/treat-as-withdraw
  bool_value: true
  key: error-handling/state/erroneous-update-messages
  uint_value: 0
  key: logging-options/state/log-neighbor-state-changes
  bool_value: false
  key: ebgp-multihop/state/enabled
  bool_value: false
  key: ebgp-multihop/state/multihop-ttl
  uint_value: 0
  key: route-reflector/state/route-reflector-cluster-id
  str_value: zero-len
  key: route-reflector/state/route-reflector-client
  bool_value: false
  key: as-path-options/state/allow-own-as
  uint_value: 0
  key: as-path-options/state/replace-peer-as
  bool_value: false
  key: as-path-options/state/disable-peer-as-filter
  bool_value: false
  key: use-multiple-paths/state/enabled
  bool_value: false
  key: use-multiple-paths/ebgp/state/allow-multiple-as
  bool_value: false
  key: graceful-restart/state/enabled
  bool_value: false
  key: graceful-restart/state/restart-time
  uint_value: 120
  key: graceful-restart/state/stale-routes-time
  str_value: 300.00
  key: graceful-restart/state/helper-only
  bool_value: true
  key: graceful-restart/state/peer-restarting
  bool_value: false
  key: graceful-restart/state/local-restarting
  bool_value: false
  key: graceful-restart/state/mode
  str_value: HELPER_ONLY
  key: apply-policy/state/import-policy
  leaf_list_value: element:<leaflist_str_value:"RX-FROM-EQUINIX-IPV6" > 
  key: apply-policy/state/export-policy
  leaf_list_value: element:<leaflist_str_value:"ADV-TO-EQUINIX-IPV6" > 
  key: __prefix__
  str_value: /network-instances/network-instance[name='master']/protocols/protocol/bgp/neighbors/neighbor[neighbor-address='2001:4860:1:1:0:b34f:0:4']/
  key: snmp-peer-index
  uint_value: 280
  key: state/peer-as
  uint_value: 15169
  key: state/local-as
  uint_value: 45903
  key: state/peer-type
  str_value: EXTERNAL
  key: state/auth-password
  str_value: (null)
  key: state/remove-private-as
  str_value: PRIVATE_AS_REMOVE_ALL
  key: state/route-flap-damping
  bool_value: false
  key: state/description
  str_value: Peering GGP Ipv6
  key: state/session-state
  str_value: IDLE
  key: state/last-established
  uint_value: 1694967381
  key: state/established-transitions
  uint_value: 0
  key: state/messages/sent/UPDATE
  uint_value: 0
  key: state/messages/sent/NOTIFICATION
  uint_value: 0
  key: state/messages/sent/last-notification-time
  uint_value: 0
  key: state/messages/sent/last-notification-error-subcode
  str_value: UNSPECIFIC
  key: state/messages/received/UPDATE
  uint_value: 0
  key: state/messages/received/NOTIFICATION
  uint_value: 0
  key: state/messages/received/last-notification-time
  uint_value: 0
  key: state/messages/received/last-notification-error-code
  str_value: NONE
  key: state/messages/received/last-notification-error-subcode
  str_value: UNSPECIFIC
  key: state/queues/input
  uint_value: 0
  key: state/queues/output
  uint_value: 0
  key: state/dynamically-configured
  bool_value: false
  key: state/session-status
  str_value: HALTED
  key: state/session-admin-status
  str_value: STOP
  key: state/interface-error
  bool_value: true
  key: state/import-eval-pending
  bool_value: false
  key: state/import-eval
  bool_value: false
  key: state/peer-group
  str_value: GooglePeer-IPV6
  key: state/neighbor-address
  str_value: 2001:4860:1:1:0:b34f:0:4
  key: state/enabled
  bool_value: true
  key: timers/state/connect-retry
  str_value: 0.00
  key: timers/state/hold-time
  str_value: 90.00
  key: timers/state/keepalive-interval
  str_value: 30.00
  key: timers/state/minimum-advertisement-interval
  str_value: 0.00
  key: timers/state/negotiated-hold-time
  str_value: 0.00
  key: transport/state/tcp-mss
  uint_value: 0
  key: transport/state/mtu-discovery
  bool_value: false
  key: transport/state/passive-mode
  bool_value: false
  key: transport/state/local-address
  str_value: 2001:4860:1:1:0:b34f:0:5
  key: transport/state/local-port
  uint_value: 0
  key: transport/state/remote-address
  str_value: 2001:4860:1:1:0:b34f:0:4
  key: transport/state/remote-port
  uint_value: 0
  key: error-handling/state/treat-as-withdraw
  bool_value: true
  key: error-handling/state/erroneous-update-messages
  uint_value: 0
  key: logging-options/state/log-neighbor-state-changes
  bool_value: false
  key: ebgp-multihop/state/enabled
  bool_value: false
  key: ebgp-multihop/state/multihop-ttl
  uint_value: 0
  key: route-reflector/state/route-reflector-cluster-id
  str_value: zero-len
  key: route-reflector/state/route-reflector-client
  bool_value: false
  key: as-path-options/state/allow-own-as
  uint_value: 0
  key: as-path-options/state/replace-peer-as
  bool_value: false
  key: as-path-options/state/disable-peer-as-filter
  bool_value: false
  key: use-multiple-paths/state/enabled
  bool_value: false
  key: use-multiple-paths/ebgp/state/allow-multiple-as
  bool_value: false
  key: graceful-restart/state/enabled
  bool_value: false
  key: graceful-restart/state/restart-time
  uint_value: 120
  key: graceful-restart/state/stale-routes-time
  str_value: 300.00
  key: graceful-restart/state/helper-only
  bool_value: true
  key: graceful-restart/state/peer-restarting
  bool_value: false
  key: graceful-restart/state/local-restarting
  bool_value: false
  key: graceful-restart/state/mode
  str_value: HELPER_ONLY
system_id: SGP001IGR04
component_id: 65535
sub_component_id: 0
path: sensor_1004:/network-instances/network-instance/protocols/protocol/bgp/neighbors/neighbor/:/network-instances/network-instance/protocols/protocol/bgp/neighbors/neighbor/:rpd
sequence_number: 22
timestamp: 1695289072434
sync_response: false
  key: __timestamp__
  uint_value: 1695289072435
  key: __junos_re_stream_creation_timestamp__
  uint_value: 1695289069611
  key: __junos_re_payload_get_timestamp__
  uint_value: 1695289072403
  key: apply-policy/state/import-policy
  leaf_list_value: element:<leaflist_str_value:"RX-FROM-GGP-IPv6" > 
  key: __prefix__
  str_value: /network-instances/network-instance[name='master']/protocols/protocol/bgp/neighbors/neighbor[neighbor-address='2001:4860:1:1:0:b34f:0:4']/
  key: apply-policy/state/export-policy
  leaf_list_value: element:<leaflist_str_value:"ADV-TO-GGP-IPv6" > 
  key: __prefix__
  str_value: /network-instances/network-instance[name='L3VPN-COLT-NetCompany-HKG-SGP-VL102']/protocols/protocol/bgp/neighbors/neighbor[neighbor-address='100.65.64.205']/
  key: snmp-peer-index
  uint_value: 140
  key: state/peer-as
  uint_value: 8220
  key: state/local-as
  uint_value: 45903
  key: state/peer-type
  str_value: EXTERNAL
  key: state/auth-password
  str_value: (null)
  key: state/route-flap-damping
  bool_value: false
  key: state/description
  str_value: (null)
  key: state/session-state
  str_value: IDLE
  key: state/last-established
  uint_value: 1694660108
  key: state/established-transitions
  uint_value: 0
  key: state/messages/sent/UPDATE
  uint_value: 0
  key: state/messages/sent/NOTIFICATION
  uint_value: 0
  key: state/messages/sent/last-notification-time
  uint_value: 0
  key: state/messages/sent/last-notification-error-subcode
  str_value: UNSPECIFIC
  key: state/messages/received/UPDATE
  uint_value: 0
  key: state/messages/received/NOTIFICATION
  uint_value: 0
  key: state/messages/received/last-notification-time
  uint_value: 0
  key: state/messages/received/last-notification-error-code
  str_value: NONE
  key: state/messages/received/last-notification-error-subcode
  str_value: UNSPECIFIC
  key: state/queues/input
  uint_value: 0
  key: state/queues/output
  uint_value: 0
  key: state/dynamically-configured
  bool_value: false
  key: state/session-status
  str_value: HALTED
  key: state/session-admin-status
  str_value: STOP
  key: state/interface-error
  bool_value: true
  key: state/import-eval-pending
  bool_value: false
  key: state/import-eval
  bool_value: false
  key: state/peer-group
  str_value: L3VPN-COLT-NetCompany-HKG-SGP-VL102
  key: state/neighbor-address
  str_value: 100.65.64.205
  key: state/enabled
  bool_value: true
  key: timers/state/connect-retry
  str_value: 0.00
  key: timers/state/hold-time
  str_value: 90.00
  key: timers/state/keepalive-interval
  str_value: 30.00
  key: timers/state/minimum-advertisement-interval
  str_value: 0.00
  key: timers/state/negotiated-hold-time
  str_value: 0.00
  key: transport/state/tcp-mss
  uint_value: 0
  key: transport/state/mtu-discovery
  bool_value: false
  key: transport/state/passive-mode
  bool_value: false
  key: transport/state/local-address
  str_value: 100.65.64.206
  key: transport/state/local-port
  uint_value: 0
  key: transport/state/remote-address
  str_value: 100.65.64.205
  key: transport/state/remote-port
  uint_value: 0
  key: error-handling/state/treat-as-withdraw
  bool_value: false
  key: error-handling/state/erroneous-update-messages
  uint_value: 0
  key: logging-options/state/log-neighbor-state-changes
  bool_value: false
  key: ebgp-multihop/state/enabled
  bool_value: false
  key: ebgp-multihop/state/multihop-ttl
  uint_value: 0
  key: route-reflector/state/route-reflector-cluster-id
  str_value: zero-len
  key: route-reflector/state/route-reflector-client
  bool_value: false
  key: as-path-options/state/allow-own-as
  uint_value: 0
  key: as-path-options/state/replace-peer-as
  bool_value: false
  key: as-path-options/state/disable-peer-as-filter
  bool_value: false
  key: use-multiple-paths/state/enabled
  bool_value: false
  key: use-multiple-paths/ebgp/state/allow-multiple-as
  bool_value: false
  key: graceful-restart/state/enabled
  bool_value: false
  key: graceful-restart/state/restart-time
  uint_value: 120
  key: graceful-restart/state/stale-routes-time
  str_value: 300.00
  key: graceful-restart/state/helper-only
  bool_value: true
  key: graceful-restart/state/peer-restarting
  bool_value: false
  key: graceful-restart/state/local-restarting
  bool_value: false
  key: graceful-restart/state/mode
  str_value: HELPER_ONLY
  key: apply-policy/state/import-policy
  leaf_list_value: element:<leaflist_str_value:"RX-FROM-COLT-NetCompany-HKG-SGP-VL102" > 
  key: apply-policy/state/export-policy
  leaf_list_value: element:<leaflist_str_value:"ADV-TO-COLT-NetCompany-HKG-SGP-VL102" > 
  key: __prefix__
  str_value: /network-instances/network-instance[name='L3VPN-COLT-Schaffner-SG-THAI-VL108']/protocols/protocol/bgp/neighbors/neighbor[neighbor-address='100.65.65.169']/
  key: snmp-peer-index
  uint_value: 141
  key: state/peer-as
  uint_value: 8220
  key: state/local-as
  uint_value: 45903
  key: state/peer-type
  str_value: EXTERNAL
  key: state/auth-password
  str_value: (null)
  key: state/route-flap-damping
  bool_value: false
  key: state/description
  str_value: (null)
  key: state/session-state
  str_value: IDLE
  key: state/last-established
  uint_value: 1694660108
  key: state/established-transitions
  uint_value: 0
  key: state/messages/sent/UPDATE
  uint_value: 0
  key: state/messages/sent/NOTIFICATION
  uint_value: 0
  key: state/messages/sent/last-notification-time
  uint_value: 0
  key: state/messages/sent/last-notification-error-subcode
  str_value: UNSPECIFIC
  key: state/messages/received/UPDATE
  uint_value: 0
  key: state/messages/received/NOTIFICATION
  uint_value: 0
  key: state/messages/received/last-notification-time
  uint_value: 0
  key: state/messages/received/last-notification-error-code
  str_value: NONE
  key: state/messages/received/last-notification-error-subcode
  str_value: UNSPECIFIC
  key: state/queues/input
  uint_value: 0
  key: state/queues/output
  uint_value: 0
  key: state/dynamically-configured
  bool_value: false
  key: state/session-status
  str_value: HALTED
  key: state/session-admin-status
  str_value: STOP
  key: state/interface-error
  bool_value: true
  key: state/import-eval-pending
  bool_value: false
  key: state/import-eval
  bool_value: false
  key: state/peer-group
  str_value: L3VPN-COLT-Schaffner-SG-THAI-VL108
  key: state/neighbor-address
  str_value: 100.65.65.169
  key: state/enabled
  bool_value: true
  key: timers/state/connect-retry
  str_value: 0.00
  key: timers/state/hold-time
  str_value: 90.00
  key: timers/state/keepalive-interval
  str_value: 30.00
  key: timers/state/minimum-advertisement-interval
  str_value: 0.00
  key: timers/state/negotiated-hold-time
  str_value: 0.00
  key: transport/state/tcp-mss
  uint_value: 0
  key: transport/state/mtu-discovery
  bool_value: false
  key: transport/state/passive-mode
  bool_value: false
  key: transport/state/local-address
  str_value: 100.65.65.170
  key: transport/state/local-port
  uint_value: 0
  key: transport/state/remote-address
  str_value: 100.65.65.169
  key: transport/state/remote-port
  uint_value: 0
  key: error-handling/state/treat-as-withdraw
  bool_value: false
  key: error-handling/state/erroneous-update-messages
  uint_value: 0
  key: logging-options/state/log-neighbor-state-changes
  bool_value: false
  key: ebgp-multihop/state/enabled
  bool_value: false
  key: ebgp-multihop/state/multihop-ttl
  uint_value: 0
  key: route-reflector/state/route-reflector-cluster-id
  str_value: zero-len
  key: route-reflector/state/route-reflector-client
  bool_value: false
  key: as-path-options/state/allow-own-as
  uint_value: 0
  key: as-path-options/state/replace-peer-as
  bool_value: false
  key: as-path-options/state/disable-peer-as-filter
  bool_value: false
  key: use-multiple-paths/state/enabled
  bool_value: false
  key: use-multiple-paths/ebgp/state/allow-multiple-as
  bool_value: false
  key: graceful-restart/state/enabled
  bool_value: false
  key: graceful-restart/state/restart-time
  uint_value: 120
  key: graceful-restart/state/stale-routes-time
  str_value: 300.00
  key: graceful-restart/state/helper-only
  bool_value: true
  key: graceful-restart/state/peer-restarting
  bool_value: false
  key: graceful-restart/state/local-restarting
  bool_value: false
  key: graceful-restart/state/mode
  str_value: HELPER_ONLY
  key: apply-policy/state/import-policy
  leaf_list_value: element:<leaflist_str_value:"RX-FROM-COLT-Schaffner-SG-THAI-VL108" > 
  key: apply-policy/state/export-policy
  leaf_list_value: element:<leaflist_str_value:"ADV-TO-COLT-Schaffner-SG-THAI-VL108" > 
  key: __prefix__
  str_value: /network-instances/network-instance[name='L3VPN-COLT-TEST-SGP-VL105']/protocols/protocol/bgp/neighbors/neighbor[neighbor-address='100.65.64.133']/
  key: snmp-peer-index
  uint_value: 142
  key: state/peer-as
  uint_value: 8220
  key: state/local-as
  uint_value: 45903
  key: state/peer-type
  str_value: EXTERNAL
  key: state/auth-password
  str_value: (null)
  key: state/route-flap-damping
  bool_value: false
  key: state/description
  str_value: (null)
  key: state/session-state
  str_value: IDLE
  key: state/last-established
  uint_value: 1694660108
  key: state/established-transitions
  uint_value: 0
  key: state/messages/sent/UPDATE
  uint_value: 0
  key: state/messages/sent/NOTIFICATION
  uint_value: 0
  key: state/messages/sent/last-notification-time
  uint_value: 0
  key: state/messages/sent/last-notification-error-subcode
  str_value: UNSPECIFIC
  key: state/messages/received/UPDATE
  uint_value: 0
  key: state/messages/received/NOTIFICATION
  uint_value: 0
  key: state/messages/received/last-notification-time
  uint_value: 0
  key: state/messages/received/last-notification-error-code
  str_value: NONE
  key: state/messages/received/last-notification-error-subcode
  str_value: UNSPECIFIC
  key: state/queues/input
  uint_value: 0
  key: state/queues/output
  uint_value: 0
  key: state/dynamically-configured
  bool_value: false
  key: state/session-status
  str_value: HALTED
  key: state/session-admin-status
  str_value: STOP
  key: state/interface-error
  bool_value: true
  key: state/import-eval-pending
  bool_value: false
  key: state/import-eval
  bool_value: false
  key: state/peer-group
  str_value: COLT-TEST-VL105
  key: state/neighbor-address
  str_value: 100.65.64.133
  key: state/enabled
  bool_value: true
  key: timers/state/connect-retry
  str_value: 0.00
  key: timers/state/hold-time
  str_value: 90.00
  key: timers/state/keepalive-interval
  str_value: 30.00
  key: timers/state/minimum-advertisement-interval
  str_value: 0.00
  key: timers/state/negotiated-hold-time
  str_value: 0.00
  key: transport/state/tcp-mss
  uint_value: 0
  key: transport/state/mtu-discovery
  bool_value: false
  key: transport/state/passive-mode
  bool_value: false
  key: transport/state/local-address
  str_value: unspecified
  key: transport/state/local-port
  uint_value: 0
  key: transport/state/remote-address
  str_value: 100.65.64.133
  key: transport/state/remote-port
  uint_value: 0
  key: error-handling/state/treat-as-withdraw
  bool_value: false
  key: error-handling/state/erroneous-update-messages
  uint_value: 0
  key: logging-options/state/log-neighbor-state-changes
  bool_value: false
  key: ebgp-multihop/state/enabled
  bool_value: false
  key: ebgp-multihop/state/multihop-ttl
  uint_value: 0
  key: route-reflector/state/route-reflector-cluster-id
  str_value: zero-len
  key: route-reflector/state/route-reflector-client
  bool_value: false
  key: as-path-options/state/allow-own-as
  uint_value: 0
  key: as-path-options/state/replace-peer-as
  bool_value: false
  key: as-path-options/state/disable-peer-as-filter
  bool_value: false
  key: use-multiple-paths/state/enabled
  bool_value: false
  key: use-multiple-paths/ebgp/state/allow-multiple-as
  bool_value: false
  key: __prefix__
  str_value: /network-instances/network-instance[name='L3VPN-COLT-TEST-SGP-VL105']/protocols/protocol/bgp/neighbors/neighbor[neighbor-address='100.65.64.133']/afi-safis/afi-safi[afi-safi-name='IPV4_UNICAST']/
  key: graceful-restart/state/enabled
  bool_value: true
  key: graceful-restart/state/received
  bool_value: false
  key: graceful-restart/state/advertised
  bool_value: false
  key: state/afi-safi-name
  str_value: IPV4_UNICAST
  key: state/enabled
  bool_value: true
  key: state/active
  bool_value: false
  key: state/prefixes/received
  uint_value: 0
  key: state/prefixes/sent
  uint_value: 0
  key: state/prefixes/installed
  uint_value: 0
  key: state/prefixes/accepted
  uint_value: 0
  key: state/prefix-limit-exceeded
  bool_value: false
  key: state/queues/input
  uint_value: 0
  key: state/queues/output
  uint_value: 0
  key: add-paths/state/receive
  bool_value: false
  key: add-paths/state/send
  bool_value: false
  key: add-paths/state/eligible-prefix-policy
  str_value: 
  key: ipv4-unicast/prefix-limit/state/max-prefixes
  uint_value: 0
  key: ipv4-unicast/prefix-limit/state/prevent-teardown
  bool_value: true
  key: ipv4-unicast/prefix-limit/state/shutdown-threshold-pct
  uint_value: 0
  key: ipv4-unicast/prefix-limit/state/restart-timer
  str_value: 0.00
  key: __prefix__
  str_value: /network-instances/network-instance[name='L3VPN-COLT-TEST-SGP-VL105']/protocols/protocol/bgp/neighbors/neighbor[neighbor-address='100.65.64.133']/
  key: graceful-restart/state/enabled
  bool_value: false
  key: graceful-restart/state/restart-time
  uint_value: 120
  key: graceful-restart/state/stale-routes-time
  str_value: 300.00
  key: graceful-restart/state/helper-only
  bool_value: true
  key: graceful-restart/state/peer-restarting
  bool_value: false
  key: graceful-restart/state/local-restarting
  bool_value: false
  key: graceful-restart/state/mode
  str_value: HELPER_ONLY
  key: apply-policy/state/import-policy
  leaf_list_value: element:<leaflist_str_value:"RX-FR-COLT-TEST-VL105" > 
  key: apply-policy/state/export-policy
  leaf_list_value: element:<leaflist_str_value:"ADV-TO-COLT-TEST-VL105" > 
  key: __prefix__
  str_value: /network-instances/network-instance[name='L3VPN-COLT-TEST-SGP-VL106']/protocols/protocol/bgp/neighbors/neighbor[neighbor-address='100.65.64.145']/
  key: snmp-peer-index
  uint_value: 143
  key: state/peer-as
  uint_value: 8220
  key: state/local-as
  uint_value: 45903
  key: state/peer-type
  str_value: EXTERNAL
  key: state/auth-password
  str_value: (null)
  key: state/route-flap-damping
  bool_value: false
  key: state/description
  str_value: (null)
  key: state/session-state
  str_value: IDLE
  key: state/last-established
  uint_value: 1694660108
  key: state/established-transitions
  uint_value: 0
  key: state/messages/sent/UPDATE
  uint_value: 0
  key: state/messages/sent/NOTIFICATION
  uint_value: 0
  key: state/messages/sent/last-notification-time
  uint_value: 0
  key: state/messages/sent/last-notification-error-subcode
  str_value: UNSPECIFIC
  key: state/messages/received/UPDATE
  uint_value: 0
  key: state/messages/received/NOTIFICATION
  uint_value: 0
  key: state/messages/received/last-notification-time
  uint_value: 0
  key: state/messages/received/last-notification-error-code
  str_value: NONE
  key: state/messages/received/last-notification-error-subcode
  str_value: UNSPECIFIC
  key: state/queues/input
  uint_value: 0
  key: state/queues/output
  uint_value: 0
  key: state/dynamically-configured
  bool_value: false
  key: state/session-status
  str_value: HALTED
  key: state/session-admin-status
  str_value: STOP
  key: state/interface-error
  bool_value: true
  key: state/import-eval-pending
  bool_value: false
  key: state/import-eval
  bool_value: false
  key: state/peer-group
  str_value: COLT-TEST-VL106
  key: state/neighbor-address
  str_value: 100.65.64.145
  key: state/enabled
  bool_value: true
  key: timers/state/connect-retry
  str_value: 0.00
  key: timers/state/hold-time
  str_value: 90.00
  key: timers/state/keepalive-interval
  str_value: 30.00
  key: timers/state/minimum-advertisement-interval
  str_value: 0.00
  key: timers/state/negotiated-hold-time
  str_value: 0.00
  key: transport/state/tcp-mss
  uint_value: 0
  key: transport/state/mtu-discovery
  bool_value: false
  key: transport/state/passive-mode
  bool_value: false
  key: transport/state/local-address
  str_value: unspecified
  key: transport/state/local-port
  uint_value: 0
  key: transport/state/remote-address
  str_value: 100.65.64.145
  key: transport/state/remote-port
  uint_value: 0
  key: error-handling/state/treat-as-withdraw
  bool_value: false
  key: error-handling/state/erroneous-update-messages
  uint_value: 0
  key: logging-options/state/log-neighbor-state-changes
  bool_value: false
  key: ebgp-multihop/state/enabled
  bool_value: false
  key: ebgp-multihop/state/multihop-ttl
  uint_value: 0
  key: route-reflector/state/route-reflector-cluster-id
  str_value: zero-len
  key: route-reflector/state/route-reflector-client
  bool_value: false
  key: as-path-options/state/allow-own-as
  uint_value: 0
  key: as-path-options/state/replace-peer-as
  bool_value: false
  key: as-path-options/state/disable-peer-as-filter
  bool_value: false
  key: use-multiple-paths/state/enabled
  bool_value: false
  key: use-multiple-paths/ebgp/state/allow-multiple-as
  bool_value: false
  key: __prefix__
  str_value: /network-instances/network-instance[name='L3VPN-COLT-TEST-SGP-VL106']/protocols/protocol/bgp/neighbors/neighbor[neighbor-address='100.65.64.145']/afi-safis/afi-safi[afi-safi-name='IPV4_UNICAST']/
  key: graceful-restart/state/enabled
  bool_value: true
  key: graceful-restart/state/received
  bool_value: false
  key: graceful-restart/state/advertised
  bool_value: false
  key: state/afi-safi-name
  str_value: IPV4_UNICAST
  key: state/enabled
  bool_value: true
  key: state/active
  bool_value: false
  key: state/prefixes/received
  uint_value: 0
  key: state/prefixes/sent
  uint_value: 0
  key: state/prefixes/installed
  uint_value: 0
  key: state/prefixes/accepted
  uint_value: 0
  key: state/prefix-limit-exceeded
  bool_value: false
  key: state/queues/input
  uint_value: 0
  key: state/queues/output
  uint_value: 0
  key: add-paths/state/receive
  bool_value: false
  key: add-paths/state/send
  bool_value: false
  key: add-paths/state/eligible-prefix-policy
  str_value: 
  key: ipv4-unicast/prefix-limit/state/max-prefixes
  uint_value: 0
  key: ipv4-unicast/prefix-limit/state/prevent-teardown
  bool_value: true
  key: ipv4-unicast/prefix-limit/state/shutdown-threshold-pct
  uint_value: 0
  key: ipv4-unicast/prefix-limit/state/restart-timer
  str_value: 0.00
  key: __prefix__
  str_value: /network-instances/network-instance[name='L3VPN-COLT-TEST-SGP-VL106']/protocols/protocol/bgp/neighbors/neighbor[neighbor-address='100.65.64.145']/
  key: graceful-restart/state/enabled
  bool_value: false
  key: graceful-restart/state/restart-time
  uint_value: 120
  key: graceful-restart/state/stale-routes-time
  str_value: 300.00
  key: graceful-restart/state/helper-only
  bool_value: true
  key: graceful-restart/state/peer-restarting
  bool_value: false
  key: graceful-restart/state/local-restarting
  bool_value: false
  key: graceful-restart/state/mode
  str_value: HELPER_ONLY
  key: apply-policy/state/import-policy
  leaf_list_value: element:<leaflist_str_value:"RX-FR-COLT-TEST-VL106" > 
  key: apply-policy/state/export-policy
  leaf_list_value: element:<leaflist_str_value:"ADV-TO-COLT-TEST-VL106" > 
  key: __prefix__
  str_value: /network-instances/network-instance[name='L3VPN-COLT-WFW-SG-HN-VL107']/protocols/protocol/bgp/neighbors/neighbor[neighbor-address='100.65.68.113']/
  key: snmp-peer-index
  uint_value: 144
  key: state/peer-as
  uint_value: 8220
  key: state/local-as
  uint_value: 45903
  key: state/peer-type
  str_value: EXTERNAL
  key: state/auth-password
  str_value: (null)
  key: state/route-flap-damping
  bool_value: false
  key: state/description
  str_value: (null)
  key: state/session-state
  str_value: IDLE
  key: state/last-established
  uint_value: 1694660108
  key: state/established-transitions
  uint_value: 0
  key: state/messages/sent/UPDATE
  uint_value: 0
  key: state/messages/sent/NOTIFICATION
  uint_value: 0
  key: state/messages/sent/last-notification-time
  uint_value: 0
  key: state/messages/sent/last-notification-error-subcode
  str_value: UNSPECIFIC
  key: state/messages/received/UPDATE
  uint_value: 0
  key: state/messages/received/NOTIFICATION
  uint_value: 0
  key: state/messages/received/last-notification-time
  uint_value: 0
  key: state/messages/received/last-notification-error-code
  str_value: NONE
  key: state/messages/received/last-notification-error-subcode
  str_value: UNSPECIFIC
  key: state/queues/input
  uint_value: 0
  key: state/queues/output
  uint_value: 0
  key: state/dynamically-configured
  bool_value: false
  key: state/session-status
  str_value: HALTED
  key: state/session-admin-status
  str_value: STOP
  key: state/interface-error
  bool_value: true
  key: state/import-eval-pending
  bool_value: false
  key: state/import-eval
  bool_value: false
  key: state/peer-group
  str_value: L3VPN-COLT-WFW-SG-HN-VL107
  key: state/neighbor-address
  str_value: 100.65.68.113
  key: state/enabled
  bool_value: true
  key: timers/state/connect-retry
  str_value: 0.00
  key: timers/state/hold-time
  str_value: 90.00
  key: timers/state/keepalive-interval
  str_value: 30.00
  key: timers/state/minimum-advertisement-interval
  str_value: 0.00
  key: timers/state/negotiated-hold-time
  str_value: 0.00
  key: transport/state/tcp-mss
  uint_value: 0
  key: transport/state/mtu-discovery
  bool_value: false
  key: transport/state/passive-mode
  bool_value: false
  key: transport/state/local-address
  str_value: 100.65.68.114
  key: transport/state/local-port
  uint_value: 0
  key: transport/state/remote-address
  str_value: 100.65.68.113
  key: transport/state/remote-port
  uint_value: 0
  key: error-handling/state/treat-as-withdraw
  bool_value: false
  key: error-handling/state/erroneous-update-messages
  uint_value: 0
  key: logging-options/state/log-neighbor-state-changes
  bool_value: false
  key: ebgp-multihop/state/enabled
  bool_value: false
  key: ebgp-multihop/state/multihop-ttl
  uint_value: 0
  key: route-reflector/state/route-reflector-cluster-id
  str_value: zero-len
  key: route-reflector/state/route-reflector-client
  bool_value: false
  key: as-path-options/state/allow-own-as
  uint_value: 0
  key: as-path-options/state/replace-peer-as
  bool_value: false
  key: as-path-options/state/disable-peer-as-filter
  bool_value: false
  key: use-multiple-paths/state/enabled
  bool_value: false
  key: use-multiple-paths/ebgp/state/allow-multiple-as
  bool_value: false
  key: graceful-restart/state/enabled
  bool_value: false
  key: graceful-restart/state/restart-time
  uint_value: 120
  key: graceful-restart/state/stale-routes-time
  str_value: 300.00
  key: graceful-restart/state/helper-only
  bool_value: true
  key: graceful-restart/state/peer-restarting
  bool_value: false
  key: graceful-restart/state/local-restarting
  bool_value: false
  key: graceful-restart/state/mode
  str_value: HELPER_ONLY
  key: apply-policy/state/import-policy
  leaf_list_value: element:<leaflist_str_value:"RX-FROM-COLT-WFW-SG-HN-VL107" > 
  key: apply-policy/state/export-policy
  leaf_list_value: element:<leaflist_str_value:"ADV-TO-COLT-WFW-SG-HN-VL107" > 
  key: __prefix__
  str_value: /network-instances/network-instance[name='L3VPN-GGCLOUD-FOSTER-VL1103']/protocols/protocol/bgp/neighbors/neighbor[neighbor-address='169.254.122.89']/
  key: snmp-peer-index
  uint_value: 145
  key: state/peer-as
  uint_value: 16550
  key: state/local-as
  uint_value: 45903
  key: state/peer-type
  str_value: EXTERNAL
  key: state/auth-password
  str_value: (null)
  key: state/route-flap-damping
  bool_value: false
  key: state/description
  str_value: (null)
  key: state/session-state
  str_value: IDLE
  key: state/last-established
  uint_value: 1694660108
  key: state/established-transitions
  uint_value: 0
  key: state/messages/sent/UPDATE
  uint_value: 0
  key: state/messages/sent/NOTIFICATION
  uint_value: 0
  key: state/messages/sent/last-notification-time
  uint_value: 0
  key: state/messages/sent/last-notification-error-subcode
  str_value: UNSPECIFIC
  key: state/messages/received/UPDATE
  uint_value: 0
  key: state/messages/received/NOTIFICATION
  uint_value: 0
  key: state/messages/received/last-notification-time
  uint_value: 0
  key: state/messages/received/last-notification-error-code
  str_value: NONE
  key: state/messages/received/last-notification-error-subcode
  str_value: UNSPECIFIC
  key: state/queues/input
  uint_value: 0
  key: state/queues/output
  uint_value: 0
  key: state/dynamically-configured
  bool_value: false
  key: state/session-status
  str_value: HALTED
  key: state/session-admin-status
  str_value: STOP
  key: state/interface-error
  bool_value: true
  key: state/import-eval-pending
  bool_value: false
  key: state/import-eval
  bool_value: false
  key: state/peer-group
  str_value: GGCLOUD-FOSTER-VL1103
  key: state/neighbor-address
  str_value: 169.254.122.89
  key: state/enabled
  bool_value: true
  key: timers/state/connect-retry
  str_value: 0.00
  key: timers/state/hold-time
  str_value: 90.00
  key: timers/state/keepalive-interval
  str_value: 30.00
  key: timers/state/minimum-advertisement-interval
  str_value: 0.00
  key: timers/state/negotiated-hold-time
  str_value: 0.00
  key: transport/state/tcp-mss
  uint_value: 0
  key: transport/state/mtu-discovery
  bool_value: false
  key: transport/state/passive-mode
  bool_value: false
  key: transport/state/local-address
  str_value: 169.254.122.90
  key: transport/state/local-port
  uint_value: 0
  key: transport/state/remote-address
  str_value: 169.254.122.89
  key: transport/state/remote-port
  uint_value: 0
  key: error-handling/state/treat-as-withdraw
  bool_value: false
  key: error-handling/state/erroneous-update-messages
  uint_value: 0
  key: logging-options/state/log-neighbor-state-changes
  bool_value: false
  key: ebgp-multihop/state/enabled
  bool_value: true
  key: ebgp-multihop/state/multihop-ttl
  uint_value: 4
  key: route-reflector/state/route-reflector-cluster-id
  str_value: zero-len
  key: route-reflector/state/route-reflector-client
  bool_value: false
  key: as-path-options/state/allow-own-as
  uint_value: 0
  key: as-path-options/state/replace-peer-as
  bool_value: false
  key: as-path-options/state/disable-peer-as-filter
  bool_value: false
  key: use-multiple-paths/state/enabled
  bool_value: false
  key: use-multiple-paths/ebgp/state/allow-multiple-as
  bool_value: false
  key: graceful-restart/state/enabled
  bool_value: false
  key: graceful-restart/state/restart-time
  uint_value: 120
  key: graceful-restart/state/stale-routes-time
  str_value: 300.00
  key: graceful-restart/state/helper-only
  bool_value: true
  key: graceful-restart/state/peer-restarting
  bool_value: false
  key: graceful-restart/state/local-restarting
  bool_value: false
  key: graceful-restart/state/mode
  str_value: HELPER_ONLY
system_id: SGP001IGR04
component_id: 65535
sub_component_id: 0
path: sensor_1004:/network-instances/network-instance/protocols/protocol/bgp/neighbors/neighbor/:/network-instances/network-instance/protocols/protocol/bgp/neighbors/neighbor/:rpd
sequence_number: 23
timestamp: 1695289072547
sync_response: false
  key: __timestamp__
  uint_value: 1695289072547
  key: __junos_re_stream_creation_timestamp__
  uint_value: 1695289069611
  key: __junos_re_payload_get_timestamp__
  uint_value: 1695289072535
  key: apply-policy/state/import-policy
  leaf_list_value: element:<leaflist_str_value:"RX-FOSTER" > 
  key: __prefix__
  str_value: /network-instances/network-instance[name='L3VPN-GGCLOUD-FOSTER-VL1103']/protocols/protocol/bgp/neighbors/neighbor[neighbor-address='169.254.122.89']/
  key: apply-policy/state/export-policy
  leaf_list_value: element:<leaflist_str_value:"ADV-FOSTER" > 
  key: __prefix__
  str_value: /network-instances/network-instance[name='L3VPN-NNI-TEST']/protocols/protocol/bgp/neighbors/neighbor[neighbor-address='192.168.210.10']/
  key: snmp-peer-index
  uint_value: 146
  key: state/peer-as
  uint_value: 64513
  key: state/local-as
  uint_value: 45903
  key: state/peer-type
  str_value: EXTERNAL
  key: state/auth-password
  str_value: (null)
  key: state/route-flap-damping
  bool_value: false
  key: state/description
  str_value: (null)
  key: state/session-state
  str_value: IDLE
  key: state/last-established
  uint_value: 1694660108
  key: state/established-transitions
  uint_value: 0
  key: state/messages/sent/UPDATE
  uint_value: 0
  key: state/messages/sent/NOTIFICATION
  uint_value: 0
  key: state/messages/sent/last-notification-time
  uint_value: 0
  key: state/messages/sent/last-notification-error-subcode
  str_value: UNSPECIFIC
  key: state/messages/received/UPDATE
  uint_value: 0
  key: state/messages/received/NOTIFICATION
  uint_value: 0
  key: state/messages/received/last-notification-time
  uint_value: 0
  key: state/messages/received/last-notification-error-code
  str_value: NONE
  key: state/messages/received/last-notification-error-subcode
  str_value: UNSPECIFIC
  key: state/queues/input
  uint_value: 0
  key: state/queues/output
  uint_value: 0
  key: state/dynamically-configured
  bool_value: false
  key: state/session-status
  str_value: HALTED
  key: state/session-admin-status
  str_value: STOP
  key: state/interface-error
  bool_value: true
  key: state/import-eval-pending
  bool_value: false
  key: state/import-eval
  bool_value: false
  key: state/peer-group
  str_value: TEST
  key: state/neighbor-address
  str_value: 192.168.210.10
  key: state/enabled
  bool_value: true
  key: timers/state/connect-retry
  str_value: 0.00
  key: timers/state/hold-time
  str_value: 90.00
  key: timers/state/keepalive-interval
  str_value: 30.00
  key: timers/state/minimum-advertisement-interval
  str_value: 0.00
  key: timers/state/negotiated-hold-time
  str_value: 0.00
  key: transport/state/tcp-mss
  uint_value: 0
  key: transport/state/mtu-discovery
  bool_value: false
  key: transport/state/passive-mode
  bool_value: false
  key: transport/state/local-address
  str_value: 192.168.210.9
  key: transport/state/local-port
  uint_value: 0
  key: transport/state/remote-address
  str_value: 192.168.210.10
  key: transport/state/remote-port
  uint_value: 0
  key: error-handling/state/treat-as-withdraw
  bool_value: false
  key: error-handling/state/erroneous-update-messages
  uint_value: 0
  key: logging-options/state/log-neighbor-state-changes
  bool_value: false
  key: ebgp-multihop/state/enabled
  bool_value: false
  key: ebgp-multihop/state/multihop-ttl
  uint_value: 0
  key: route-reflector/state/route-reflector-cluster-id
  str_value: zero-len
  key: route-reflector/state/route-reflector-client
  bool_value: false
  key: as-path-options/state/allow-own-as
  uint_value: 0
  key: as-path-options/state/replace-peer-as
  bool_value: false
  key: as-path-options/state/disable-peer-as-filter
  bool_value: false
  key: use-multiple-paths/state/enabled
  bool_value: false
  key: use-multiple-paths/ebgp/state/allow-multiple-as
  bool_value: false
  key: graceful-restart/state/enabled
  bool_value: false
  key: graceful-restart/state/restart-time
  uint_value: 120
  key: graceful-restart/state/stale-routes-time
  str_value: 300.00
  key: graceful-restart/state/helper-only
  bool_value: true
  key: graceful-restart/state/peer-restarting
  bool_value: false
  key: graceful-restart/state/local-restarting
  bool_value: false
  key: graceful-restart/state/mode
  str_value: HELPER_ONLY
  key: apply-policy/state/import-policy
  leaf_list_value: element:<leaflist_str_value:"RX-FR-L3VPN-AWS-TEST-VL2000" > 
  key: apply-policy/state/export-policy
  leaf_list_value: element:<leaflist_str_value:"ADV-To-L3VPN-AWS-TEST-VL2000" > 
  key: __prefix__
  str_value: /network-instances/network-instance[name='L3VPN-NNI-Vin3S-VL1102']/protocols/protocol/bgp/neighbors/neighbor[neighbor-address='169.254.4.177']/
  key: snmp-peer-index
  uint_value: 147
  key: state/peer-as
  uint_value: 16550
  key: state/local-as
  uint_value: 45903
  key: state/peer-type
  str_value: EXTERNAL
  key: state/auth-password
  str_value: (null)
  key: state/route-flap-damping
  bool_value: false
  key: state/description
  str_value: (null)
  key: state/session-state
  str_value: IDLE
  key: state/last-established
  uint_value: 1694660108
  key: state/established-transitions
  uint_value: 0
  key: state/messages/sent/UPDATE
  uint_value: 0
  key: state/messages/sent/NOTIFICATION
  uint_value: 0
  key: state/messages/sent/last-notification-time
  uint_value: 0
  key: state/messages/sent/last-notification-error-subcode
  str_value: UNSPECIFIC
  key: state/messages/received/UPDATE
  uint_value: 0
  key: state/messages/received/NOTIFICATION
  uint_value: 0
  key: state/messages/received/last-notification-time
  uint_value: 0
  key: state/messages/received/last-notification-error-code
  str_value: NONE
  key: state/messages/received/last-notification-error-subcode
  str_value: UNSPECIFIC
  key: state/queues/input
  uint_value: 0
  key: state/queues/output
  uint_value: 0
  key: state/dynamically-configured
  bool_value: false
  key: state/session-status
  str_value: HALTED
  key: state/session-admin-status
  str_value: STOP
  key: state/interface-error
  bool_value: true
  key: state/import-eval-pending
  bool_value: false
  key: state/import-eval
  bool_value: false
  key: state/peer-group
  str_value: VIN3S-VL1102
  key: state/neighbor-address
  str_value: 169.254.4.177
  key: state/enabled
  bool_value: true
  key: timers/state/connect-retry
  str_value: 0.00
  key: timers/state/hold-time
  str_value: 90.00
  key: timers/state/keepalive-interval
  str_value: 30.00
  key: timers/state/minimum-advertisement-interval
  str_value: 0.00
  key: timers/state/negotiated-hold-time
  str_value: 0.00
  key: transport/state/tcp-mss
  uint_value: 0
  key: transport/state/mtu-discovery
  bool_value: false
  key: transport/state/passive-mode
  bool_value: false
  key: transport/state/local-address
  str_value: 169.254.4.178
  key: transport/state/local-port
  uint_value: 0
  key: transport/state/remote-address
  str_value: 169.254.4.177
  key: transport/state/remote-port
  uint_value: 0
  key: error-handling/state/treat-as-withdraw
  bool_value: false
  key: error-handling/state/erroneous-update-messages
  uint_value: 0
  key: logging-options/state/log-neighbor-state-changes
  bool_value: false
  key: ebgp-multihop/state/enabled
  bool_value: false
  key: ebgp-multihop/state/multihop-ttl
  uint_value: 0
  key: route-reflector/state/route-reflector-cluster-id
  str_value: zero-len
  key: route-reflector/state/route-reflector-client
  bool_value: false
  key: as-path-options/state/allow-own-as
  uint_value: 0
  key: as-path-options/state/replace-peer-as
  bool_value: false
  key: as-path-options/state/disable-peer-as-filter
  bool_value: false
  key: use-multiple-paths/state/enabled
  bool_value: false
  key: use-multiple-paths/ebgp/state/allow-multiple-as
  bool_value: false
  key: __prefix__
  str_value: /network-instances/network-instance[name='L3VPN-NNI-Vin3S-VL1102']/protocols/protocol/bgp/neighbors/neighbor[neighbor-address='169.254.4.177']/afi-safis/afi-safi[afi-safi-name='IPV4_UNICAST']/
  key: graceful-restart/state/enabled
  bool_value: true
  key: graceful-restart/state/received
  bool_value: false
  key: graceful-restart/state/advertised
  bool_value: false
  key: state/afi-safi-name
  str_value: IPV4_UNICAST
  key: state/enabled
  bool_value: true
  key: state/active
  bool_value: false
  key: state/prefixes/received
  uint_value: 0
  key: state/prefixes/sent
  uint_value: 0
  key: state/prefixes/installed
  uint_value: 0
  key: state/prefixes/accepted
  uint_value: 0
  key: state/prefix-limit-exceeded
  bool_value: false
  key: state/queues/input
  uint_value: 0
  key: state/queues/output
  uint_value: 0
  key: add-paths/state/receive
  bool_value: false
  key: add-paths/state/send
  bool_value: false
  key: add-paths/state/eligible-prefix-policy
  str_value: 
  key: ipv4-unicast/prefix-limit/state/max-prefixes
  uint_value: 0
  key: ipv4-unicast/prefix-limit/state/prevent-teardown
  bool_value: true
  key: ipv4-unicast/prefix-limit/state/shutdown-threshold-pct
  uint_value: 0
  key: ipv4-unicast/prefix-limit/state/restart-timer
  str_value: 0.00
  key: __prefix__
  str_value: /network-instances/network-instance[name='L3VPN-NNI-Vin3S-VL1102']/protocols/protocol/bgp/neighbors/neighbor[neighbor-address='169.254.4.177']/
  key: graceful-restart/state/enabled
  bool_value: false
  key: graceful-restart/state/restart-time
  uint_value: 120
  key: graceful-restart/state/stale-routes-time
  str_value: 300.00
  key: graceful-restart/state/helper-only
  bool_value: true
  key: graceful-restart/state/peer-restarting
  bool_value: false
  key: graceful-restart/state/local-restarting
  bool_value: false
  key: graceful-restart/state/mode
  str_value: HELPER_ONLY
  key: apply-policy/state/import-policy
  leaf_list_value: element:<leaflist_str_value:"RX-FR-VIN3S-VL1102" > 
  key: apply-policy/state/export-policy
  leaf_list_value: element:<leaflist_str_value:"ADV-FR-VIN3S-VL1102" > 
Streaming for host 192.168.3.241 will be stopped (SIGINT)
Returns subscribe() ::: test_MX204_1.json CODE :::  2
